game_id,market_provider,event_id,provider_commence_time_utc,home_team,away_team,kickoff_timestamp_utc,available_horizons,missing_horizons,complete_horizons,strict_no_later_than_cutoff,research_only,production_authorized,completed_2026_outcomes_used,market_home_prob_t120,home_spread_t120,total_points_t120,probability_range_t120,source_count_t120,max_freshness_minutes_t120,request_timestamp_utc_t120,timing_error_minutes_t120,market_home_prob_t60,home_spread_t60,total_points_t60,probability_range_t60,source_count_t60,max_freshness_minutes_t60,request_timestamp_utc_t60,timing_error_minutes_t60,market_home_prob_t45,home_spread_t45,total_points_t45,probability_range_t45,source_count_t45,max_freshness_minutes_t45,request_timestamp_utc_t45,timing_error_minutes_t45,market_home_prob_t30,home_spread_t30,total_points_t30,probability_range_t30,source_count_t30,max_freshness_minutes_t30,request_timestamp_utc_t30,timing_error_minutes_t30,home_probability_t60_minus_t120,home_probability_pp_t60_minus_t120,home_logit_t60_minus_t120,home_spread_t60_minus_t120,total_points_t60_minus_t120,probability_range_t60_minus_t120,book_common_count_t60_minus_t120,book_overlap_fraction_t60_minus_t120,book_home_move_share_t60_minus_t120,book_away_move_share_t60_minus_t120,book_unchanged_share_t60_minus_t120,book_movement_breadth_t60_minus_t120,book_median_probability_change_pp_t60_minus_t120,book_median_logit_change_t60_minus_t120,home_probability_t45_minus_t120,home_probability_pp_t45_minus_t120,home_logit_t45_minus_t120,home_spread_t45_minus_t120,total_points_t45_minus_t120,probability_range_t45_minus_t120,book_common_count_t45_minus_t120,book_overlap_fraction_t45_minus_t120,book_home_move_share_t45_minus_t120,book_away_move_share_t45_minus_t120,book_unchanged_share_t45_minus_t120,book_movement_breadth_t45_minus_t120,book_median_probability_change_pp_t45_minus_t120,book_median_logit_change_t45_minus_t120,home_probability_t30_minus_t120,home_probability_pp_t30_minus_t120,home_logit_t30_minus_t120,home_spread_t30_minus_t120,total_points_t30_minus_t120,probability_range_t30_minus_t120,book_common_count_t30_minus_t120,book_overlap_fraction_t30_minus_t120,book_home_move_share_t30_minus_t120,book_away_move_share_t30_minus_t120,book_unchanged_share_t30_minus_t120,book_movement_breadth_t30_minus_t120,book_median_probability_change_pp_t30_minus_t120,book_median_logit_change_t30_minus_t120,home_probability_t45_minus_t60,home_probability_pp_t45_minus_t60,home_logit_t45_minus_t60,home_spread_t45_minus_t60,total_points_t45_minus_t60,probability_range_t45_minus_t60,book_common_count_t45_minus_t60,book_overlap_fraction_t45_minus_t60,book_home_move_share_t45_minus_t60,book_away_move_share_t45_minus_t60,book_unchanged_share_t45_minus_t60,book_movement_breadth_t45_minus_t60,book_median_probability_change_pp_t45_minus_t60,book_median_logit_change_t45_minus_t60,home_probability_t30_minus_t60,home_probability_pp_t30_minus_t60,home_logit_t30_minus_t60,home_spread_t30_minus_t60,total_points_t30_minus_t60,probability_range_t30_minus_t60,book_common_count_t30_minus_t60,book_overlap_fraction_t30_minus_t60,book_home_move_share_t30_minus_t60,book_away_move_share_t30_minus_t60,book_unchanged_share_t30_minus_t60,book_movement_breadth_t30_minus_t60,book_median_probability_change_pp_t30_minus_t60,book_median_logit_change_t30_minus_t60,home_probability_t30_minus_t45,home_probability_pp_t30_minus_t45,home_logit_t30_minus_t45,home_spread_t30_minus_t45,total_points_t30_minus_t45,probability_range_t30_minus_t45,book_common_count_t30_minus_t45,book_overlap_fraction_t30_minus_t45,book_home_move_share_t30_minus_t45,book_away_move_share_t30_minus_t45,book_unchanged_share_t30_minus_t45,book_movement_breadth_t30_minus_t45,book_median_probability_change_pp_t30_minus_t45,book_median_logit_change_t30_minus_t45
2026_03_CAR_CLE,propline,32657,2026-09-27T17:00:00+00:00,CLE,CAR,2026-09-27T17:00:00+00:00,T-120m,T-60m|T-45m|T-30m,False,True,True,False,0,0.4572564612326044,1.5,41.5,0.04521571524967838,20,2.7329723,2026-09-27T14:56:14.420101+00:00,-3.7596649833333333,,,,,,,,,,,,,,,,,,,,,,,,,,,,,,,0,0.0,,,,,,,,,,,,,0,0.0,,,,,,,,,,,,,0,0.0,,,,,,,,,,,,,0,,,,,,,,,,,,,,0,,,,,,,,,,,,,,0,,,,,,,
2026_03_CIN_PIT,propline,32649,2026-09-27T17:00:00+00:00,PIT,CIN,2026-09-27T17:00:00+00:00,T-120m,T-60m|T-45m|T-30m,False,True,True,False,0,0.3862851646175487,3.0,42.5,0.04796537532032291,20,2.7496737666666666,2026-09-27T14:56:14.420101+00:00,-3.7596649833333333,,,,,,,,,,,,,,,,,,,,,,,,,,,,,,,0,0.0,,,,,,,,,,,,,0,0.0,,,,,,,,,,,,,0,0.0,,,,,,,,,,,,,0,,,,,,,,,,,,,,0,,,,,,,,,,,,,,0,,,,,,,
2026_03_HOU_IND,propline,32654,2026-09-27T17:00:00+00:00,IND,HOU,2026-09-27T17:00:00+00:00,T-120m,T-60m|T-45m|T-30m,False,True,True,False,0,0.4675324675324675,1.5,42.5,0.01620407965338111,20,2.7607209833333335,2026-09-27T14:56:14.420101+00:00,-3.7596649833333333,,,,,,,,,,,,,,,,,,,,,,,,,,,,,,,0,0.0,,,,,,,,,,,,,0,0.0,,,,,,,,,,,,,0,0.0,,,,,,,,,,,,,0,,,,,,,,,,,,,,0,,,,,,,,,,,,,,0,,,,,,,
2026_03_KC_MIA,propline,32650,2026-09-27T17:00:00+00:00,MIA,KC,2026-09-27T17:00:00+00:00,T-120m,T-60m|T-45m|T-30m,False,True,True,False,0,0.17330361391437457,9.5,45.0,0.031232078392307294,20,2.745967016666667,2026-09-27T14:56:14.420101+00:00,-3.7596649833333333,,,,,,,,,,,,,,,,,,,,,,,,,,,,,,,0,0.0,,,,,,,,,,,,,0,0.0,,,,,,,,,,,,,0,0.0,,,,,,,,,,,,,0,,,,,,,,,,,,,,0,,,,,,,,,,,,,,0,,,,,,,
2026_03_LAC_BUF,propline,32655,2026-09-27T17:00:00+00:00,BUF,LAC,2026-09-27T17:00:00+00:00,T-120m,T-60m|T-45m|T-30m,False,True,True,False,0,0.7446808510638298,-7.0,50.0,0.036569037419721395,19,2.7359144666666664,2026-09-27T14:56:14.420101+00:00,-3.7596649833333333,,,,,,,,,,,,,,,,,,,,,,,,,,,,,,,0,0.0,,,,,,,,,,,,,0,0.0,,,,,,,,,,,,,0,0.0,,,,,,,,,,,,,0,,,,,,,,,,,,,,0,,,,,,,,,,,,,,0,,,,,,,
2026_03_NE_JAX,propline,32651,2026-09-27T17:00:00+00:00,JAX,NE,2026-09-27T17:00:00+00:00,T-120m,T-60m|T-45m|T-30m,False,True,True,False,0,0.5833260423410818,-2.5,45.5,0.05095436684998356,20,2.74335045,2026-09-27T14:56:14.420101+00:00,-3.7596649833333333,,,,,,,,,,,,,,,,,,,,,,,,,,,,,,,0,0.0,,,,,,,,,,,,,0,0.0,,,,,,,,,,,,,0,0.0,,,,,,,,,,,,,0,,,,,,,,,,,,,,0,,,,,,,,,,,,,,0,,,,,,,
2026_03_NYJ_DET,propline,32656,2026-09-27T17:00:00+00:00,DET,NYJ,2026-09-27T17:00:00+00:00,T-120m,T-60m|T-45m|T-30m,False,True,True,False,0,0.7264931992903608,-6.5,48.5,0.01635995216582531,20,2.804970416666667,2026-09-27T14:56:14.420101+00:00,-3.7596649833333333,,,,,,,,,,,,,,,,,,,,,,,,,,,,,,,0,0.0,,,,,,,,,,,,,0,0.0,,,,,,,,,,,,,0,0.0,,,,,,,,,,,,,0,,,,,,,,,,,,,,0,,,,,,,,,,,,,,0,,,,,,,
2026_03_SEA_WAS,propline,32652,2026-09-27T17:00:00+00:00,WAS,SEA,2026-09-27T17:00:00+00:00,T-120m,T-60m|T-45m|T-30m,False,True,True,False,0,0.22727272727272727,8.5,40.5,0.02644024075666379,19,2.7535867666666665,2026-09-27T14:56:14.420101+00:00,-3.7596649833333333,,,,,,,,,,,,,,,,,,,,,,,,,,,,,,,0,0.0,,,,,,,,,,,,,0,0.0,,,,,,,,,,,,,0,0.0,,,,,,,,,,,,,0,,,,,,,,,,,,,,0,,,,,,,,,,,,,,0,,,,,,,
2026_03_TEN_NYG,propline,32653,2026-09-27T17:00:00+00:00,NYG,TEN,2026-09-27T17:00:00+00:00,T-120m,T-60m|T-45m|T-30m,False,True,True,False,0,0.552594002855783,-2.5,37.5,0.019386894231928964,20,2.7512453333333338,2026-09-27T14:56:14.420101+00:00,-3.7596649833333333,,,,,,,,,,,,,,,,,,,,,,,,,,,,,,,0,0.0,,,,,,,,,,,,,0,0.0,,,,,,,,,,,,,0,0.0,,,,,,,,,,,,,0,,,,,,,,,,,,,,0,,,,,,,,,,,,,,0,,,,,,,
