ledger_version,game_id,season,week,home_team,away_team,kickoff_timestamp_utc,horizon,horizon_minutes,target_timestamp_utc,market_snapshot_request_timestamp_utc,market_timing_error_minutes,market_home_prob,market_source_count,market_source_names,market_probability_range,market_max_freshness_minutes,market_event_id,generated_at_utc,generation_mode,research_only,production_authorized,completed_2026_outcomes_used,candidate_id,candidate_family,pure_home_prob,pure_source_lock_timestamp_utc,pure_source_model_version,pure_source_fst_artifact_id,fst_training_data_sha256,fst_freeze_implementation_sha,final_home_prob,pick,input_digest_sha256
LEVLINE4-HORIZON-SHADOW-V1,2026_03_CAR_CLE,,,CLE,CAR,2026-09-27T17:00:00+00:00,T-120m,120,2026-09-27T15:00:00+00:00,2026-09-27T14:56:14.420101+00:00,-3.759664983333333,0.4572564612326044,20,betmgm|betonlineag|betrivers|betus|betway|bovada|courtside|fanatics|fanduel|hardrock|kalshi|lowvig|marathon|novig|onexbet|pinnacle|polymarket_us|prophetx|rebet|tab_au,0.0452157152496783,2.7329723,32657,2026-09-27T14:56:20.291265+00:00,prospective_exact_replay,True,False,0,L4-MKT-H-V1,same_horizon_market_consensus,,,,,,,0.4572564612326044,CAR,95899f3f85de73d6d83189eda161558a97872f10b1447a4611aae3f63be37320
LEVLINE4-HORIZON-SHADOW-V1,2026_03_CIN_PIT,,,PIT,CIN,2026-09-27T17:00:00+00:00,T-120m,120,2026-09-27T15:00:00+00:00,2026-09-27T14:56:14.420101+00:00,-3.759664983333333,0.3862851646175487,20,betmgm|betonlineag|betrivers|betus|betway|bovada|courtside|fanatics|fanduel|hardrock|kalshi|lowvig|marathon|novig|onexbet|pinnacle|polymarket_us|prophetx|rebet|tab_au,0.0479653753203229,2.749673766666666,32649,2026-09-27T14:56:20.291265+00:00,prospective_exact_replay,True,False,0,L4-MKT-H-V1,same_horizon_market_consensus,,,,,,,0.3862851646175487,CIN,201762a5491740f5625f1d01c3c8db890519b2cabf94f858e2aa693cbac233dc
LEVLINE4-HORIZON-SHADOW-V1,2026_03_HOU_IND,,,IND,HOU,2026-09-27T17:00:00+00:00,T-120m,120,2026-09-27T15:00:00+00:00,2026-09-27T14:56:14.420101+00:00,-3.759664983333333,0.4675324675324675,20,betmgm|betonlineag|betrivers|betus|betway|bovada|courtside|fanatics|fanduel|hardrock|kalshi|lowvig|marathon|novig|onexbet|pinnacle|polymarket_us|prophetx|rebet|tab_au,0.0162040796533811,2.760720983333333,32654,2026-09-27T14:56:20.291265+00:00,prospective_exact_replay,True,False,0,L4-MKT-H-V1,same_horizon_market_consensus,,,,,,,0.4675324675324675,HOU,42d9cdc39516bb504cbae85d5fa20e1fc7758c64b45fa4514dac6b1e4d58607d
LEVLINE4-HORIZON-SHADOW-V1,2026_03_KC_MIA,,,MIA,KC,2026-09-27T17:00:00+00:00,T-120m,120,2026-09-27T15:00:00+00:00,2026-09-27T14:56:14.420101+00:00,-3.759664983333333,0.1733036139143745,20,betmgm|betonlineag|betrivers|betus|betway|bovada|courtside|fanatics|fanduel|hardrock|kalshi|lowvig|marathon|novig|onexbet|pinnacle|polymarket_us|prophetx|rebet|tab_au,0.0312320783923072,2.745967016666667,32650,2026-09-27T14:56:20.291265+00:00,prospective_exact_replay,True,False,0,L4-MKT-H-V1,same_horizon_market_consensus,,,,,,,0.1733036139143745,KC,a968aed4ea6dcd49eebb525cda2d8965904f28534215577d129161003ff6f81c
LEVLINE4-HORIZON-SHADOW-V1,2026_03_LAC_BUF,,,BUF,LAC,2026-09-27T17:00:00+00:00,T-120m,120,2026-09-27T15:00:00+00:00,2026-09-27T14:56:14.420101+00:00,-3.759664983333333,0.7446808510638298,19,betmgm|betonlineag|betrivers|betus|betway|bovada|courtside|fanatics|fanduel|hardrock|kalshi|lowvig|marathon|novig|onexbet|pinnacle|polymarket_us|prophetx|rebet,0.0365690374197213,2.7359144666666664,32655,2026-09-27T14:56:20.291265+00:00,prospective_exact_replay,True,False,0,L4-MKT-H-V1,same_horizon_market_consensus,,,,,,,0.7446808510638298,BUF,9b297434ecaeb34f782811b388bf300278305d7748fa92de17adde3f5f8ae524
LEVLINE4-HORIZON-SHADOW-V1,2026_03_NE_JAX,,,JAX,NE,2026-09-27T17:00:00+00:00,T-120m,120,2026-09-27T15:00:00+00:00,2026-09-27T14:56:14.420101+00:00,-3.759664983333333,0.5833260423410818,20,betmgm|betonlineag|betrivers|betus|betway|bovada|courtside|fanatics|fanduel|hardrock|kalshi|lowvig|marathon|novig|onexbet|pinnacle|polymarket_us|prophetx|rebet|tab_au,0.0509543668499835,2.74335045,32651,2026-09-27T14:56:20.291265+00:00,prospective_exact_replay,True,False,0,L4-MKT-H-V1,same_horizon_market_consensus,,,,,,,0.5833260423410818,JAX,e12a1fbac058f8858bd87059a8da11452e2cf41730a57690b69a4bc4fe1980aa
LEVLINE4-HORIZON-SHADOW-V1,2026_03_NYJ_DET,,,DET,NYJ,2026-09-27T17:00:00+00:00,T-120m,120,2026-09-27T15:00:00+00:00,2026-09-27T14:56:14.420101+00:00,-3.759664983333333,0.7264931992903608,20,betmgm|betonlineag|betrivers|betus|betway|bovada|courtside|fanatics|fanduel|hardrock|kalshi|lowvig|marathon|novig|onexbet|pinnacle|polymarket_us|prophetx|rebet|tab_au,0.0163599521658253,2.804970416666667,32656,2026-09-27T14:56:20.291265+00:00,prospective_exact_replay,True,False,0,L4-MKT-H-V1,same_horizon_market_consensus,,,,,,,0.7264931992903608,DET,9b0592b92277010f30d237c0db517baaadb0e895c10f787cb35db073dda79048
LEVLINE4-HORIZON-SHADOW-V1,2026_03_SEA_WAS,,,WAS,SEA,2026-09-27T17:00:00+00:00,T-120m,120,2026-09-27T15:00:00+00:00,2026-09-27T14:56:14.420101+00:00,-3.759664983333333,0.2272727272727272,19,betmgm|betonlineag|betrivers|betus|betway|bovada|courtside|fanatics|fanduel|hardrock|kalshi|lowvig|marathon|novig|onexbet|pinnacle|polymarket_us|prophetx|rebet,0.0264402407566637,2.7535867666666665,32652,2026-09-27T14:56:20.291265+00:00,prospective_exact_replay,True,False,0,L4-MKT-H-V1,same_horizon_market_consensus,,,,,,,0.2272727272727272,SEA,5fd1f809966cf3704839d043d8b2c7e9660a6c85618bc2376ddf37851c257ffc
LEVLINE4-HORIZON-SHADOW-V1,2026_03_TEN_NYG,,,NYG,TEN,2026-09-27T17:00:00+00:00,T-120m,120,2026-09-27T15:00:00+00:00,2026-09-27T14:56:14.420101+00:00,-3.759664983333333,0.552594002855783,20,betmgm|betonlineag|betrivers|betus|betway|bovada|courtside|fanatics|fanduel|hardrock|kalshi|lowvig|marathon|novig|onexbet|pinnacle|polymarket_us|prophetx|rebet|tab_au,0.0193868942319289,2.7512453333333338,32653,2026-09-27T14:56:20.291265+00:00,prospective_exact_replay,True,False,0,L4-MKT-H-V1,same_horizon_market_consensus,,,,,,,0.552594002855783,NYG,188216eda14da32304c3b7bd71558eb431feca15173d9b55ecc8fe6229d8061d
