row_type,game_id,event_id,provider_commence_time_utc,provider_kickoff_delta_minutes,home_team,away_team,kickoff_timestamp_utc,horizon,target_timestamp_utc,request_timestamp_utc,timing_error_minutes,sportsbook_key,sportsbook_title,sportsbook_last_update_utc,freshness_minutes,home_moneyline,away_moneyline,h2h_home_implied,h2h_away_implied,h2h_overround,h2h_home_no_vig,home_spread,home_spread_price,away_spread,away_spread_price,spread_overround,spread_home_cover_no_vig,total_points,over_price,under_price,total_overround,over_no_vig,research_only,production_authorized,market_provider,source_count,source_names,max_freshness_minutes,probability_range
book,2026_03_LAC_BUF,32655,2026-09-27T17:00:00+00:00,0.0,BUF,LAC,2026-09-27T17:00:00+00:00,T-120m,2026-09-27T15:00:00+00:00,2026-09-27T14:56:14.420101+00:00,-3.7596649833333333,betmgm,BetMGM,2026-09-27T14:54:47.224246+00:00,1.45326425,-350.0,275.0,0.7777777777777778,0.26666666666666666,0.04444444444444451,0.7446808510638298,-7.0,-108.0,7.0,-110.0,0.04304029304029311,0.4978050921861282,50.0,-112.0,-108.0,0.0475326560232221,0.5043297540699688,True,False,propline,,,,
book,2026_03_LAC_BUF,32655,2026-09-27T17:00:00+00:00,0.0,BUF,LAC,2026-09-27T17:00:00+00:00,T-120m,2026-09-27T15:00:00+00:00,2026-09-27T14:56:14.420101+00:00,-3.7596649833333333,betonlineag,BetOnline.ag,2026-09-27T14:55:50.340611+00:00,0.40132483333333335,-340.0,274.0,0.7727272727272727,0.26737967914438504,0.04010695187165769,0.7429305912596401,-7.0,-115.0,7.0,-105.0,0.04707884288145214,0.5108342361863488,50.0,-115.0,-105.0,0.04707884288145214,0.5108342361863488,True,False,propline,,,,
book,2026_03_LAC_BUF,32655,2026-09-27T17:00:00+00:00,0.0,BUF,LAC,2026-09-27T17:00:00+00:00,T-120m,2026-09-27T15:00:00+00:00,2026-09-27T14:56:14.420101+00:00,-3.7596649833333333,betrivers,BetRivers,2026-09-27T14:55:14.671959+00:00,0.9958023666666667,-375.0,280.0,0.7894736842105263,0.2631578947368421,0.05263157894736836,0.75,-7.0,-112.0,7.0,-109.0,0.04983298727092178,0.5032246968784934,,,,,,True,False,propline,,,,
book,2026_03_LAC_BUF,32655,2026-09-27T17:00:00+00:00,0.0,BUF,LAC,2026-09-27T17:00:00+00:00,T-120m,2026-09-27T15:00:00+00:00,2026-09-27T14:56:14.420101+00:00,-3.7596649833333333,betus,BetUS,2026-09-27T14:55:48.026529+00:00,0.43989286666666666,-330.0,270.0,0.7674418604651163,0.2702702702702703,0.037712130735386484,0.7395517867958814,-7.0,-115.0,7.0,-105.0,0.04707884288145214,0.5108342361863488,50.0,-110.0,-110.0,0.04761904761904767,0.5,True,False,propline,,,,
book,2026_03_LAC_BUF,32655,2026-09-27T17:00:00+00:00,0.0,BUF,LAC,2026-09-27T17:00:00+00:00,T-120m,2026-09-27T15:00:00+00:00,2026-09-27T14:56:14.420101+00:00,-3.7596649833333333,betway,Betway,2026-09-27T14:53:30.265233+00:00,2.7359144666666664,-350.0,275.0,0.7777777777777778,0.26666666666666666,0.04444444444444451,0.7446808510638298,-7.5,-105.0,7.5,-115.0,0.04707884288145214,0.4891657638136511,50.5,-105.0,-115.0,0.04707884288145214,0.4891657638136511,True,False,propline,,,,
book,2026_03_LAC_BUF,32655,2026-09-27T17:00:00+00:00,0.0,BUF,LAC,2026-09-27T17:00:00+00:00,T-120m,2026-09-27T15:00:00+00:00,2026-09-27T14:56:14.420101+00:00,-3.7596649833333333,bovada,Bovada,2026-09-27T14:54:13.184162+00:00,2.0205989833333335,-340.0,270.0,0.7727272727272727,0.2702702702702703,0.0429975429975431,0.740871613663133,-7.0,-115.0,7.0,-105.0,0.04707884288145214,0.5108342361863488,50.0,-110.0,-110.0,0.04761904761904767,0.5,True,False,propline,,,,
book,2026_03_LAC_BUF,32655,2026-09-27T17:00:00+00:00,0.0,BUF,LAC,2026-09-27T17:00:00+00:00,T-120m,2026-09-27T15:00:00+00:00,2026-09-27T14:56:14.420101+00:00,-3.7596649833333333,courtside,Courtside,2026-09-27T14:53:41.220280+00:00,2.55333035,-316.0,267.0,0.7596153846153846,0.2724795640326976,0.032094948648082156,0.7359937044652602,-7.0,-110.0,7.0,-106.0,0.038372630605640445,0.5044523597506678,50.5,-103.0,-113.0,0.03790559448645903,0.48885868354204737,True,False,propline,,,,
book,2026_03_LAC_BUF,32655,2026-09-27T17:00:00+00:00,0.0,BUF,LAC,2026-09-27T17:00:00+00:00,T-120m,2026-09-27T15:00:00+00:00,2026-09-27T14:56:14.420101+00:00,-3.7596649833333333,fanatics,Fanatics,2026-09-27T14:55:55.109893+00:00,0.3218368,-350.0,275.0,0.7777777777777778,0.26666666666666666,0.04444444444444451,0.7446808510638298,0.5,-375.0,-0.5,265.0,0.06344628695025234,0.7423728813559323,29.5,-2000.0,900.0,0.05238095238095242,0.9049773755656108,True,False,propline,,,,
book,2026_03_LAC_BUF,32655,2026-09-27T17:00:00+00:00,0.0,BUF,LAC,2026-09-27T17:00:00+00:00,T-120m,2026-09-27T15:00:00+00:00,2026-09-27T14:56:14.420101+00:00,-3.7596649833333333,fanduel,FanDuel,2026-09-27T14:54:29.404878+00:00,1.7502537166666667,-375.0,300.0,0.7894736842105263,0.25,0.03947368421052633,0.759493670886076,-7.5,100.0,7.5,-122.0,0.04954954954954971,0.47639484978540764,50.5,-105.0,-115.0,0.04707884288145214,0.4891657638136511,True,False,propline,,,,
book,2026_03_LAC_BUF,32655,2026-09-27T17:00:00+00:00,0.0,BUF,LAC,2026-09-27T17:00:00+00:00,T-120m,2026-09-27T15:00:00+00:00,2026-09-27T14:56:14.420101+00:00,-3.7596649833333333,hardrock,Hard Rock Bet,2026-09-27T14:53:33.492891+00:00,2.6821201666666665,-350.0,275.0,0.7777777777777778,0.26666666666666666,0.04444444444444451,0.7446808510638298,-1.0,-350.0,1.0,250.0,0.06349206349206349,0.7313432835820896,26.5,-10000.0,1750.0,0.044153063955044036,0.9482316760635573,True,False,propline,,,,
book,2026_03_LAC_BUF,32655,2026-09-27T17:00:00+00:00,0.0,BUF,LAC,2026-09-27T17:00:00+00:00,T-120m,2026-09-27T15:00:00+00:00,2026-09-27T14:56:14.420101+00:00,-3.7596649833333333,kalshi,Kalshi,2026-09-27T14:55:35.096893+00:00,0.6553868,-317.0,300.0,0.7601918465227818,0.25,0.010191846522781933,0.7525222551928783,,,,,,,50.5,104.0,-108.0,0.009426847662141746,0.48561822936122523,True,False,propline,,,,
book,2026_03_LAC_BUF,32655,2026-09-27T17:00:00+00:00,0.0,BUF,LAC,2026-09-27T17:00:00+00:00,T-120m,2026-09-27T15:00:00+00:00,2026-09-27T14:56:14.420101+00:00,-3.7596649833333333,lowvig,LowVig.ag,2026-09-27T14:55:53.314792+00:00,0.35175514999999996,-340.0,274.0,0.7727272727272727,0.26737967914438504,0.04010695187165769,0.7429305912596401,-7.0,-110.0,7.0,100.0,0.023809523809523725,0.5116279069767442,50.0,-113.0,-102.0,0.03546692697438747,0.5123451247979889,True,False,propline,,,,
book,2026_03_LAC_BUF,32655,2026-09-27T17:00:00+00:00,0.0,BUF,LAC,2026-09-27T17:00:00+00:00,T-120m,2026-09-27T15:00:00+00:00,2026-09-27T14:56:14.420101+00:00,-3.7596649833333333,marathon,Marathon Bet,2026-09-27T14:56:01.327670+00:00,0.21820718333333333,-435.0,310.0,0.8130841121495327,0.24390243902439024,0.05698655117392293,0.7692473582057364,-7.5,-106.0,7.5,-121.0,0.06207441901331112,0.48448874917273327,49.5,-124.0,-102.0,0.05852192362093356,0.5229664272590613,True,False,propline,,,,
book,2026_03_LAC_BUF,32655,2026-09-27T17:00:00+00:00,0.0,BUF,LAC,2026-09-27T17:00:00+00:00,T-120m,2026-09-27T15:00:00+00:00,2026-09-27T14:56:14.420101+00:00,-3.7596649833333333,novig,Novig,2026-09-27T14:55:20.260501+00:00,0.9026599999999999,-317.0,308.0,0.7601918465227818,0.24509803921568626,0.005289885738468003,0.7561916789447837,-3.5,-182.0,3.5,170.0,0.01576044129235621,0.6353762606671839,50.5,108.0,-111.0,0.006835581480131303,0.4775052050330406,True,False,propline,,,,
book,2026_03_LAC_BUF,32655,2026-09-27T17:00:00+00:00,0.0,BUF,LAC,2026-09-27T17:00:00+00:00,T-120m,2026-09-27T15:00:00+00:00,2026-09-27T14:56:14.420101+00:00,-3.7596649833333333,onexbet,1xBet,2026-09-27T14:55:43.287912+00:00,0.5188698166666667,-350.0,275.0,0.7777777777777778,0.26666666666666666,0.04444444444444451,0.7446808510638298,-7.5,100.0,7.5,-120.0,0.045454545454545414,0.4782608695652174,50.5,-105.0,-115.0,0.04707884288145214,0.4891657638136511,True,False,propline,,,,
book,2026_03_LAC_BUF,32655,2026-09-27T17:00:00+00:00,0.0,BUF,LAC,2026-09-27T17:00:00+00:00,T-120m,2026-09-27T15:00:00+00:00,2026-09-27T14:56:14.420101+00:00,-3.7596649833333333,pinnacle,Pinnacle,2026-09-27T14:54:30.715395+00:00,1.7284117666666667,-330.0,281.0,0.7674418604651163,0.26246719160104987,0.02990905206616623,0.7451549813311207,-7.5,106.0,7.5,-117.0,0.024607400116325895,0.47377843762281124,50.0,-105.0,-107.0,0.02910333451160607,0.4977100984657659,True,False,propline,,,,
book,2026_03_LAC_BUF,32655,2026-09-27T17:00:00+00:00,0.0,BUF,LAC,2026-09-27T17:00:00+00:00,T-120m,2026-09-27T15:00:00+00:00,2026-09-27T14:56:14.420101+00:00,-3.7596649833333333,polymarket_us,Polymarket US,2026-09-27T14:55:44.610194+00:00,0.49683178333333333,-308.0,300.0,0.7549019607843137,0.25,0.004901960784313708,0.751219512195122,1.5,-344.0,-1.5,335.0,0.004659832246039164,0.7711811997526282,,,2400.0,,,True,False,propline,,,,
book,2026_03_LAC_BUF,32655,2026-09-27T17:00:00+00:00,0.0,BUF,LAC,2026-09-27T17:00:00+00:00,T-120m,2026-09-27T15:00:00+00:00,2026-09-27T14:56:14.420101+00:00,-3.7596649833333333,prophetx,ProphetX,2026-09-27T14:55:34.799666+00:00,0.6603405833333333,-320.0,310.0,0.7619047619047619,0.24390243902439024,0.005807200929152101,0.7575057736720554,-7.0,-104.0,7.0,102.0,0.004853426519122461,0.5073415765069552,49.5,-112.0,108.0,0.00907111756168355,0.5235526788924847,True,False,propline,,,,
book,2026_03_LAC_BUF,32655,2026-09-27T17:00:00+00:00,0.0,BUF,LAC,2026-09-27T17:00:00+00:00,T-120m,2026-09-27T15:00:00+00:00,2026-09-27T14:56:14.420101+00:00,-3.7596649833333333,rebet,ReBet,2026-09-27T14:55:30.394938+00:00,0.7337527166666666,-319.0,260.0,0.7613365155131265,0.2777777777777778,0.03911429329090432,0.732678320786015,-6.5,-133.0,6.5,100.0,0.07081545064377681,0.533066132264529,28.5,-120.0,-115.0,0.08033826638477803,0.5048923679060665,True,False,propline,,,,
consensus,2026_03_LAC_BUF,32655,2026-09-27T17:00:00+00:00,0.0,BUF,LAC,2026-09-27T17:00:00+00:00,T-120m,2026-09-27T15:00:00+00:00,2026-09-27T14:56:14.420101+00:00,-3.7596649833333333,sportsbook_consensus,Robust sportsbook consensus,,,,,,,,0.7446808510638298,-7.0,,,,,,50.0,,,,,True,False,propline,19.0,betmgm|betonlineag|betrivers|betus|betway|bovada|courtside|fanatics|fanduel|hardrock|kalshi|lowvig|marathon|novig|onexbet|pinnacle|polymarket_us|prophetx|rebet,2.7359144666666664,0.036569037419721395
book,2026_03_CAR_CLE,32657,2026-09-27T17:00:00+00:00,0.0,CLE,CAR,2026-09-27T17:00:00+00:00,T-120m,2026-09-27T15:00:00+00:00,2026-09-27T14:56:14.420101+00:00,-3.7596649833333333,betmgm,BetMGM,2026-09-27T14:54:46.908376+00:00,1.45852875,110.0,-130.0,0.47619047619047616,0.5652173913043478,0.04140786749482395,0.4572564612326044,2.0,-108.0,-2.0,-110.0,0.04304029304029311,0.4978050921861282,42.0,-108.0,-110.0,0.04304029304029311,0.4978050921861282,True,False,propline,,,,
book,2026_03_CAR_CLE,32657,2026-09-27T17:00:00+00:00,0.0,CLE,CAR,2026-09-27T17:00:00+00:00,T-120m,2026-09-27T15:00:00+00:00,2026-09-27T14:56:14.420101+00:00,-3.7596649833333333,betonlineag,BetOnline.ag,2026-09-27T14:55:50.244296+00:00,0.40293008333333336,107.0,-127.0,0.4830917874396135,0.5594713656387665,0.0425631530783801,0.46336932780828344,1.0,102.0,-1.0,-122.0,0.044599054500044755,0.4739134147382802,42.0,-110.0,-110.0,0.04761904761904767,0.5,True,False,propline,,,,
book,2026_03_CAR_CLE,32657,2026-09-27T17:00:00+00:00,0.0,CLE,CAR,2026-09-27T17:00:00+00:00,T-120m,2026-09-27T15:00:00+00:00,2026-09-27T14:56:14.420101+00:00,-3.7596649833333333,betrivers,BetRivers,2026-09-27T14:55:17.574781+00:00,0.947422,117.0,-141.0,0.4608294930875576,0.5850622406639004,0.04589173375145794,0.44060917417774287,2.0,-110.0,-2.0,-110.0,0.04761904761904767,0.5,,,,,,True,False,propline,,,,
book,2026_03_CAR_CLE,32657,2026-09-27T17:00:00+00:00,0.0,CLE,CAR,2026-09-27T17:00:00+00:00,T-120m,2026-09-27T15:00:00+00:00,2026-09-27T14:56:14.420101+00:00,-3.7596649833333333,betus,BetUS,2026-09-27T14:55:47.876137+00:00,0.4423994,110.0,-130.0,0.47619047619047616,0.5652173913043478,0.04140786749482395,0.4572564612326044,1.0,100.0,-1.0,-120.0,0.045454545454545414,0.4782608695652174,42.0,-110.0,-110.0,0.04761904761904767,0.5,True,False,propline,,,,
book,2026_03_CAR_CLE,32657,2026-09-27T17:00:00+00:00,0.0,CLE,CAR,2026-09-27T17:00:00+00:00,T-120m,2026-09-27T15:00:00+00:00,2026-09-27T14:56:14.420101+00:00,-3.7596649833333333,betway,Betway,2026-09-27T14:53:30.441763+00:00,2.7329723,110.0,-130.0,0.47619047619047616,0.5652173913043478,0.04140786749482395,0.4572564612326044,1.5,-105.0,-1.5,-115.0,0.04707884288145214,0.4891657638136511,20.5,100.0,-120.0,0.045454545454545414,0.4782608695652174,True,False,propline,,,,
book,2026_03_CAR_CLE,32657,2026-09-27T17:00:00+00:00,0.0,CLE,CAR,2026-09-27T17:00:00+00:00,T-120m,2026-09-27T15:00:00+00:00,2026-09-27T14:56:14.420101+00:00,-3.7596649833333333,bovada,Bovada,2026-09-27T14:54:10.568305+00:00,2.0641966,115.0,-135.0,0.46511627906976744,0.574468085106383,0.03958436417615041,0.447405997144217,2.0,-110.0,-2.0,-110.0,0.04761904761904767,0.5,42.0,-105.0,-115.0,0.04707884288145214,0.4891657638136511,True,False,propline,,,,
book,2026_03_CAR_CLE,32657,2026-09-27T17:00:00+00:00,0.0,CLE,CAR,2026-09-27T17:00:00+00:00,T-120m,2026-09-27T15:00:00+00:00,2026-09-27T14:56:14.420101+00:00,-3.7596649833333333,courtside,Courtside,2026-09-27T14:53:36.491261+00:00,2.6321473333333336,127.0,-145.0,0.44052863436123346,0.5918367346938775,0.03236536905511089,0.42671775668379347,2.5,-108.0,-2.5,-108.0,0.03846153846153855,0.5,42.5,-107.0,-120.0,0.06236275801493196,0.48656469615543607,True,False,propline,,,,
book,2026_03_CAR_CLE,32657,2026-09-27T17:00:00+00:00,0.0,CLE,CAR,2026-09-27T17:00:00+00:00,T-120m,2026-09-27T15:00:00+00:00,2026-09-27T14:56:14.420101+00:00,-3.7596649833333333,fanatics,Fanatics,2026-09-27T14:55:55.750899+00:00,0.31115336666666665,110.0,-130.0,0.47619047619047616,0.5652173913043478,0.04140786749482395,0.4572564612326044,0.5,105.0,-0.5,-125.0,0.04336043360433606,0.4675324675324675,21.5,-2800.0,1100.0,0.04885057471264376,0.9205479452054794,True,False,propline,,,,
book,2026_03_CAR_CLE,32657,2026-09-27T17:00:00+00:00,0.0,CLE,CAR,2026-09-27T17:00:00+00:00,T-120m,2026-09-27T15:00:00+00:00,2026-09-27T14:56:14.420101+00:00,-3.7596649833333333,fanduel,FanDuel,2026-09-27T14:54:23.803525+00:00,1.8436096,108.0,-126.0,0.4807692307692308,0.5575221238938053,0.038291354663036126,0.46303884609080476,2.5,-118.0,-2.5,-104.0,0.05108832523835227,0.5149751839808318,41.5,-115.0,-105.0,0.04707884288145214,0.5108342361863488,True,False,propline,,,,
book,2026_03_CAR_CLE,32657,2026-09-27T17:00:00+00:00,0.0,CLE,CAR,2026-09-27T17:00:00+00:00,T-120m,2026-09-27T15:00:00+00:00,2026-09-27T14:56:14.420101+00:00,-3.7596649833333333,hardrock,Hard Rock Bet,2026-09-27T14:56:02.252461+00:00,0.202794,110.0,-130.0,0.47619047619047616,0.5652173913043478,0.04140786749482395,0.4572564612326044,-1.0,115.0,1.0,-145.0,0.05695301376364492,0.4400538841490795,19.5,-9000.0,2000.0,0.03663003663003672,0.9540636042402827,True,False,propline,,,,
book,2026_03_CAR_CLE,32657,2026-09-27T17:00:00+00:00,0.0,CLE,CAR,2026-09-27T17:00:00+00:00,T-120m,2026-09-27T15:00:00+00:00,2026-09-27T14:56:14.420101+00:00,-3.7596649833333333,kalshi,Kalshi,2026-09-27T14:55:36.512036+00:00,0.6318010833333333,117.0,-122.0,0.4608294930875576,0.5495495495495496,0.010379042637107094,0.45609565681883557,,,,,,,40.5,-122.0,117.0,0.010379042637107094,0.5439043431811645,True,False,propline,,,,
book,2026_03_CAR_CLE,32657,2026-09-27T17:00:00+00:00,0.0,CLE,CAR,2026-09-27T17:00:00+00:00,T-120m,2026-09-27T15:00:00+00:00,2026-09-27T14:56:14.420101+00:00,-3.7596649833333333,lowvig,LowVig.ag,2026-09-27T14:55:53.216691+00:00,0.35339016666666667,107.0,-127.0,0.4830917874396135,0.5594713656387665,0.0425631530783801,0.46336932780828344,1.0,107.0,-1.0,-118.0,0.024376191109338308,0.4715960714749275,42.0,-107.0,-107.0,0.033816425120772875,0.5,True,False,propline,,,,
book,2026_03_CAR_CLE,32657,2026-09-27T17:00:00+00:00,0.0,CLE,CAR,2026-09-27T17:00:00+00:00,T-120m,2026-09-27T15:00:00+00:00,2026-09-27T14:56:14.420101+00:00,-3.7596649833333333,marathon,Marathon Bet,2026-09-27T14:56:01.412064+00:00,0.21680061666666667,100.0,-127.0,0.5,0.5594713656387665,0.05947136563876665,0.47193347193347185,1.5,-110.0,-1.5,-115.0,0.058693244739756345,0.4947698744769875,41.5,-113.0,-113.0,0.06103286384976525,0.5,True,False,propline,,,,
book,2026_03_CAR_CLE,32657,2026-09-27T17:00:00+00:00,0.0,CLE,CAR,2026-09-27T17:00:00+00:00,T-120m,2026-09-27T15:00:00+00:00,2026-09-27T14:56:14.420101+00:00,-3.7596649833333333,novig,Novig,2026-09-27T14:55:19.959765+00:00,0.9076722666666667,120.0,-122.0,0.45454545454545453,0.5495495495495496,0.004095004095004073,0.4526916802610114,2.5,-108.0,-2.5,104.0,0.009426847662141746,0.5143817706387748,39.5,-144.0,135.0,0.015695849319846467,0.5810439560439561,True,False,propline,,,,
book,2026_03_CAR_CLE,32657,2026-09-27T17:00:00+00:00,0.0,CLE,CAR,2026-09-27T17:00:00+00:00,T-120m,2026-09-27T15:00:00+00:00,2026-09-27T14:56:14.420101+00:00,-3.7596649833333333,onexbet,1xBet,2026-09-27T14:55:43.379376+00:00,0.5173454166666667,110.0,-130.0,0.47619047619047616,0.5652173913043478,0.04140786749482395,0.4572564612326044,1.5,-105.0,-1.5,-115.0,0.04707884288145214,0.4891657638136511,42.5,-110.0,-110.0,0.04761904761904767,0.5,True,False,propline,,,,
book,2026_03_CAR_CLE,32657,2026-09-27T17:00:00+00:00,0.0,CLE,CAR,2026-09-27T17:00:00+00:00,T-120m,2026-09-27T15:00:00+00:00,2026-09-27T14:56:14.420101+00:00,-3.7596649833333333,pinnacle,Pinnacle,2026-09-27T14:54:33.058975+00:00,1.6893521,113.0,-125.0,0.4694835680751174,0.5555555555555556,0.025039123630672844,0.45801526717557256,1.5,101.0,-1.5,-111.0,0.023578788521845695,0.486051922323835,42.0,-103.0,-109.0,0.028920263040045135,0.4931277775232511,True,False,propline,,,,
book,2026_03_CAR_CLE,32657,2026-09-27T17:00:00+00:00,0.0,CLE,CAR,2026-09-27T17:00:00+00:00,T-120m,2026-09-27T15:00:00+00:00,2026-09-27T14:56:14.420101+00:00,-3.7596649833333333,polymarket_us,Polymarket US,2026-09-27T14:55:43.635265+00:00,0.5130806,122.0,-125.0,0.45045045045045046,0.5555555555555556,0.006006006006006093,0.4477611940298507,10.5,-376.0,-10.5,365.0,0.004969729827414726,0.786009710483726,10.5,-809.0,733.0,0.01003701810757307,0.8811449312693433,True,False,propline,,,,
book,2026_03_CAR_CLE,32657,2026-09-27T17:00:00+00:00,0.0,CLE,CAR,2026-09-27T17:00:00+00:00,T-120m,2026-09-27T15:00:00+00:00,2026-09-27T14:56:14.420101+00:00,-3.7596649833333333,prophetx,ProphetX,2026-09-27T14:55:33.582507+00:00,0.6806265666666668,120.0,-122.0,0.45454545454545453,0.5495495495495496,0.004095004095004073,0.4526916802610114,2.5,-108.0,-2.5,105.0,0.007035647279549639,0.5156031672100606,40.5,-124.0,120.0,0.008116883116883189,0.5491143317230274,True,False,propline,,,,
book,2026_03_CAR_CLE,32657,2026-09-27T17:00:00+00:00,0.0,CLE,CAR,2026-09-27T17:00:00+00:00,T-120m,2026-09-27T15:00:00+00:00,2026-09-27T14:56:14.420101+00:00,-3.7596649833333333,rebet,ReBet,2026-09-27T14:55:30.219611+00:00,0.7366748333333334,112.0,-132.0,0.4716981132075472,0.5689655172413793,0.04066363044892651,0.45326664582682086,1.5,-105.0,-1.5,-125.0,0.0677506775067751,0.4796954314720812,21.5,-112.0,-123.0,0.07987139351891015,0.48922667084541255,True,False,propline,,,,
book,2026_03_CAR_CLE,32657,2026-09-27T17:00:00+00:00,0.0,CLE,CAR,2026-09-27T17:00:00+00:00,T-120m,2026-09-27T15:00:00+00:00,2026-09-27T14:56:14.420101+00:00,-3.7596649833333333,tab_au,TAB,2026-09-27T14:55:25.670120+00:00,0.8124996833333333,110.0,-135.0,0.47619047619047616,0.574468085106383,0.050658561296859084,0.4532304725168756,2.0,-105.0,-2.0,-118.0,0.05347952562094438,0.4861937128292268,42.5,-105.0,-118.0,0.05347952562094438,0.4861937128292268,True,False,propline,,,,
consensus,2026_03_CAR_CLE,32657,2026-09-27T17:00:00+00:00,0.0,CLE,CAR,2026-09-27T17:00:00+00:00,T-120m,2026-09-27T15:00:00+00:00,2026-09-27T14:56:14.420101+00:00,-3.7596649833333333,sportsbook_consensus,Robust sportsbook consensus,,,,,,,,0.4572564612326044,1.5,,,,,,41.5,,,,,True,False,propline,20.0,betmgm|betonlineag|betrivers|betus|betway|bovada|courtside|fanatics|fanduel|hardrock|kalshi|lowvig|marathon|novig|onexbet|pinnacle|polymarket_us|prophetx|rebet|tab_au,2.7329723,0.04521571524967838
book,2026_03_NYJ_DET,32656,2026-09-27T17:00:00+00:00,0.0,DET,NYJ,2026-09-27T17:00:00+00:00,T-120m,2026-09-27T15:00:00+00:00,2026-09-27T14:56:14.420101+00:00,-3.7596649833333333,betmgm,BetMGM,2026-09-27T14:54:45.336143+00:00,1.4847326333333333,-300.0,250.0,0.75,0.2857142857142857,0.03571428571428559,0.7241379310344829,-7.0,-105.0,7.0,-125.0,0.0677506775067751,0.4796954314720812,48.5,-110.0,-108.0,0.04304029304029311,0.5021949078138718,True,False,propline,,,,
book,2026_03_NYJ_DET,32656,2026-09-27T17:00:00+00:00,0.0,DET,NYJ,2026-09-27T17:00:00+00:00,T-120m,2026-09-27T15:00:00+00:00,2026-09-27T14:56:14.420101+00:00,-3.7596649833333333,betonlineag,BetOnline.ag,2026-09-27T14:55:49.763935+00:00,0.41093609999999997,-316.0,257.0,0.7596153846153846,0.2801120448179272,0.039727429433311645,0.7305908867186489,-6.5,-115.0,6.5,-105.0,0.04707884288145214,0.5108342361863488,48.5,-110.0,-110.0,0.04761904761904767,0.5,True,False,propline,,,,
book,2026_03_NYJ_DET,32656,2026-09-27T17:00:00+00:00,0.0,DET,NYJ,2026-09-27T17:00:00+00:00,T-120m,2026-09-27T15:00:00+00:00,2026-09-27T14:56:14.420101+00:00,-3.7596649833333333,betrivers,BetRivers,2026-09-27T14:55:13.240016+00:00,1.0196680833333334,-315.0,250.0,0.7590361445783133,0.2857142857142857,0.04475043029259895,0.7265238879736409,-6.5,-118.0,6.5,-104.0,0.05108832523835227,0.5149751839808318,,,,,,True,False,propline,,,,
book,2026_03_NYJ_DET,32656,2026-09-27T17:00:00+00:00,0.0,DET,NYJ,2026-09-27T17:00:00+00:00,T-120m,2026-09-27T15:00:00+00:00,2026-09-27T14:56:14.420101+00:00,-3.7596649833333333,betus,BetUS,2026-09-27T14:55:46.508907+00:00,0.46518656666666663,-300.0,250.0,0.75,0.2857142857142857,0.03571428571428559,0.7241379310344829,-6.5,-115.0,6.5,-105.0,0.04707884288145214,0.5108342361863488,48.5,-110.0,-110.0,0.04761904761904767,0.5,True,False,propline,,,,
book,2026_03_NYJ_DET,32656,2026-09-27T17:00:00+00:00,0.0,DET,NYJ,2026-09-27T17:00:00+00:00,T-120m,2026-09-27T15:00:00+00:00,2026-09-27T14:56:14.420101+00:00,-3.7596649833333333,betway,Betway,2026-09-27T14:53:29.947334+00:00,2.7412127833333333,-300.0,240.0,0.75,0.29411764705882354,0.044117647058823595,0.7183098591549295,-6.5,-115.0,6.5,-105.0,0.04707884288145214,0.5108342361863488,48.5,-110.0,-110.0,0.04761904761904767,0.5,True,False,propline,,,,
book,2026_03_NYJ_DET,32656,2026-09-27T17:00:00+00:00,0.0,DET,NYJ,2026-09-27T17:00:00+00:00,T-120m,2026-09-27T15:00:00+00:00,2026-09-27T14:56:14.420101+00:00,-3.7596649833333333,bovada,Bovada,2026-09-27T14:54:14.321925+00:00,2.0016362666666665,-310.0,255.0,0.7560975609756098,0.28169014084507044,0.03778770182068025,0.7285666997682886,-6.5,-115.0,6.5,-105.0,0.04707884288145214,0.5108342361863488,49.0,-105.0,-115.0,0.04707884288145214,0.4891657638136511,True,False,propline,,,,
book,2026_03_NYJ_DET,32656,2026-09-27T17:00:00+00:00,0.0,DET,NYJ,2026-09-27T17:00:00+00:00,T-120m,2026-09-27T15:00:00+00:00,2026-09-27T14:56:14.420101+00:00,-3.7596649833333333,courtside,Courtside,2026-09-27T14:53:40.784230+00:00,2.56059785,-297.0,251.0,0.7481108312342569,0.2849002849002849,0.033011116134541885,0.7242040473229729,1.5,-366.0,-1.5,251.0,0.07030801022217337,0.7338146756080564,10.5,-761.0,572.0,0.03266550522648082,0.855897652186138,True,False,propline,,,,
book,2026_03_NYJ_DET,32656,2026-09-27T17:00:00+00:00,0.0,DET,NYJ,2026-09-27T17:00:00+00:00,T-120m,2026-09-27T15:00:00+00:00,2026-09-27T14:56:14.420101+00:00,-3.7596649833333333,fanatics,Fanatics,2026-09-27T14:55:55.987276+00:00,0.30721375,-320.0,250.0,0.7619047619047619,0.2857142857142857,0.04761904761904745,0.7272727272727274,0.5,-330.0,-0.5,240.0,0.061559507523939905,0.7229381443298969,27.5,-2200.0,950.0,0.05175983436852993,0.9094488188976378,True,False,propline,,,,
book,2026_03_NYJ_DET,32656,2026-09-27T17:00:00+00:00,0.0,DET,NYJ,2026-09-27T17:00:00+00:00,T-120m,2026-09-27T15:00:00+00:00,2026-09-27T14:56:14.420101+00:00,-3.7596649833333333,fanduel,FanDuel,2026-09-27T14:54:24.473564+00:00,1.8324422833333334,-310.0,250.0,0.7560975609756098,0.2857142857142857,0.04181184668989557,0.725752508361204,-6.5,-115.0,6.5,-105.0,0.04707884288145214,0.5108342361863488,48.5,-112.0,-108.0,0.0475326560232221,0.5043297540699688,True,False,propline,,,,
book,2026_03_NYJ_DET,32656,2026-09-27T17:00:00+00:00,0.0,DET,NYJ,2026-09-27T17:00:00+00:00,T-120m,2026-09-27T15:00:00+00:00,2026-09-27T14:56:14.420101+00:00,-3.7596649833333333,hardrock,Hard Rock Bet,2026-09-27T14:53:26.121876+00:00,2.804970416666667,-325.0,250.0,0.7647058823529411,0.2857142857142857,0.05042016806722671,0.7280000000000001,-1.0,-325.0,1.0,230.0,0.06773618538324411,0.7161936560934892,25.5,-9000.0,2000.0,0.03663003663003672,0.9540636042402827,True,False,propline,,,,
book,2026_03_NYJ_DET,32656,2026-09-27T17:00:00+00:00,0.0,DET,NYJ,2026-09-27T17:00:00+00:00,T-120m,2026-09-27T15:00:00+00:00,2026-09-27T14:56:14.420101+00:00,-3.7596649833333333,kalshi,Kalshi,2026-09-27T14:55:06.384866+00:00,1.1339205833333332,-270.0,257.0,0.7297297297297297,0.2801120448179272,0.00984177454765689,0.7226178873978559,,,,,,,47.5,-122.0,117.0,0.010379042637107094,0.5439043431811645,True,False,propline,,,,
book,2026_03_NYJ_DET,32656,2026-09-27T17:00:00+00:00,0.0,DET,NYJ,2026-09-27T17:00:00+00:00,T-120m,2026-09-27T15:00:00+00:00,2026-09-27T14:56:14.420101+00:00,-3.7596649833333333,lowvig,LowVig.ag,2026-09-27T14:55:52.903699+00:00,0.3586067,-316.0,257.0,0.7596153846153846,0.2801120448179272,0.039727429433311645,0.7305908867186489,-6.5,-110.0,6.5,100.0,0.023809523809523725,0.5116279069767442,48.5,-107.0,-107.0,0.033816425120772875,0.5,True,False,propline,,,,
book,2026_03_NYJ_DET,32656,2026-09-27T17:00:00+00:00,0.0,DET,NYJ,2026-09-27T17:00:00+00:00,T-120m,2026-09-27T15:00:00+00:00,2026-09-27T14:56:14.420101+00:00,-3.7596649833333333,marathon,Marathon Bet,2026-09-27T14:56:01.460606+00:00,0.21599158333333335,-350.0,256.0,0.7777777777777778,0.2808988764044944,0.05867665418227208,0.7346698113207548,-6.5,-119.0,6.5,-107.0,0.060287207994176306,0.512482836100362,48.5,-113.0,-113.0,0.06103286384976525,0.5,True,False,propline,,,,
book,2026_03_NYJ_DET,32656,2026-09-27T17:00:00+00:00,0.0,DET,NYJ,2026-09-27T17:00:00+00:00,T-120m,2026-09-27T15:00:00+00:00,2026-09-27T14:56:14.420101+00:00,-3.7596649833333333,novig,Novig,2026-09-27T14:55:20.626113+00:00,0.8965664666666666,-270.0,264.0,0.7297297297297297,0.27472527472527475,0.004455004455004463,0.7264931992903607,-7.5,125.0,7.5,-127.0,0.003915810083210847,0.4427108727450025,47.5,-122.0,117.0,0.010379042637107094,0.5439043431811645,True,False,propline,,,,
book,2026_03_NYJ_DET,32656,2026-09-27T17:00:00+00:00,0.0,DET,NYJ,2026-09-27T17:00:00+00:00,T-120m,2026-09-27T15:00:00+00:00,2026-09-27T14:56:14.420101+00:00,-3.7596649833333333,onexbet,1xBet,2026-09-27T14:55:43.447900+00:00,0.51620335,-305.0,245.0,0.7530864197530864,0.2898550724637681,0.042941492216854504,0.7220792588780237,-6.5,-115.0,6.5,-105.0,0.04707884288145214,0.5108342361863488,48.5,-105.0,-115.0,0.04707884288145214,0.4891657638136511,True,False,propline,,,,
book,2026_03_NYJ_DET,32656,2026-09-27T17:00:00+00:00,0.0,DET,NYJ,2026-09-27T17:00:00+00:00,T-120m,2026-09-27T15:00:00+00:00,2026-09-27T14:56:14.420101+00:00,-3.7596649833333333,pinnacle,Pinnacle,2026-09-27T14:54:33.417527+00:00,1.6833762333333333,-308.0,264.0,0.7549019607843137,0.27472527472527475,0.029627235509588346,0.7331798681594643,-7.0,100.0,7.0,-110.0,0.023809523809523725,0.48837209302325585,48.5,-110.0,-102.0,0.02876001885902868,0.5091659028414299,True,False,propline,,,,
book,2026_03_NYJ_DET,32656,2026-09-27T17:00:00+00:00,0.0,DET,NYJ,2026-09-27T17:00:00+00:00,T-120m,2026-09-27T15:00:00+00:00,2026-09-27T14:56:14.420101+00:00,-3.7596649833333333,polymarket_us,Polymarket US,2026-09-27T14:55:44.861948+00:00,0.49263588333333336,-270.0,264.0,0.7297297297297297,0.27472527472527475,0.004455004455004463,0.7264931992903607,1.5,-317.0,-1.5,308.0,0.005289885738468003,0.7561916789447837,,,2400.0,,,True,False,propline,,,,
book,2026_03_NYJ_DET,32656,2026-09-27T17:00:00+00:00,0.0,DET,NYJ,2026-09-27T17:00:00+00:00,T-120m,2026-09-27T15:00:00+00:00,2026-09-27T14:56:14.420101+00:00,-3.7596649833333333,prophetx,ProphetX,2026-09-27T14:55:33.907053+00:00,0.6752174666666666,-275.0,270.0,0.7333333333333333,0.2702702702702703,0.003603603603603567,0.7307001795332136,-6.5,-110.0,6.5,108.0,0.0045787545787545625,0.5214220601640839,47.5,-123.0,121.0,0.0040581945092628136,0.5493401774346746,True,False,propline,,,,
book,2026_03_NYJ_DET,32656,2026-09-27T17:00:00+00:00,0.0,DET,NYJ,2026-09-27T17:00:00+00:00,T-120m,2026-09-27T15:00:00+00:00,2026-09-27T14:56:14.420101+00:00,-3.7596649833333333,rebet,ReBet,2026-09-27T14:55:30.773038+00:00,0.7274510500000001,-295.0,242.0,0.7468354430379747,0.29239766081871343,0.03923310385668799,0.7186409288410857,-5.5,-139.0,5.5,105.0,0.06939483620777631,0.5438496039698445,27.5,-114.0,-121.0,0.08022159259102635,0.4931490761039774,True,False,propline,,,,
book,2026_03_NYJ_DET,32656,2026-09-27T17:00:00+00:00,0.0,DET,NYJ,2026-09-27T17:00:00+00:00,T-120m,2026-09-27T15:00:00+00:00,2026-09-27T14:56:14.420101+00:00,-3.7596649833333333,tab_au,TAB,2026-09-27T14:55:25.748529+00:00,0.8111928666666667,-312.0,240.0,0.7572815533980582,0.29411764705882354,0.05139920045688173,0.7202607278652906,-6.5,-118.0,6.5,-105.0,0.05347952562094438,0.513806287170773,48.5,-111.0,-111.0,0.05213270142180093,0.5,True,False,propline,,,,
consensus,2026_03_NYJ_DET,32656,2026-09-27T17:00:00+00:00,0.0,DET,NYJ,2026-09-27T17:00:00+00:00,T-120m,2026-09-27T15:00:00+00:00,2026-09-27T14:56:14.420101+00:00,-3.7596649833333333,sportsbook_consensus,Robust sportsbook consensus,,,,,,,,0.7264931992903608,-6.5,,,,,,48.5,,,,,True,False,propline,20.0,betmgm|betonlineag|betrivers|betus|betway|bovada|courtside|fanatics|fanduel|hardrock|kalshi|lowvig|marathon|novig|onexbet|pinnacle|polymarket_us|prophetx|rebet|tab_au,2.804970416666667,0.01635995216582531
book,2026_03_HOU_IND,32654,2026-09-27T17:00:00+00:00,0.0,IND,HOU,2026-09-27T17:00:00+00:00,T-120m,2026-09-27T15:00:00+00:00,2026-09-27T14:56:14.420101+00:00,-3.7596649833333333,betmgm,BetMGM,2026-09-27T14:54:48.380594+00:00,1.4339917833333333,105.0,-120.0,0.4878048780487805,0.5454545454545454,0.03325942350332589,0.4721030042918455,1.5,-108.0,-1.5,-110.0,0.04304029304029311,0.4978050921861282,42.5,-108.0,-110.0,0.04304029304029311,0.4978050921861282,True,False,propline,,,,
book,2026_03_HOU_IND,32654,2026-09-27T17:00:00+00:00,0.0,IND,HOU,2026-09-27T17:00:00+00:00,T-120m,2026-09-27T15:00:00+00:00,2026-09-27T14:56:14.420101+00:00,-3.7596649833333333,betonlineag,BetOnline.ag,2026-09-27T14:55:50.176880+00:00,0.4040536833333333,102.0,-122.0,0.49504950495049505,0.5495495495495496,0.044599054500044755,0.4739134147382802,1.5,-110.0,-1.5,-110.0,0.04761904761904767,0.5,42.5,-105.0,-115.0,0.04707884288145214,0.4891657638136511,True,False,propline,,,,
book,2026_03_HOU_IND,32654,2026-09-27T17:00:00+00:00,0.0,IND,HOU,2026-09-27T17:00:00+00:00,T-120m,2026-09-27T15:00:00+00:00,2026-09-27T14:56:14.420101+00:00,-3.7596649833333333,betrivers,BetRivers,2026-09-27T14:55:13.412354+00:00,1.0167957833333334,107.0,-130.0,0.4830917874396135,0.5652173913043478,0.048309178743961345,0.4608294930875576,1.5,-109.0,-1.5,-112.0,0.04983298727092178,0.49677530312150653,,,,,,True,False,propline,,,,
book,2026_03_HOU_IND,32654,2026-09-27T17:00:00+00:00,0.0,IND,HOU,2026-09-27T17:00:00+00:00,T-120m,2026-09-27T15:00:00+00:00,2026-09-27T14:56:14.420101+00:00,-3.7596649833333333,betus,BetUS,2026-09-27T14:55:47.491282+00:00,0.44881365,105.0,-125.0,0.4878048780487805,0.5555555555555556,0.04336043360433606,0.4675324675324675,1.0,-105.0,-1.0,-115.0,0.04707884288145214,0.4891657638136511,42.5,-110.0,-110.0,0.04761904761904767,0.5,True,False,propline,,,,
book,2026_03_HOU_IND,32654,2026-09-27T17:00:00+00:00,0.0,IND,HOU,2026-09-27T17:00:00+00:00,T-120m,2026-09-27T15:00:00+00:00,2026-09-27T14:56:14.420101+00:00,-3.7596649833333333,betway,Betway,2026-09-27T14:53:28.776842+00:00,2.7607209833333335,105.0,-125.0,0.4878048780487805,0.5555555555555556,0.04336043360433606,0.4675324675324675,1.5,-110.0,-1.5,-110.0,0.04761904761904767,0.5,41.5,-115.0,-105.0,0.04707884288145214,0.5108342361863488,True,False,propline,,,,
book,2026_03_HOU_IND,32654,2026-09-27T17:00:00+00:00,0.0,IND,HOU,2026-09-27T17:00:00+00:00,T-120m,2026-09-27T15:00:00+00:00,2026-09-27T14:56:14.420101+00:00,-3.7596649833333333,bovada,Bovada,2026-09-27T14:54:12.141333+00:00,2.0379794666666666,105.0,-125.0,0.4878048780487805,0.5555555555555556,0.04336043360433606,0.4675324675324675,1.5,-105.0,-1.5,-115.0,0.04707884288145214,0.4891657638136511,42.5,-115.0,-105.0,0.04707884288145214,0.5108342361863488,True,False,propline,,,,
book,2026_03_HOU_IND,32654,2026-09-27T17:00:00+00:00,0.0,IND,HOU,2026-09-27T17:00:00+00:00,T-120m,2026-09-27T15:00:00+00:00,2026-09-27T14:56:14.420101+00:00,-3.7596649833333333,courtside,Courtside,2026-09-27T14:53:40.351027+00:00,2.5678179,104.0,-120.0,0.49019607843137253,0.5454545454545454,0.035650623885918,0.4733218588640275,2.5,-125.0,-2.5,-106.0,0.07011866235167208,0.5191532258064516,42.5,-110.0,-106.0,0.038372630605640445,0.5044523597506678,True,False,propline,,,,
book,2026_03_HOU_IND,32654,2026-09-27T17:00:00+00:00,0.0,IND,HOU,2026-09-27T17:00:00+00:00,T-120m,2026-09-27T15:00:00+00:00,2026-09-27T14:56:14.420101+00:00,-3.7596649833333333,fanatics,Fanatics,2026-09-27T14:55:56.194406+00:00,0.30376158333333336,105.0,-125.0,0.4878048780487805,0.5555555555555556,0.04336043360433606,0.4675324675324675,0.5,100.0,-0.5,-120.0,0.045454545454545414,0.4782608695652174,24.5,-1800.0,850.0,0.05263157894736836,0.9,True,False,propline,,,,
book,2026_03_HOU_IND,32654,2026-09-27T17:00:00+00:00,0.0,IND,HOU,2026-09-27T17:00:00+00:00,T-120m,2026-09-27T15:00:00+00:00,2026-09-27T14:56:14.420101+00:00,-3.7596649833333333,fanduel,FanDuel,2026-09-27T14:54:25.462397+00:00,1.8159617333333335,104.0,-122.0,0.49019607843137253,0.5495495495495496,0.03974562798092207,0.47145769622833844,1.5,-108.0,-1.5,-112.0,0.0475326560232221,0.4956702459300312,42.5,-112.0,-108.0,0.0475326560232221,0.5043297540699688,True,False,propline,,,,
book,2026_03_HOU_IND,32654,2026-09-27T17:00:00+00:00,0.0,IND,HOU,2026-09-27T17:00:00+00:00,T-120m,2026-09-27T15:00:00+00:00,2026-09-27T14:56:14.420101+00:00,-3.7596649833333333,hardrock,Hard Rock Bet,2026-09-27T14:56:00.917893+00:00,0.22503679999999998,110.0,-125.0,0.47619047619047616,0.5555555555555556,0.03174603174603163,0.46153846153846156,-1.0,110.0,1.0,-135.0,0.050658561296859084,0.4532304725168756,22.5,-4000.0,1400.0,0.042276422764227606,0.9360374414976599,True,False,propline,,,,
book,2026_03_HOU_IND,32654,2026-09-27T17:00:00+00:00,0.0,IND,HOU,2026-09-27T17:00:00+00:00,T-120m,2026-09-27T15:00:00+00:00,2026-09-27T14:56:14.420101+00:00,-3.7596649833333333,kalshi,Kalshi,2026-09-27T14:54:53.913884+00:00,1.3417702833333334,113.0,-117.0,0.4694835680751174,0.5391705069124424,0.008654074987559657,0.4654554814354047,,,,,,,45.5,150.0,-156.0,0.009374999999999911,0.3962848297213623,True,False,propline,,,,
book,2026_03_HOU_IND,32654,2026-09-27T17:00:00+00:00,0.0,IND,HOU,2026-09-27T17:00:00+00:00,T-120m,2026-09-27T15:00:00+00:00,2026-09-27T14:56:14.420101+00:00,-3.7596649833333333,lowvig,LowVig.ag,2026-09-27T14:55:53.129044+00:00,0.35485095,102.0,-122.0,0.49504950495049505,0.5495495495495496,0.044599054500044755,0.4739134147382802,1.5,-107.0,-1.5,-103.0,0.02429737512196284,0.5046466242274987,42.5,-102.0,-113.0,0.03546692697438747,0.4876548752020112,True,False,propline,,,,
book,2026_03_HOU_IND,32654,2026-09-27T17:00:00+00:00,0.0,IND,HOU,2026-09-27T17:00:00+00:00,T-120m,2026-09-27T15:00:00+00:00,2026-09-27T14:56:14.420101+00:00,-3.7596649833333333,marathon,Marathon Bet,2026-09-27T14:56:01.542633+00:00,0.21462446666666668,-102.0,-124.0,0.504950495049505,0.5535714285714286,0.05852192362093356,0.4770335727409387,1.5,-113.0,-1.5,-113.0,0.06103286384976525,0.5,42.5,-111.0,-114.0,0.05877663108473219,0.4968624497991968,True,False,propline,,,,
book,2026_03_HOU_IND,32654,2026-09-27T17:00:00+00:00,0.0,IND,HOU,2026-09-27T17:00:00+00:00,T-120m,2026-09-27T15:00:00+00:00,2026-09-27T14:56:14.420101+00:00,-3.7596649833333333,novig,Novig,2026-09-27T14:55:19.620840+00:00,0.9133210166666667,113.0,-115.0,0.4694835680751174,0.5348837209302325,0.004367289005349884,0.4674421132731819,2.5,-113.0,-2.5,111.0,0.004450081213982049,0.5281660501074364,44.5,135.0,-144.0,0.015695849319846467,0.41895604395604397,True,False,propline,,,,
book,2026_03_HOU_IND,32654,2026-09-27T17:00:00+00:00,0.0,IND,HOU,2026-09-27T17:00:00+00:00,T-120m,2026-09-27T15:00:00+00:00,2026-09-27T14:56:14.420101+00:00,-3.7596649833333333,onexbet,1xBet,2026-09-27T14:55:43.499242+00:00,0.51534765,105.0,-125.0,0.4878048780487805,0.5555555555555556,0.04336043360433606,0.4675324675324675,1.5,-105.0,-1.5,-115.0,0.04707884288145214,0.4891657638136511,42.5,-110.0,-110.0,0.04761904761904767,0.5,True,False,propline,,,,
book,2026_03_HOU_IND,32654,2026-09-27T17:00:00+00:00,0.0,IND,HOU,2026-09-27T17:00:00+00:00,T-120m,2026-09-27T15:00:00+00:00,2026-09-27T14:56:14.420101+00:00,-3.7596649833333333,pinnacle,Pinnacle,2026-09-27T14:54:33.766400+00:00,1.6775616833333333,108.0,-119.0,0.4807692307692308,0.54337899543379,0.024148226203020817,0.46943325045014145,1.5,-105.0,-1.5,-105.0,0.024390243902439046,0.5,42.5,-104.0,-108.0,0.02903469079939658,0.49541956760718214,True,False,propline,,,,
book,2026_03_HOU_IND,32654,2026-09-27T17:00:00+00:00,0.0,IND,HOU,2026-09-27T17:00:00+00:00,T-120m,2026-09-27T15:00:00+00:00,2026-09-27T14:56:14.420101+00:00,-3.7596649833333333,polymarket_us,Polymarket US,2026-09-27T14:55:45.151580+00:00,0.4878086833333333,115.0,-117.0,0.46511627906976744,0.5391705069124424,0.004286785982209773,0.4631309358659695,1.5,-102.0,-1.5,-100.0,0.004950495049504955,0.5024630541871922,10.5,-809.0,733.0,0.01003701810757307,0.8811449312693433,True,False,propline,,,,
book,2026_03_HOU_IND,32654,2026-09-27T17:00:00+00:00,0.0,IND,HOU,2026-09-27T17:00:00+00:00,T-120m,2026-09-27T15:00:00+00:00,2026-09-27T14:56:14.420101+00:00,-3.7596649833333333,prophetx,ProphetX,2026-09-27T14:55:35.634114+00:00,0.6464331166666667,113.0,-116.0,0.4694835680751174,0.5370370370370371,0.006520605112154465,0.466442083441306,2.5,-113.0,-2.5,111.0,0.004450081213982049,0.5281660501074364,44.5,138.0,-144.0,0.010332001653120315,0.41587128442868826,True,False,propline,,,,
book,2026_03_HOU_IND,32654,2026-09-27T17:00:00+00:00,0.0,IND,HOU,2026-09-27T17:00:00+00:00,T-120m,2026-09-27T15:00:00+00:00,2026-09-27T14:56:14.420101+00:00,-3.7596649833333333,rebet,ReBet,2026-09-27T14:55:31.098272+00:00,0.7220304833333333,105.0,-123.0,0.4878048780487805,0.5515695067264574,0.039374384775237914,0.4693254761654214,1.5,-109.0,-1.5,-120.0,0.06698564593301426,0.4887892376681614,41.5,-125.0,-105.0,0.0677506775067751,0.5203045685279188,True,False,propline,,,,
book,2026_03_HOU_IND,32654,2026-09-27T17:00:00+00:00,0.0,IND,HOU,2026-09-27T17:00:00+00:00,T-120m,2026-09-27T15:00:00+00:00,2026-09-27T14:56:14.420101+00:00,-3.7596649833333333,tab_au,TAB,2026-09-27T14:55:25.825594+00:00,0.80990845,100.0,-125.0,0.5,0.5555555555555556,0.05555555555555558,0.47368421052631576,1.5,-105.0,-1.5,-118.0,0.05347952562094438,0.4861937128292268,42.5,-111.0,-111.0,0.05213270142180093,0.5,True,False,propline,,,,
consensus,2026_03_HOU_IND,32654,2026-09-27T17:00:00+00:00,0.0,IND,HOU,2026-09-27T17:00:00+00:00,T-120m,2026-09-27T15:00:00+00:00,2026-09-27T14:56:14.420101+00:00,-3.7596649833333333,sportsbook_consensus,Robust sportsbook consensus,,,,,,,,0.4675324675324675,1.5,,,,,,42.5,,,,,True,False,propline,20.0,betmgm|betonlineag|betrivers|betus|betway|bovada|courtside|fanatics|fanduel|hardrock|kalshi|lowvig|marathon|novig|onexbet|pinnacle|polymarket_us|prophetx|rebet|tab_au,2.7607209833333335,0.01620407965338111
book,2026_03_NE_JAX,32651,2026-09-27T17:00:00+00:00,0.0,JAX,NE,2026-09-27T17:00:00+00:00,T-120m,2026-09-27T15:00:00+00:00,2026-09-27T14:56:14.420101+00:00,-3.7596649833333333,betmgm,BetMGM,2026-09-27T14:54:45.883563+00:00,1.4756089666666665,-160.0,130.0,0.6153846153846154,0.43478260869565216,0.050167224080267525,0.5859872611464969,-3.0,-105.0,3.0,-112.0,0.040497008743672236,0.4922600619195047,46.0,-108.0,-110.0,0.04304029304029311,0.4978050921861282,True,False,propline,,,,
book,2026_03_NE_JAX,32651,2026-09-27T17:00:00+00:00,0.0,JAX,NE,2026-09-27T17:00:00+00:00,T-120m,2026-09-27T15:00:00+00:00,2026-09-27T14:56:14.420101+00:00,-3.7596649833333333,betonlineag,BetOnline.ag,2026-09-27T14:55:49.990203+00:00,0.4071649666666667,-152.0,132.0,0.6031746031746031,0.43103448275862066,0.034209085933223804,0.5832230748875364,-3.0,100.0,3.0,-120.0,0.045454545454545414,0.4782608695652174,46.0,-110.0,-110.0,0.04761904761904767,0.5,True,False,propline,,,,
book,2026_03_NE_JAX,32651,2026-09-27T17:00:00+00:00,0.0,JAX,NE,2026-09-27T17:00:00+00:00,T-120m,2026-09-27T15:00:00+00:00,2026-09-27T14:56:14.420101+00:00,-3.7596649833333333,betrivers,BetRivers,2026-09-27T14:55:13.717708+00:00,1.01170655,-157.0,132.0,0.6108949416342413,0.43103448275862066,0.04192942439286185,0.5863112484708004,-3.0,-106.0,3.0,-115.0,0.049446827726348896,0.4903184165232359,,,,,,True,False,propline,,,,
book,2026_03_NE_JAX,32651,2026-09-27T17:00:00+00:00,0.0,JAX,NE,2026-09-27T17:00:00+00:00,T-120m,2026-09-27T15:00:00+00:00,2026-09-27T14:56:14.420101+00:00,-3.7596649833333333,betus,BetUS,2026-09-27T14:55:46.641509+00:00,0.46297653333333333,-155.0,134.0,0.6078431372549019,0.42735042735042733,0.035193564605329186,0.587178241864983,-3.0,100.0,3.0,-120.0,0.045454545454545414,0.4782608695652174,46.0,-110.0,-110.0,0.04761904761904767,0.5,True,False,propline,,,,
book,2026_03_NE_JAX,32651,2026-09-27T17:00:00+00:00,0.0,JAX,NE,2026-09-27T17:00:00+00:00,T-120m,2026-09-27T15:00:00+00:00,2026-09-27T14:56:14.420101+00:00,-3.7596649833333333,betway,Betway,2026-09-27T14:53:29.819074+00:00,2.74335045,-150.0,125.0,0.6,0.4444444444444444,0.04444444444444429,0.574468085106383,-2.5,-120.0,2.5,100.0,0.045454545454545414,0.5217391304347826,45.5,-110.0,-110.0,0.04761904761904767,0.5,True,False,propline,,,,
book,2026_03_NE_JAX,32651,2026-09-27T17:00:00+00:00,0.0,JAX,NE,2026-09-27T17:00:00+00:00,T-120m,2026-09-27T15:00:00+00:00,2026-09-27T14:56:14.420101+00:00,-3.7596649833333333,bovada,Bovada,2026-09-27T14:54:13.604406+00:00,2.013594916666667,-150.0,130.0,0.6,0.43478260869565216,0.034782608695652195,0.5798319327731092,-2.5,-120.0,2.5,100.0,0.045454545454545414,0.5217391304347826,46.0,-105.0,-115.0,0.04707884288145214,0.4891657638136511,True,False,propline,,,,
book,2026_03_NE_JAX,32651,2026-09-27T17:00:00+00:00,0.0,JAX,NE,2026-09-27T17:00:00+00:00,T-120m,2026-09-27T15:00:00+00:00,2026-09-27T14:56:14.420101+00:00,-3.7596649833333333,courtside,Courtside,2026-09-27T14:53:46.022068+00:00,2.47330055,-152.0,133.0,0.6031746031746031,0.4291845493562232,0.03235915253082622,0.584268180018477,1.5,-189.0,-1.5,140.0,0.07064590542099203,0.6108268246700781,11.5,-943.0,679.0,0.032492427664348345,0.8756700763025734,True,False,propline,,,,
book,2026_03_NE_JAX,32651,2026-09-27T17:00:00+00:00,0.0,JAX,NE,2026-09-27T17:00:00+00:00,T-120m,2026-09-27T15:00:00+00:00,2026-09-27T14:56:14.420101+00:00,-3.7596649833333333,fanatics,Fanatics,2026-09-27T14:55:56.376670+00:00,0.30072385,-155.0,130.0,0.6078431372549019,0.43478260869565216,0.04262574595055413,0.5829926410466066,0.5,-160.0,-0.5,130.0,0.050167224080267525,0.5859872611464969,25.5,-2500.0,1050.0,0.04849498327759205,0.9170653907496013,True,False,propline,,,,
book,2026_03_NE_JAX,32651,2026-09-27T17:00:00+00:00,0.0,JAX,NE,2026-09-27T17:00:00+00:00,T-120m,2026-09-27T15:00:00+00:00,2026-09-27T14:56:14.420101+00:00,-3.7596649833333333,fanduel,FanDuel,2026-09-27T14:54:24.986379+00:00,1.8238953666666666,-158.0,136.0,0.6124031007751938,0.423728813559322,0.03613191433451579,0.5910474258179051,-2.5,-122.0,2.5,100.0,0.04954954954954971,0.5236051502145922,45.5,-120.0,-102.0,0.05040504050405037,0.519280205655527,True,False,propline,,,,
book,2026_03_NE_JAX,32651,2026-09-27T17:00:00+00:00,0.0,JAX,NE,2026-09-27T17:00:00+00:00,T-120m,2026-09-27T15:00:00+00:00,2026-09-27T14:56:14.420101+00:00,-3.7596649833333333,hardrock,Hard Rock Bet,2026-09-27T14:53:30.727762+00:00,2.72820565,-155.0,130.0,0.6078431372549019,0.43478260869565216,0.04262574595055413,0.5829926410466066,-1.0,-150.0,1.0,120.0,0.05454545454545445,0.5689655172413793,23.5,-7000.0,1750.0,0.039969547011800444,0.9480234260614935,True,False,propline,,,,
book,2026_03_NE_JAX,32651,2026-09-27T17:00:00+00:00,0.0,JAX,NE,2026-09-27T17:00:00+00:00,T-120m,2026-09-27T15:00:00+00:00,2026-09-27T14:56:14.420101+00:00,-3.7596649833333333,kalshi,Kalshi,2026-09-27T14:54:57.091803+00:00,1.2888049666666668,-150.0,144.0,0.6,0.4098360655737705,0.00983606557377037,0.5941558441558442,,,,,,,44.5,-127.0,122.0,0.00992181608921694,0.5539749282823123,True,False,propline,,,,
book,2026_03_NE_JAX,32651,2026-09-27T17:00:00+00:00,0.0,JAX,NE,2026-09-27T17:00:00+00:00,T-120m,2026-09-27T15:00:00+00:00,2026-09-27T14:56:14.420101+00:00,-3.7596649833333333,lowvig,LowVig.ag,2026-09-27T14:55:52.986159+00:00,0.35723236666666663,-152.0,132.0,0.6031746031746031,0.43103448275862066,0.034209085933223804,0.5832230748875364,-3.0,105.0,3.0,-116.0,0.02484191508581768,0.4759806081974437,46.0,-107.0,-107.0,0.033816425120772875,0.5,True,False,propline,,,,
book,2026_03_NE_JAX,32651,2026-09-27T17:00:00+00:00,0.0,JAX,NE,2026-09-27T17:00:00+00:00,T-120m,2026-09-27T15:00:00+00:00,2026-09-27T14:56:14.420101+00:00,-3.7596649833333333,marathon,Marathon Bet,2026-09-27T14:56:01.591457+00:00,0.21381073333333334,-135.0,107.0,0.574468085106383,0.4830917874396135,0.05755987254599648,0.5432014773058607,-2.5,-114.0,2.5,-111.0,0.05877663108473219,0.5031375502008032,45.5,-115.0,-110.0,0.058693244739756345,0.5052301255230125,True,False,propline,,,,
book,2026_03_NE_JAX,32651,2026-09-27T17:00:00+00:00,0.0,JAX,NE,2026-09-27T17:00:00+00:00,T-120m,2026-09-27T15:00:00+00:00,2026-09-27T14:56:14.420101+00:00,-3.7596649833333333,novig,Novig,2026-09-27T14:55:21.021727+00:00,0.8899729,-144.0,141.0,0.5901639344262295,0.4149377593360996,0.0051016937623291625,0.5871683811586356,-1.5,-133.0,1.5,127.0,0.011344085005010385,0.564412704941018,46.5,106.0,-108.0,0.004667662434652886,0.48318156476491353,True,False,propline,,,,
book,2026_03_NE_JAX,32651,2026-09-27T17:00:00+00:00,0.0,JAX,NE,2026-09-27T17:00:00+00:00,T-120m,2026-09-27T15:00:00+00:00,2026-09-27T14:56:14.420101+00:00,-3.7596649833333333,onexbet,1xBet,2026-09-27T14:55:43.551785+00:00,0.5144719333333333,-150.0,125.0,0.6,0.4444444444444444,0.04444444444444429,0.574468085106383,-2.5,-120.0,2.5,100.0,0.045454545454545414,0.5217391304347826,46.5,-105.0,-115.0,0.04707884288145214,0.4891657638136511,True,False,propline,,,,
book,2026_03_NE_JAX,32651,2026-09-27T17:00:00+00:00,0.0,JAX,NE,2026-09-27T17:00:00+00:00,T-120m,2026-09-27T15:00:00+00:00,2026-09-27T14:56:14.420101+00:00,-3.7596649833333333,pinnacle,Pinnacle,2026-09-27T14:54:36.296681+00:00,1.6353903333333333,-147.0,133.0,0.5951417004048583,0.4291845493562232,0.024326249761081442,0.5810079557598683,-2.5,-116.0,2.5,105.0,0.02484191508581768,0.5240193918025562,45.5,-112.0,-101.0,0.030789448981507483,0.5125216282670066,True,False,propline,,,,
book,2026_03_NE_JAX,32651,2026-09-27T17:00:00+00:00,0.0,JAX,NE,2026-09-27T17:00:00+00:00,T-120m,2026-09-27T15:00:00+00:00,2026-09-27T14:56:14.420101+00:00,-3.7596649833333333,polymarket_us,Polymarket US,2026-09-27T14:55:44.279107+00:00,0.5023499,-147.0,144.0,0.5951417004048583,0.4098360655737705,0.0049777659786287565,0.5921938977677982,1.5,-156.0,-1.5,153.0,0.004631916996047369,0.6065654392328026,10.5,-1329.0,1150.0,0.010020993701889358,0.9207937255771417,True,False,propline,,,,
book,2026_03_NE_JAX,32651,2026-09-27T17:00:00+00:00,0.0,JAX,NE,2026-09-27T17:00:00+00:00,T-120m,2026-09-27T15:00:00+00:00,2026-09-27T14:56:14.420101+00:00,-3.7596649833333333,prophetx,ProphetX,2026-09-27T14:55:34.377254+00:00,0.6673807833333334,-144.0,142.0,0.5901639344262295,0.4132231404958678,0.003387074922097222,0.5881717526330003,-2.5,-116.0,2.5,113.0,0.006520605112154465,0.533557916558694,44.5,-124.0,122.0,0.004021879021879116,0.55135394968755,True,False,propline,,,,
book,2026_03_NE_JAX,32651,2026-09-27T17:00:00+00:00,0.0,JAX,NE,2026-09-27T17:00:00+00:00,T-120m,2026-09-27T15:00:00+00:00,2026-09-27T14:56:14.420101+00:00,-3.7596649833333333,rebet,ReBet,2026-09-27T14:55:30.601288+00:00,0.73031355,-154.0,131.0,0.6062992125984252,0.4329004329004329,0.03919964549885813,0.5834290025256667,-2.5,-139.0,2.5,105.0,0.06939483620777631,0.5438496039698445,23.5,-128.0,-108.0,0.08063427800269896,0.5195129566031845,True,False,propline,,,,
book,2026_03_NE_JAX,32651,2026-09-27T17:00:00+00:00,0.0,JAX,NE,2026-09-27T17:00:00+00:00,T-120m,2026-09-27T15:00:00+00:00,2026-09-27T14:56:14.420101+00:00,-3.7596649833333333,tab_au,TAB,2026-09-27T14:55:25.868435+00:00,0.8091944333333333,-154.0,125.0,0.6062992125984252,0.4444444444444444,0.05074365704286965,0.5770191507077436,-3.0,-105.0,3.0,-118.0,0.05347952562094438,0.4861937128292268,45.5,-118.0,-105.0,0.05347952562094438,0.513806287170773,True,False,propline,,,,
consensus,2026_03_NE_JAX,32651,2026-09-27T17:00:00+00:00,0.0,JAX,NE,2026-09-27T17:00:00+00:00,T-120m,2026-09-27T15:00:00+00:00,2026-09-27T14:56:14.420101+00:00,-3.7596649833333333,sportsbook_consensus,Robust sportsbook consensus,,,,,,,,0.5833260423410818,-2.5,,,,,,45.5,,,,,True,False,propline,20.0,betmgm|betonlineag|betrivers|betus|betway|bovada|courtside|fanatics|fanduel|hardrock|kalshi|lowvig|marathon|novig|onexbet|pinnacle|polymarket_us|prophetx|rebet|tab_au,2.74335045,0.05095436684998356
book,2026_03_KC_MIA,32650,2026-09-27T17:00:00+00:00,0.0,MIA,KC,2026-09-27T17:00:00+00:00,T-120m,2026-09-27T15:00:00+00:00,2026-09-27T14:56:14.420101+00:00,-3.7596649833333333,betmgm,BetMGM,2026-09-27T14:54:47.698115+00:00,1.4453664333333334,425.0,-550.0,0.19047619047619047,0.8461538461538461,0.0366300366300365,0.18374558303886926,9.5,-105.0,-9.5,-105.0,0.024390243902439046,0.5,45.5,-110.0,-108.0,0.04304029304029311,0.5021949078138718,True,False,propline,,,,
book,2026_03_KC_MIA,32650,2026-09-27T17:00:00+00:00,0.0,MIA,KC,2026-09-27T17:00:00+00:00,T-120m,2026-09-27T15:00:00+00:00,2026-09-27T14:56:14.420101+00:00,-3.7596649833333333,betonlineag,BetOnline.ag,2026-09-27T14:55:50.097344+00:00,0.40537928333333334,455.0,-615.0,0.18018018018018017,0.8601398601398601,0.04032004032004033,0.17319687518924481,10.0,-115.0,-10.0,-105.0,0.04707884288145214,0.5108342361863488,45.0,-110.0,-110.0,0.04761904761904767,0.5,True,False,propline,,,,
book,2026_03_KC_MIA,32650,2026-09-27T17:00:00+00:00,0.0,MIA,KC,2026-09-27T17:00:00+00:00,T-120m,2026-09-27T15:00:00+00:00,2026-09-27T14:56:14.420101+00:00,-3.7596649833333333,betrivers,BetRivers,2026-09-27T14:55:14.238721+00:00,1.003023,500.0,-715.0,0.16666666666666666,0.8773006134969326,0.0439672801635993,0.15964740450538684,9.5,-106.0,-9.5,-115.0,0.049446827726348896,0.4903184165232359,,,,,,True,False,propline,,,,
book,2026_03_KC_MIA,32650,2026-09-27T17:00:00+00:00,0.0,MIA,KC,2026-09-27T17:00:00+00:00,T-120m,2026-09-27T15:00:00+00:00,2026-09-27T14:56:14.420101+00:00,-3.7596649833333333,betus,BetUS,2026-09-27T14:55:46.734716+00:00,0.4614230833333333,475.0,-650.0,0.17391304347826086,0.8666666666666667,0.04057971014492745,0.1671309192200557,9.5,-110.0,-9.5,-110.0,0.04761904761904767,0.5,45.0,-110.0,-110.0,0.04761904761904767,0.5,True,False,propline,,,,
book,2026_03_KC_MIA,32650,2026-09-27T17:00:00+00:00,0.0,MIA,KC,2026-09-27T17:00:00+00:00,T-120m,2026-09-27T15:00:00+00:00,2026-09-27T14:56:14.420101+00:00,-3.7596649833333333,betway,Betway,2026-09-27T14:53:29.662080+00:00,2.745967016666667,450.0,-599.0,0.18181818181818182,0.8569384835479256,0.038756665366107335,0.17503443095029425,9.5,-105.0,-9.5,-115.0,0.04707884288145214,0.4891657638136511,45.5,-105.0,-115.0,0.04707884288145214,0.4891657638136511,True,False,propline,,,,
book,2026_03_KC_MIA,32650,2026-09-27T17:00:00+00:00,0.0,MIA,KC,2026-09-27T17:00:00+00:00,T-120m,2026-09-27T15:00:00+00:00,2026-09-27T14:56:14.420101+00:00,-3.7596649833333333,bovada,Bovada,2026-09-27T14:54:12.527426+00:00,2.0315445833333334,425.0,-600.0,0.19047619047619047,0.8571428571428571,0.04761904761904745,0.18181818181818185,9.5,-110.0,-9.5,-110.0,0.04761904761904767,0.5,45.0,-115.0,-105.0,0.04707884288145214,0.5108342361863488,True,False,propline,,,,
book,2026_03_KC_MIA,32650,2026-09-27T17:00:00+00:00,0.0,MIA,KC,2026-09-27T17:00:00+00:00,T-120m,2026-09-27T15:00:00+00:00,2026-09-27T14:56:14.420101+00:00,-3.7596649833333333,courtside,Courtside,2026-09-27T14:53:36.796480+00:00,2.6270603500000003,455.0,-576.0,0.18018018018018017,0.8520710059171598,0.03225118609734001,0.17455071266267297,1.5,310.0,-1.5,-474.0,0.06968641114982566,0.22801302931596093,10.5,-369.0,298.0,0.03803666520234428,0.7579504753253992,True,False,propline,,,,
book,2026_03_KC_MIA,32650,2026-09-27T17:00:00+00:00,0.0,MIA,KC,2026-09-27T17:00:00+00:00,T-120m,2026-09-27T15:00:00+00:00,2026-09-27T14:56:14.420101+00:00,-3.7596649833333333,fanatics,Fanatics,2026-09-27T14:55:56.556158+00:00,0.2977323833333333,430.0,-600.0,0.18867924528301888,0.8571428571428571,0.04582210242587603,0.18041237113402062,0.5,390.0,-0.5,-600.0,0.06122448979591821,0.19230769230769235,25.5,-2500.0,1050.0,0.04849498327759205,0.9170653907496013,True,False,propline,,,,
book,2026_03_KC_MIA,32650,2026-09-27T17:00:00+00:00,0.0,MIA,KC,2026-09-27T17:00:00+00:00,T-120m,2026-09-27T15:00:00+00:00,2026-09-27T14:56:14.420101+00:00,-3.7596649833333333,fanduel,FanDuel,2026-09-27T14:55:22.841204+00:00,0.8596482833333333,460.0,-620.0,0.17857142857142858,0.8611111111111112,0.039682539682539764,0.17175572519083968,9.5,-102.0,-9.5,-120.0,0.05040504050405037,0.48071979434447304,45.5,-105.0,-115.0,0.04707884288145214,0.4891657638136511,True,False,propline,,,,
book,2026_03_KC_MIA,32650,2026-09-27T17:00:00+00:00,0.0,MIA,KC,2026-09-27T17:00:00+00:00,T-120m,2026-09-27T15:00:00+00:00,2026-09-27T14:56:14.420101+00:00,-3.7596649833333333,hardrock,Hard Rock Bet,2026-09-27T14:53:34.074898+00:00,2.67242005,450.0,-650.0,0.18181818181818182,0.8666666666666667,0.048484848484848575,0.17341040462427745,-1.0,450.0,1.0,-750.0,0.06417112299465244,0.1708542713567839,23.5,-7000.0,1750.0,0.039969547011800444,0.9480234260614935,True,False,propline,,,,
book,2026_03_KC_MIA,32650,2026-09-27T17:00:00+00:00,0.0,MIA,KC,2026-09-27T17:00:00+00:00,T-120m,2026-09-27T15:00:00+00:00,2026-09-27T14:56:14.420101+00:00,-3.7596649833333333,kalshi,Kalshi,2026-09-27T14:55:54.174091+00:00,0.3374335,525.0,-567.0,0.16,0.8500749625187406,0.010074962518740627,0.15840408478299592,,,,,,,43.5,-133.0,127.0,0.011344085005010385,0.564412704941018,True,False,propline,,,,
book,2026_03_KC_MIA,32650,2026-09-27T17:00:00+00:00,0.0,MIA,KC,2026-09-27T17:00:00+00:00,T-120m,2026-09-27T15:00:00+00:00,2026-09-27T14:56:14.420101+00:00,-3.7596649833333333,lowvig,LowVig.ag,2026-09-27T14:55:53.061655+00:00,0.3559741,455.0,-615.0,0.18018018018018017,0.8601398601398601,0.04032004032004033,0.17319687518924481,10.0,-115.0,-10.0,104.0,0.025079799361604982,0.521797153024911,45.0,-107.0,-107.0,0.033816425120772875,0.5,True,False,propline,,,,
book,2026_03_KC_MIA,32650,2026-09-27T17:00:00+00:00,0.0,MIA,KC,2026-09-27T17:00:00+00:00,T-120m,2026-09-27T15:00:00+00:00,2026-09-27T14:56:14.420101+00:00,-3.7596649833333333,marathon,Marathon Bet,2026-09-27T14:56:01.685282+00:00,0.21224698333333333,410.0,-629.0,0.19607843137254902,0.8628257887517147,0.05890422012426377,0.18517107368741903,9.5,-110.0,-9.5,-115.0,0.058693244739756345,0.4947698744769875,45.5,-113.0,-113.0,0.06103286384976525,0.5,True,False,propline,,,,
book,2026_03_KC_MIA,32650,2026-09-27T17:00:00+00:00,0.0,MIA,KC,2026-09-27T17:00:00+00:00,T-120m,2026-09-27T15:00:00+00:00,2026-09-27T14:56:14.420101+00:00,-3.7596649833333333,novig,Novig,2026-09-27T14:55:21.365404+00:00,0.8842449499999999,488.0,-525.0,0.17006802721088435,0.84,0.0100680272108844,0.1683728448275862,8.5,106.0,-8.5,-111.0,0.011503243914783967,0.47991629895828597,44.5,-113.0,108.0,0.011285662694113352,0.5245960182126596,True,False,propline,,,,
book,2026_03_KC_MIA,32650,2026-09-27T17:00:00+00:00,0.0,MIA,KC,2026-09-27T17:00:00+00:00,T-120m,2026-09-27T15:00:00+00:00,2026-09-27T14:56:14.420101+00:00,-3.7596649833333333,onexbet,1xBet,2026-09-27T14:55:43.614402+00:00,0.5134283166666667,475.0,-649.0,0.17391304347826086,0.8664886515353805,0.04040169501364144,0.16715951570607598,8.5,-112.0,-8.5,-118.0,0.06958629046217757,0.4939310568053083,45.5,-105.0,-115.0,0.04707884288145214,0.4891657638136511,True,False,propline,,,,
book,2026_03_KC_MIA,32650,2026-09-27T17:00:00+00:00,0.0,MIA,KC,2026-09-27T17:00:00+00:00,T-120m,2026-09-27T15:00:00+00:00,2026-09-27T14:56:14.420101+00:00,-3.7596649833333333,pinnacle,Pinnacle,2026-09-27T14:54:31.702646+00:00,1.7119575833333334,455.0,-574.0,0.18018018018018017,0.8516320474777448,0.03181222765792491,0.17462497085265694,10.0,-115.0,-10.0,104.0,0.025079799361604982,0.521797153024911,45.0,-109.0,-103.0,0.028920263040045135,0.506872222476749,True,False,propline,,,,
book,2026_03_KC_MIA,32650,2026-09-27T17:00:00+00:00,0.0,MIA,KC,2026-09-27T17:00:00+00:00,T-120m,2026-09-27T15:00:00+00:00,2026-09-27T14:56:14.420101+00:00,-3.7596649833333333,polymarket_us,Polymarket US,2026-09-27T14:55:43.309067+00:00,0.5185172333333333,525.0,-545.0,0.16,0.8449612403100775,0.004961240310077386,0.1592101203332305,1.5,456.0,-1.5,-471.0,0.0047247665965302055,0.17901033306581057,10.5,-2400.0,1900.0,0.010000000000000009,0.9504950495049505,True,False,propline,,,,
book,2026_03_KC_MIA,32650,2026-09-27T17:00:00+00:00,0.0,MIA,KC,2026-09-27T17:00:00+00:00,T-120m,2026-09-27T15:00:00+00:00,2026-09-27T14:56:14.420101+00:00,-3.7596649833333333,prophetx,ProphetX,2026-09-27T14:55:35.143084+00:00,0.65461695,500.0,-530.0,0.16666666666666666,0.8412698412698413,0.007936507936507908,0.1653543307086614,10.5,-123.0,-10.5,119.0,0.008190511292667457,0.5470885716026566,45.5,108.0,-110.0,0.0045787545787545625,0.4785779398359162,True,False,propline,,,,
book,2026_03_KC_MIA,32650,2026-09-27T17:00:00+00:00,0.0,MIA,KC,2026-09-27T17:00:00+00:00,T-120m,2026-09-27T15:00:00+00:00,2026-09-27T14:56:14.420101+00:00,-3.7596649833333333,rebet,ReBet,2026-09-27T14:55:30.037512+00:00,0.7397098166666667,430.0,-575.0,0.18867924528301888,0.8518518518518519,0.040531097134870686,0.18132975151108127,10.5,-133.0,-10.5,100.0,0.07081545064377681,0.533066132264529,27.5,-112.0,-124.0,0.08187331536388154,0.4883213952039862,True,False,propline,,,,
book,2026_03_KC_MIA,32650,2026-09-27T17:00:00+00:00,0.0,MIA,KC,2026-09-27T17:00:00+00:00,T-120m,2026-09-27T15:00:00+00:00,2026-09-27T14:56:14.420101+00:00,-3.7596649833333333,tab_au,TAB,2026-09-27T14:55:25.947185+00:00,0.8078819333333332,400.0,-588.0,0.2,0.8546511627906976,0.054651162790697594,0.1896361631753032,10.0,-118.0,-10.0,-105.0,0.05347952562094438,0.513806287170773,44.5,-111.0,-111.0,0.05213270142180093,0.5,True,False,propline,,,,
consensus,2026_03_KC_MIA,32650,2026-09-27T17:00:00+00:00,0.0,MIA,KC,2026-09-27T17:00:00+00:00,T-120m,2026-09-27T15:00:00+00:00,2026-09-27T14:56:14.420101+00:00,-3.7596649833333333,sportsbook_consensus,Robust sportsbook consensus,,,,,,,,0.17330361391437457,9.5,,,,,,45.0,,,,,True,False,propline,20.0,betmgm|betonlineag|betrivers|betus|betway|bovada|courtside|fanatics|fanduel|hardrock|kalshi|lowvig|marathon|novig|onexbet|pinnacle|polymarket_us|prophetx|rebet|tab_au,2.745967016666667,0.031232078392307294
book,2026_03_TEN_NYG,32653,2026-09-27T17:00:00+00:00,0.0,NYG,TEN,2026-09-27T17:00:00+00:00,T-120m,2026-09-27T15:00:00+00:00,2026-09-27T14:56:14.420101+00:00,-3.7596649833333333,betmgm,BetMGM,2026-09-27T14:54:46.126555+00:00,1.4715591000000001,-140.0,115.0,0.5833333333333334,0.46511627906976744,0.04844961240310086,0.5563770794824399,-2.5,-112.0,2.5,-105.0,0.040497008743672236,0.5077399380804954,37.5,-108.0,-110.0,0.04304029304029311,0.4978050921861282,True,False,propline,,,,
book,2026_03_TEN_NYG,32653,2026-09-27T17:00:00+00:00,0.0,NYG,TEN,2026-09-27T17:00:00+00:00,T-120m,2026-09-27T15:00:00+00:00,2026-09-27T14:56:14.420101+00:00,-3.7596649833333333,betonlineag,BetOnline.ag,2026-09-27T14:55:49.885501+00:00,0.40891,-131.0,111.0,0.5670995670995671,0.47393364928909953,0.04103321638866664,0.5447468516584222,-2.5,-105.0,2.5,-115.0,0.04707884288145214,0.4891657638136511,37.5,-110.0,-110.0,0.04761904761904767,0.5,True,False,propline,,,,
book,2026_03_TEN_NYG,32653,2026-09-27T17:00:00+00:00,0.0,NYG,TEN,2026-09-27T17:00:00+00:00,T-120m,2026-09-27T15:00:00+00:00,2026-09-27T14:56:14.420101+00:00,-3.7596649833333333,betrivers,BetRivers,2026-09-27T14:55:17.852767+00:00,0.9427889,-141.0,117.0,0.5850622406639004,0.4608294930875576,0.04589173375145794,0.5593908258222572,-2.5,-110.0,2.5,-110.0,0.04761904761904767,0.5,,,,,,True,False,propline,,,,
book,2026_03_TEN_NYG,32653,2026-09-27T17:00:00+00:00,0.0,NYG,TEN,2026-09-27T17:00:00+00:00,T-120m,2026-09-27T15:00:00+00:00,2026-09-27T14:56:14.420101+00:00,-3.7596649833333333,betus,BetUS,2026-09-27T14:55:46.593801+00:00,0.46377166666666664,-135.0,115.0,0.574468085106383,0.46511627906976744,0.03958436417615041,0.552594002855783,-2.0,-115.0,2.0,-105.0,0.04707884288145214,0.5108342361863488,37.5,-110.0,-110.0,0.04761904761904767,0.5,True,False,propline,,,,
book,2026_03_TEN_NYG,32653,2026-09-27T17:00:00+00:00,0.0,NYG,TEN,2026-09-27T17:00:00+00:00,T-120m,2026-09-27T15:00:00+00:00,2026-09-27T14:56:14.420101+00:00,-3.7596649833333333,betway,Betway,2026-09-27T14:53:29.345381+00:00,2.7512453333333338,-135.0,110.0,0.574468085106383,0.47619047619047616,0.050658561296859084,0.5467695274831245,-2.5,-110.0,2.5,-110.0,0.04761904761904767,0.5,38.5,-105.0,-115.0,0.04707884288145214,0.4891657638136511,True,False,propline,,,,
book,2026_03_TEN_NYG,32653,2026-09-27T17:00:00+00:00,0.0,NYG,TEN,2026-09-27T17:00:00+00:00,T-120m,2026-09-27T15:00:00+00:00,2026-09-27T14:56:14.420101+00:00,-3.7596649833333333,bovada,Bovada,2026-09-27T14:54:17.885813+00:00,1.9422381333333334,-135.0,115.0,0.574468085106383,0.46511627906976744,0.03958436417615041,0.552594002855783,-2.5,-110.0,2.5,-110.0,0.04761904761904767,0.5,38.0,-110.0,-110.0,0.04761904761904767,0.5,True,False,propline,,,,
book,2026_03_TEN_NYG,32653,2026-09-27T17:00:00+00:00,0.0,NYG,TEN,2026-09-27T17:00:00+00:00,T-120m,2026-09-27T15:00:00+00:00,2026-09-27T14:56:14.420101+00:00,-3.7596649833333333,courtside,Courtside,2026-09-27T14:53:38.105235+00:00,2.6052477666666665,-127.0,112.0,0.5594713656387665,0.4716981132075472,0.031169478846313714,0.5425600515879413,1.5,-155.0,-1.5,116.0,0.07080610021786482,0.5676500508646999,39.5,112.0,-143.0,0.060175479462691195,0.4449245642302622,True,False,propline,,,,
book,2026_03_TEN_NYG,32653,2026-09-27T17:00:00+00:00,0.0,NYG,TEN,2026-09-27T17:00:00+00:00,T-120m,2026-09-27T15:00:00+00:00,2026-09-27T14:56:14.420101+00:00,-3.7596649833333333,fanatics,Fanatics,2026-09-27T14:55:59.293384+00:00,0.25211195,-140.0,115.0,0.5833333333333334,0.46511627906976744,0.04844961240310086,0.5563770794824399,0.5,-140.0,-0.5,115.0,0.04844961240310086,0.5563770794824399,22.5,-1100.0,600.0,0.059523809523809534,0.8651685393258427,True,False,propline,,,,
book,2026_03_TEN_NYG,32653,2026-09-27T17:00:00+00:00,0.0,NYG,TEN,2026-09-27T17:00:00+00:00,T-120m,2026-09-27T15:00:00+00:00,2026-09-27T14:56:14.420101+00:00,-3.7596649833333333,fanduel,FanDuel,2026-09-27T14:54:32.449345+00:00,1.6995125999999998,-138.0,118.0,0.5798319327731093,0.45871559633027525,0.03854752910338455,0.5583104446588969,-2.5,-110.0,2.5,-110.0,0.04761904761904767,0.5,37.5,-115.0,-105.0,0.04707884288145214,0.5108342361863488,True,False,propline,,,,
book,2026_03_TEN_NYG,32653,2026-09-27T17:00:00+00:00,0.0,NYG,TEN,2026-09-27T17:00:00+00:00,T-120m,2026-09-27T15:00:00+00:00,2026-09-27T14:56:14.420101+00:00,-3.7596649833333333,hardrock,Hard Rock Bet,2026-09-27T14:53:29.467620+00:00,2.7492080166666666,-130.0,115.0,0.5652173913043478,0.46511627906976744,0.030333670374115274,0.5485770363101079,-1.0,-125.0,1.0,105.0,0.04336043360433606,0.5324675324675325,21.5,-2000.0,1000.0,0.043290043290043156,0.9128630705394192,True,False,propline,,,,
book,2026_03_TEN_NYG,32653,2026-09-27T17:00:00+00:00,0.0,NYG,TEN,2026-09-27T17:00:00+00:00,T-120m,2026-09-27T15:00:00+00:00,2026-09-27T14:56:14.420101+00:00,-3.7596649833333333,kalshi,Kalshi,2026-09-27T14:56:01.630574+00:00,0.21315878333333332,-127.0,122.0,0.5594713656387665,0.45045045045045046,0.00992181608921694,0.5539749282823123,,,,,,,42.5,178.0,-186.0,0.010061880565477743,0.35612890372067535,True,False,propline,,,,
book,2026_03_TEN_NYG,32653,2026-09-27T17:00:00+00:00,0.0,NYG,TEN,2026-09-27T17:00:00+00:00,T-120m,2026-09-27T15:00:00+00:00,2026-09-27T14:56:14.420101+00:00,-3.7596649833333333,lowvig,LowVig.ag,2026-09-27T14:55:52.946790+00:00,0.35788851666666666,-131.0,111.0,0.5670995670995671,0.47393364928909953,0.04103321638866664,0.5447468516584222,-2.5,-101.0,2.5,-109.0,0.024018662667523616,0.49070156678599663,37.5,-107.0,-107.0,0.033816425120772875,0.5,True,False,propline,,,,
book,2026_03_TEN_NYG,32653,2026-09-27T17:00:00+00:00,0.0,NYG,TEN,2026-09-27T17:00:00+00:00,T-120m,2026-09-27T15:00:00+00:00,2026-09-27T14:56:14.420101+00:00,-3.7596649833333333,marathon,Marathon Bet,2026-09-27T14:56:01.871619+00:00,0.20914136666666666,-134.0,105.0,0.5726495726495726,0.4878048780487805,0.06045445069835309,0.5400039315903282,-2.5,-113.0,2.5,-113.0,0.06103286384976525,0.5,37.5,-117.0,-109.0,0.06070160739091124,0.5083149711054754,True,False,propline,,,,
book,2026_03_TEN_NYG,32653,2026-09-27T17:00:00+00:00,0.0,NYG,TEN,2026-09-27T17:00:00+00:00,T-120m,2026-09-27T15:00:00+00:00,2026-09-27T14:56:14.420101+00:00,-3.7596649833333333,novig,Novig,2026-09-27T14:55:18.805443+00:00,0.9269109666666666,-127.0,122.0,0.5594713656387665,0.45045045045045046,0.00992181608921694,0.5539749282823123,-5.5,167.0,5.5,-182.0,0.019921906127978506,0.3672161887647472,42.5,174.0,-186.0,0.015313153999285234,0.3594590518324871,True,False,propline,,,,
book,2026_03_TEN_NYG,32653,2026-09-27T17:00:00+00:00,0.0,NYG,TEN,2026-09-27T17:00:00+00:00,T-120m,2026-09-27T15:00:00+00:00,2026-09-27T14:56:14.420101+00:00,-3.7596649833333333,onexbet,1xBet,2026-09-27T14:55:43.768393+00:00,0.5108618,-135.0,115.0,0.574468085106383,0.46511627906976744,0.03958436417615041,0.552594002855783,-2.5,-110.0,2.5,-110.0,0.04761904761904767,0.5,37.5,-110.0,-110.0,0.04761904761904767,0.5,True,False,propline,,,,
book,2026_03_TEN_NYG,32653,2026-09-27T17:00:00+00:00,0.0,NYG,TEN,2026-09-27T17:00:00+00:00,T-120m,2026-09-27T15:00:00+00:00,2026-09-27T14:56:14.420101+00:00,-3.7596649833333333,pinnacle,Pinnacle,2026-09-27T14:54:30.262602+00:00,1.7359583166666668,-132.0,119.0,0.5689655172413793,0.45662100456621,0.025586521807589246,0.5547708605204575,-2.5,-105.0,2.5,-105.0,0.024390243902439046,0.5,38.5,103.0,-116.0,0.02964787447546069,0.4784265083724639,True,False,propline,,,,
book,2026_03_TEN_NYG,32653,2026-09-27T17:00:00+00:00,0.0,NYG,TEN,2026-09-27T17:00:00+00:00,T-120m,2026-09-27T15:00:00+00:00,2026-09-27T14:56:14.420101+00:00,-3.7596649833333333,polymarket_us,Polymarket US,2026-09-27T14:55:43.982514+00:00,0.5072931166666667,-127.0,125.0,0.5594713656387665,0.4444444444444444,0.003915810083210847,0.5572891272549977,1.5,-135.0,-1.5,133.0,0.003652634462606219,0.572377399690656,10.5,-488.0,456.0,0.00978808789702934,0.8218872679687879,True,False,propline,,,,
book,2026_03_TEN_NYG,32653,2026-09-27T17:00:00+00:00,0.0,NYG,TEN,2026-09-27T17:00:00+00:00,T-120m,2026-09-27T15:00:00+00:00,2026-09-27T14:56:14.420101+00:00,-3.7596649833333333,prophetx,ProphetX,2026-09-27T14:55:33.215763+00:00,0.6867389666666667,-127.0,122.0,0.5594713656387665,0.45045045045045046,0.00992181608921694,0.5539749282823123,-0.5,-126.0,0.5,120.0,0.012067578439259874,0.5508744038155803,35.5,-140.0,132.0,0.014367816091954033,0.5750708215297451,True,False,propline,,,,
book,2026_03_TEN_NYG,32653,2026-09-27T17:00:00+00:00,0.0,NYG,TEN,2026-09-27T17:00:00+00:00,T-120m,2026-09-27T15:00:00+00:00,2026-09-27T14:56:14.420101+00:00,-3.7596649833333333,rebet,ReBet,2026-09-27T14:55:30.946636+00:00,0.72455775,-133.0,113.0,0.5708154506437768,0.4694835680751174,0.040299018718894075,0.5487032481744757,-1.5,-125.0,1.5,-105.0,0.0677506775067751,0.5203045685279188,38.5,-105.0,-125.0,0.0677506775067751,0.4796954314720812,True,False,propline,,,,
book,2026_03_TEN_NYG,32653,2026-09-27T17:00:00+00:00,0.0,NYG,TEN,2026-09-27T17:00:00+00:00,T-120m,2026-09-27T15:00:00+00:00,2026-09-27T14:56:14.420101+00:00,-3.7596649833333333,tab_au,TAB,2026-09-27T14:55:25.986823+00:00,0.8072213,-135.0,110.0,0.574468085106383,0.47619047619047616,0.050658561296859084,0.5467695274831245,-2.5,-111.0,2.5,-111.0,0.05213270142180093,0.5,37.5,-111.0,-111.0,0.05213270142180093,0.5,True,False,propline,,,,
consensus,2026_03_TEN_NYG,32653,2026-09-27T17:00:00+00:00,0.0,NYG,TEN,2026-09-27T17:00:00+00:00,T-120m,2026-09-27T15:00:00+00:00,2026-09-27T14:56:14.420101+00:00,-3.7596649833333333,sportsbook_consensus,Robust sportsbook consensus,,,,,,,,0.552594002855783,-2.5,,,,,,37.5,,,,,True,False,propline,20.0,betmgm|betonlineag|betrivers|betus|betway|bovada|courtside|fanatics|fanduel|hardrock|kalshi|lowvig|marathon|novig|onexbet|pinnacle|polymarket_us|prophetx|rebet|tab_au,2.7512453333333338,0.019386894231928964
book,2026_03_CIN_PIT,32649,2026-09-27T17:00:00+00:00,0.0,PIT,CIN,2026-09-27T17:00:00+00:00,T-120m,2026-09-27T15:00:00+00:00,2026-09-27T14:56:14.420101+00:00,-3.7596649833333333,betmgm,BetMGM,2026-09-27T14:54:44.851365+00:00,1.4928122666666668,160.0,-190.0,0.38461538461538464,0.6551724137931034,0.039787798408488007,0.3698979591836735,3.5,-118.0,-3.5,-102.0,0.04623489871922981,0.5173641257162701,42.5,-110.0,-108.0,0.04304029304029311,0.5021949078138718,True,False,propline,,,,
book,2026_03_CIN_PIT,32649,2026-09-27T17:00:00+00:00,0.0,PIT,CIN,2026-09-27T17:00:00+00:00,T-120m,2026-09-27T15:00:00+00:00,2026-09-27T14:56:14.420101+00:00,-3.7596649833333333,betonlineag,BetOnline.ag,2026-09-27T14:55:49.623981+00:00,0.4132686666666666,150.0,-171.0,0.4,0.6309963099630996,0.030996309963099655,0.38797423049391555,3.0,-105.0,-3.0,-115.0,0.04707884288145214,0.4891657638136511,42.5,-105.0,-115.0,0.04707884288145214,0.4891657638136511,True,False,propline,,,,
book,2026_03_CIN_PIT,32649,2026-09-27T17:00:00+00:00,0.0,PIT,CIN,2026-09-27T17:00:00+00:00,T-120m,2026-09-27T15:00:00+00:00,2026-09-27T14:56:14.420101+00:00,-3.7596649833333333,betrivers,BetRivers,2026-09-27T14:55:18.236767+00:00,0.9363889000000001,150.0,-186.0,0.4,0.6503496503496503,0.05034965034965033,0.3808255659121172,3.0,-104.0,-3.0,-118.0,0.05108832523835227,0.4850248160191682,,,,,,True,False,propline,,,,
book,2026_03_CIN_PIT,32649,2026-09-27T17:00:00+00:00,0.0,PIT,CIN,2026-09-27T17:00:00+00:00,T-120m,2026-09-27T15:00:00+00:00,2026-09-27T14:56:14.420101+00:00,-3.7596649833333333,betus,BetUS,2026-09-27T14:55:46.419069+00:00,0.46668386666666667,150.0,-175.0,0.4,0.6363636363636364,0.036363636363636376,0.3859649122807018,3.0,-105.0,-3.0,-115.0,0.04707884288145214,0.4891657638136511,42.5,-110.0,-110.0,0.04761904761904767,0.5,True,False,propline,,,,
book,2026_03_CIN_PIT,32649,2026-09-27T17:00:00+00:00,0.0,PIT,CIN,2026-09-27T17:00:00+00:00,T-120m,2026-09-27T15:00:00+00:00,2026-09-27T14:56:14.420101+00:00,-3.7596649833333333,betway,Betway,2026-09-27T14:53:29.439675+00:00,2.7496737666666666,135.0,-170.0,0.425531914893617,0.6296296296296297,0.05516154452324673,0.4032860343539955,3.5,-125.0,-3.5,105.0,0.04336043360433606,0.5324675324675325,42.5,-110.0,-110.0,0.04761904761904767,0.5,True,False,propline,,,,
book,2026_03_CIN_PIT,32649,2026-09-27T17:00:00+00:00,0.0,PIT,CIN,2026-09-27T17:00:00+00:00,T-120m,2026-09-27T15:00:00+00:00,2026-09-27T14:56:14.420101+00:00,-3.7596649833333333,bovada,Bovada,2026-09-27T14:54:11.580247+00:00,2.0473309,145.0,-170.0,0.40816326530612246,0.6296296296296297,0.03779289493575222,0.39329934450109244,3.0,-105.0,-3.0,-115.0,0.04707884288145214,0.4891657638136511,42.5,-110.0,-110.0,0.04761904761904767,0.5,True,False,propline,,,,
book,2026_03_CIN_PIT,32649,2026-09-27T17:00:00+00:00,0.0,PIT,CIN,2026-09-27T17:00:00+00:00,T-120m,2026-09-27T15:00:00+00:00,2026-09-27T14:56:14.420101+00:00,-3.7596649833333333,courtside,Courtside,2026-09-27T14:53:37.859778+00:00,2.609338716666667,163.0,-188.0,0.38022813688212925,0.6527777777777778,0.0330059146599071,0.36807934154695565,1.5,126.0,-1.5,-169.0,0.07073066421028384,0.4132485328908963,10.5,-553.0,413.0,0.04179241706444081,0.8128880852978175,True,False,propline,,,,
book,2026_03_CIN_PIT,32649,2026-09-27T17:00:00+00:00,0.0,PIT,CIN,2026-09-27T17:00:00+00:00,T-120m,2026-09-27T15:00:00+00:00,2026-09-27T14:56:14.420101+00:00,-3.7596649833333333,fanatics,Fanatics,2026-09-27T14:56:00.084494+00:00,0.23892678333333334,150.0,-180.0,0.4,0.6428571428571429,0.04285714285714293,0.3835616438356164,0.5,145.0,-0.5,-180.0,0.05102040816326525,0.38834951456310685,23.5,-1500.0,750.0,0.05514705882352944,0.8885017421602788,True,False,propline,,,,
book,2026_03_CIN_PIT,32649,2026-09-27T17:00:00+00:00,0.0,PIT,CIN,2026-09-27T17:00:00+00:00,T-120m,2026-09-27T15:00:00+00:00,2026-09-27T14:56:14.420101+00:00,-3.7596649833333333,fanduel,FanDuel,2026-09-27T14:54:30.896562+00:00,1.7253923166666667,148.0,-176.0,0.4032258064516129,0.6376811594202898,0.04090696587190257,0.3873792948573995,3.5,-120.0,-3.5,-102.0,0.05040504050405037,0.519280205655527,42.5,-115.0,-105.0,0.04707884288145214,0.5108342361863488,True,False,propline,,,,
book,2026_03_CIN_PIT,32649,2026-09-27T17:00:00+00:00,0.0,PIT,CIN,2026-09-27T17:00:00+00:00,T-120m,2026-09-27T15:00:00+00:00,2026-09-27T14:56:14.420101+00:00,-3.7596649833333333,hardrock,Hard Rock Bet,2026-09-27T14:56:04.661459+00:00,0.16264403333333333,155.0,-180.0,0.39215686274509803,0.6428571428571429,0.035014005602240994,0.37889039242219213,-1.0,155.0,1.0,-195.0,0.053173811897640366,0.372357210476491,22.5,-4000.0,1400.0,0.042276422764227606,0.9360374414976599,True,False,propline,,,,
book,2026_03_CIN_PIT,32649,2026-09-27T17:00:00+00:00,0.0,PIT,CIN,2026-09-27T17:00:00+00:00,T-120m,2026-09-27T15:00:00+00:00,2026-09-27T14:56:14.420101+00:00,-3.7596649833333333,kalshi,Kalshi,2026-09-27T14:55:42.599662+00:00,0.53034065,156.0,-163.0,0.390625,0.6197718631178707,0.01039686311787058,0.38660551537602167,,,,,,,42.5,-104.0,-100.0,0.009803921568627416,0.5048543689320388,True,False,propline,,,,
book,2026_03_CIN_PIT,32649,2026-09-27T17:00:00+00:00,0.0,PIT,CIN,2026-09-27T17:00:00+00:00,T-120m,2026-09-27T15:00:00+00:00,2026-09-27T14:56:14.420101+00:00,-3.7596649833333333,lowvig,LowVig.ag,2026-09-27T14:55:52.848539+00:00,0.35952603333333333,150.0,-171.0,0.4,0.6309963099630996,0.030996309963099655,0.38797423049391555,3.0,-102.0,-3.0,-108.0,0.024181264280274117,0.4930284439486894,42.5,-102.0,-113.0,0.03546692697438747,0.4876548752020112,True,False,propline,,,,
book,2026_03_CIN_PIT,32649,2026-09-27T17:00:00+00:00,0.0,PIT,CIN,2026-09-27T17:00:00+00:00,T-120m,2026-09-27T15:00:00+00:00,2026-09-27T14:56:14.420101+00:00,-3.7596649833333333,marathon,Marathon Bet,2026-09-27T14:56:02.036979+00:00,0.20638536666666668,127.0,-162.0,0.44052863436123346,0.6183206106870229,0.05884924504825628,0.41604471686727856,3.5,-121.0,-3.5,-106.0,0.06207441901331112,0.5155112508272668,42.5,-114.0,-111.0,0.05877663108473219,0.5031375502008032,True,False,propline,,,,
book,2026_03_CIN_PIT,32649,2026-09-27T17:00:00+00:00,0.0,PIT,CIN,2026-09-27T17:00:00+00:00,T-120m,2026-09-27T15:00:00+00:00,2026-09-27T14:56:14.420101+00:00,-3.7596649833333333,novig,Novig,2026-09-27T14:55:19.201551+00:00,0.9203091666666666,153.0,-156.0,0.3952569169960474,0.609375,0.004631916996047369,0.3934345607671974,2.5,125.0,-2.5,-127.0,0.003915810083210847,0.4427108727450025,46.5,156.0,-174.0,0.025661496350364965,0.3808517736016902,True,False,propline,,,,
book,2026_03_CIN_PIT,32649,2026-09-27T17:00:00+00:00,0.0,PIT,CIN,2026-09-27T17:00:00+00:00,T-120m,2026-09-27T15:00:00+00:00,2026-09-27T14:56:14.420101+00:00,-3.7596649833333333,onexbet,1xBet,2026-09-27T14:55:43.841902+00:00,0.50963665,155.0,-185.0,0.39215686274509803,0.6491228070175439,0.04127966976264186,0.37661050545094155,3.5,-115.0,-3.5,-105.0,0.04707884288145214,0.5108342361863488,42.5,-110.0,-110.0,0.04761904761904767,0.5,True,False,propline,,,,
book,2026_03_CIN_PIT,32649,2026-09-27T17:00:00+00:00,0.0,PIT,CIN,2026-09-27T17:00:00+00:00,T-120m,2026-09-27T15:00:00+00:00,2026-09-27T14:56:14.420101+00:00,-3.7596649833333333,pinnacle,Pinnacle,2026-09-27T14:54:35.832244+00:00,1.64313095,150.0,-168.0,0.4,0.6268656716417911,0.02686567164179099,0.38953488372093026,3.0,-100.0,-3.0,-110.0,0.023809523809523725,0.48837209302325585,43.0,100.0,-113.0,0.030516431924882514,0.4851936218678816,True,False,propline,,,,
book,2026_03_CIN_PIT,32649,2026-09-27T17:00:00+00:00,0.0,PIT,CIN,2026-09-27T17:00:00+00:00,T-120m,2026-09-27T15:00:00+00:00,2026-09-27T14:56:14.420101+00:00,-3.7596649833333333,polymarket_us,Polymarket US,2026-09-27T14:55:45.753229+00:00,0.4777812,160.0,-163.0,0.38461538461538464,0.6197718631178707,0.004387247733255384,0.3829353523587653,1.5,141.0,-1.5,-144.0,0.0051016937623291625,0.4128316188413644,10.5,-1011.0,900.0,0.00999099909991008,0.9009892166473575,True,False,propline,,,,
book,2026_03_CIN_PIT,32649,2026-09-27T17:00:00+00:00,0.0,PIT,CIN,2026-09-27T17:00:00+00:00,T-120m,2026-09-27T15:00:00+00:00,2026-09-27T14:56:14.420101+00:00,-3.7596649833333333,prophetx,ProphetX,2026-09-27T14:55:32.274083+00:00,0.7024336333333333,156.0,-158.0,0.390625,0.6124031007751938,0.003028100775193776,0.3894457191160488,3.5,-118.0,-3.5,115.0,0.006400682739492236,0.5378418486326054,43.5,119.0,-121.0,0.004132316783404644,0.4547418671166073,True,False,propline,,,,
book,2026_03_CIN_PIT,32649,2026-09-27T17:00:00+00:00,0.0,PIT,CIN,2026-09-27T17:00:00+00:00,T-120m,2026-09-27T15:00:00+00:00,2026-09-27T14:56:14.420101+00:00,-3.7596649833333333,rebet,ReBet,2026-09-27T14:55:31.826135+00:00,0.7098994333333334,150.0,-178.0,0.4,0.6402877697841727,0.04028776978417259,0.38450899031811897,2.5,115.0,-2.5,-154.0,0.07141549166819261,0.4341138266962912,22.5,-131.0,-105.0,0.07929468905078663,0.5254353355507728,True,False,propline,,,,
book,2026_03_CIN_PIT,32649,2026-09-27T17:00:00+00:00,0.0,PIT,CIN,2026-09-27T17:00:00+00:00,T-120m,2026-09-27T15:00:00+00:00,2026-09-27T14:56:14.420101+00:00,-3.7596649833333333,tab_au,TAB,2026-09-27T14:55:26.043094+00:00,0.80628345,150.0,-189.0,0.4,0.6539792387543253,0.0539792387543252,0.3795141168745897,3.5,-118.0,-3.5,-105.0,0.05347952562094438,0.513806287170773,42.5,-111.0,-111.0,0.05213270142180093,0.5,True,False,propline,,,,
consensus,2026_03_CIN_PIT,32649,2026-09-27T17:00:00+00:00,0.0,PIT,CIN,2026-09-27T17:00:00+00:00,T-120m,2026-09-27T15:00:00+00:00,2026-09-27T14:56:14.420101+00:00,-3.7596649833333333,sportsbook_consensus,Robust sportsbook consensus,,,,,,,,0.3862851646175487,3.0,,,,,,42.5,,,,,True,False,propline,20.0,betmgm|betonlineag|betrivers|betus|betway|bovada|courtside|fanatics|fanduel|hardrock|kalshi|lowvig|marathon|novig|onexbet|pinnacle|polymarket_us|prophetx|rebet|tab_au,2.7496737666666666,0.04796537532032291
book,2026_03_SEA_WAS,32652,2026-09-27T17:00:00+00:00,0.0,WAS,SEA,2026-09-27T17:00:00+00:00,T-120m,2026-09-27T15:00:00+00:00,2026-09-27T14:56:14.420101+00:00,-3.7596649833333333,betmgm,BetMGM,2026-09-27T14:54:44.463105+00:00,1.4992832666666667,320.0,-425.0,0.23809523809523808,0.8095238095238095,0.04761904761904767,0.22727272727272724,8.5,-105.0,-8.5,-105.0,0.024390243902439046,0.5,40.5,-108.0,-110.0,0.04304029304029311,0.4978050921861282,True,False,propline,,,,
book,2026_03_SEA_WAS,32652,2026-09-27T17:00:00+00:00,0.0,WAS,SEA,2026-09-27T17:00:00+00:00,T-120m,2026-09-27T15:00:00+00:00,2026-09-27T14:56:14.420101+00:00,-3.7596649833333333,betonlineag,BetOnline.ag,2026-09-27T14:55:49.448192+00:00,0.4161984833333333,327.0,-415.0,0.234192037470726,0.8058252427184466,0.0400172801891725,0.22518090990577386,9.0,-115.0,-9.0,-105.0,0.04707884288145214,0.5108342361863488,40.0,-115.0,-105.0,0.04707884288145214,0.5108342361863488,True,False,propline,,,,
book,2026_03_SEA_WAS,32652,2026-09-27T17:00:00+00:00,0.0,WAS,SEA,2026-09-27T17:00:00+00:00,T-120m,2026-09-27T15:00:00+00:00,2026-09-27T14:56:14.420101+00:00,-3.7596649833333333,betrivers,BetRivers,2026-09-27T14:55:17.050170+00:00,0.9561655166666667,310.0,-400.0,0.24390243902439024,0.8,0.04390243902439028,0.2336448598130841,8.0,-112.0,-8.0,-109.0,0.04983298727092178,0.5032246968784934,,,,,,True,False,propline,,,,
book,2026_03_SEA_WAS,32652,2026-09-27T17:00:00+00:00,0.0,WAS,SEA,2026-09-27T17:00:00+00:00,T-120m,2026-09-27T15:00:00+00:00,2026-09-27T14:56:14.420101+00:00,-3.7596649833333333,betus,BetUS,2026-09-27T14:55:46.338353+00:00,0.46802913333333335,317.0,-395.0,0.23980815347721823,0.797979797979798,0.0377879514570163,0.2310762551642042,9.0,-115.0,-9.0,-105.0,0.04707884288145214,0.5108342361863488,40.0,-110.0,-110.0,0.04761904761904767,0.5,True,False,propline,,,,
book,2026_03_SEA_WAS,32652,2026-09-27T17:00:00+00:00,0.0,WAS,SEA,2026-09-27T17:00:00+00:00,T-120m,2026-09-27T15:00:00+00:00,2026-09-27T14:56:14.420101+00:00,-3.7596649833333333,betway,Betway,2026-09-27T14:53:29.204895+00:00,2.7535867666666665,275.0,-400.0,0.26666666666666666,0.8,0.06666666666666665,0.25,8.5,-110.0,-8.5,-110.0,0.04761904761904767,0.5,40.5,-110.0,-110.0,0.04761904761904767,0.5,True,False,propline,,,,
book,2026_03_SEA_WAS,32652,2026-09-27T17:00:00+00:00,0.0,WAS,SEA,2026-09-27T17:00:00+00:00,T-120m,2026-09-27T15:00:00+00:00,2026-09-27T14:56:14.420101+00:00,-3.7596649833333333,bovada,Bovada,2026-09-27T14:54:17.356594+00:00,1.95105845,295.0,-390.0,0.25316455696202533,0.7959183673469388,0.049082924308964104,0.241319871952721,8.5,-110.0,-8.5,-110.0,0.04761904761904767,0.5,40.5,-110.0,-110.0,0.04761904761904767,0.5,True,False,propline,,,,
book,2026_03_SEA_WAS,32652,2026-09-27T17:00:00+00:00,0.0,WAS,SEA,2026-09-27T17:00:00+00:00,T-120m,2026-09-27T15:00:00+00:00,2026-09-27T14:56:14.420101+00:00,-3.7596649833333333,courtside,Courtside,2026-09-27T14:53:37.165405+00:00,2.6209116,329.0,-397.0,0.2331002331002331,0.7987927565392354,0.03189298963946863,0.22589574252430536,1.5,240.0,-1.5,-347.0,0.07040400052638507,0.2747725596262601,10.5,-254.0,205.0,0.045382976752801785,0.6863648445113848,True,False,propline,,,,
book,2026_03_SEA_WAS,32652,2026-09-27T17:00:00+00:00,0.0,WAS,SEA,2026-09-27T17:00:00+00:00,T-120m,2026-09-27T15:00:00+00:00,2026-09-27T14:56:14.420101+00:00,-3.7596649833333333,fanatics,Fanatics,2026-09-27T14:56:01.169995+00:00,0.2208351,325.0,-425.0,0.23529411764705882,0.8095238095238095,0.04481792717086841,0.22520107238605896,0.5,290.0,-0.5,-425.0,0.06593406593406592,0.24054982817869414,20.5,-2800.0,1100.0,0.04885057471264376,0.9205479452054794,True,False,propline,,,,
book,2026_03_SEA_WAS,32652,2026-09-27T17:00:00+00:00,0.0,WAS,SEA,2026-09-27T17:00:00+00:00,T-120m,2026-09-27T15:00:00+00:00,2026-09-27T14:56:14.420101+00:00,-3.7596649833333333,fanduel,FanDuel,2026-09-27T14:54:31.798470+00:00,1.7103605166666667,330.0,-420.0,0.23255813953488372,0.8076923076923077,0.0402504472271914,0.2235597592433362,8.5,-115.0,-8.5,-105.0,0.04707884288145214,0.5108342361863488,40.5,-115.0,-105.0,0.04707884288145214,0.5108342361863488,True,False,propline,,,,
book,2026_03_SEA_WAS,32652,2026-09-27T17:00:00+00:00,0.0,WAS,SEA,2026-09-27T17:00:00+00:00,T-120m,2026-09-27T15:00:00+00:00,2026-09-27T14:56:14.420101+00:00,-3.7596649833333333,hardrock,Hard Rock Bet,2026-09-27T14:56:02.892935+00:00,0.1921194333333333,325.0,-425.0,0.23529411764705882,0.8095238095238095,0.04481792717086841,0.22520107238605896,-1.0,325.0,1.0,-475.0,0.0613810741687979,0.22168674698795182,19.5,-6000.0,1750.0,0.03766061143110333,0.9479077711357813,True,False,propline,,,,
book,2026_03_SEA_WAS,32652,2026-09-27T17:00:00+00:00,0.0,WAS,SEA,2026-09-27T17:00:00+00:00,T-120m,2026-09-27T15:00:00+00:00,2026-09-27T14:56:14.420101+00:00,-3.7596649833333333,kalshi,Kalshi,2026-09-27T14:55:36.665548+00:00,0.6292425500000001,335.0,-355.0,0.22988505747126436,0.7802197802197802,0.010104837691044644,0.22758534450418905,,,,,,,42.5,133.0,-138.0,0.00901648212933237,0.42534939414519074,True,False,propline,,,,
book,2026_03_SEA_WAS,32652,2026-09-27T17:00:00+00:00,0.0,WAS,SEA,2026-09-27T17:00:00+00:00,T-120m,2026-09-27T15:00:00+00:00,2026-09-27T14:56:14.420101+00:00,-3.7596649833333333,lowvig,LowVig.ag,2026-09-27T14:55:52.788044+00:00,0.3605342833333333,327.0,-415.0,0.234192037470726,0.8058252427184466,0.0400172801891725,0.22518090990577386,9.0,-114.0,-9.0,103.0,0.025321117812255434,0.5195545777019441,40.0,-113.0,-102.0,0.03546692697438747,0.5123451247979889,True,False,propline,,,,
book,2026_03_SEA_WAS,32652,2026-09-27T17:00:00+00:00,0.0,WAS,SEA,2026-09-27T17:00:00+00:00,T-120m,2026-09-27T15:00:00+00:00,2026-09-27T14:56:14.420101+00:00,-3.7596649833333333,marathon,Marathon Bet,2026-09-27T14:56:02.104245+00:00,0.20526426666666667,320.0,-455.0,0.23809523809523808,0.8198198198198198,0.0579150579150578,0.22506082725060828,8.5,-113.0,-8.5,-113.0,0.06103286384976525,0.5,40.5,-111.0,-114.0,0.05877663108473219,0.4968624497991968,True,False,propline,,,,
book,2026_03_SEA_WAS,32652,2026-09-27T17:00:00+00:00,0.0,WAS,SEA,2026-09-27T17:00:00+00:00,T-120m,2026-09-27T15:00:00+00:00,2026-09-27T14:56:14.420101+00:00,-3.7596649833333333,novig,Novig,2026-09-27T14:55:21.724521+00:00,0.8782596666666667,344.0,-355.0,0.22522522522522523,0.7802197802197802,0.00544500544500548,0.22400551398188262,1.5,285.0,-1.5,-308.0,0.014642220524573535,0.25599196887940767,42.5,133.0,-138.0,0.00901648212933237,0.42534939414519074,True,False,propline,,,,
book,2026_03_SEA_WAS,32652,2026-09-27T17:00:00+00:00,0.0,WAS,SEA,2026-09-27T17:00:00+00:00,T-120m,2026-09-27T15:00:00+00:00,2026-09-27T14:56:14.420101+00:00,-3.7596649833333333,onexbet,1xBet,2026-09-27T14:55:43.879720+00:00,0.50900635,310.0,-391.0,0.24390243902439024,0.7963340122199593,0.0402364512443496,0.23446826799102238,8.5,-110.0,-8.5,-110.0,0.04761904761904767,0.5,40.5,-105.0,-115.0,0.04707884288145214,0.4891657638136511,True,False,propline,,,,
book,2026_03_SEA_WAS,32652,2026-09-27T17:00:00+00:00,0.0,WAS,SEA,2026-09-27T17:00:00+00:00,T-120m,2026-09-27T15:00:00+00:00,2026-09-27T14:56:14.420101+00:00,-3.7596649833333333,pinnacle,Pinnacle,2026-09-27T14:54:32.392093+00:00,1.7004668,311.0,-370.0,0.24330900243309003,0.7872340425531915,0.030543044986281576,0.2360978550258703,9.5,-115.0,-9.5,104.0,0.025079799361604982,0.521797153024911,40.5,-105.0,-107.0,0.02910333451160607,0.4977100984657659,True,False,propline,,,,
book,2026_03_SEA_WAS,32652,2026-09-27T17:00:00+00:00,0.0,WAS,SEA,2026-09-27T17:00:00+00:00,T-120m,2026-09-27T15:00:00+00:00,2026-09-27T14:56:14.420101+00:00,-3.7596649833333333,polymarket_us,Polymarket US,2026-09-27T14:55:45.421163+00:00,0.4833156333333333,335.0,-344.0,0.22988505747126436,0.7747747747747747,0.004659832246039164,0.22881880024737167,1.5,308.0,-1.5,-317.0,0.005289885738468003,0.24380832105521644,10.5,-1567.0,1329.0,0.009991003898590423,0.9307132380110419,True,False,propline,,,,
book,2026_03_SEA_WAS,32652,2026-09-27T17:00:00+00:00,0.0,WAS,SEA,2026-09-27T17:00:00+00:00,T-120m,2026-09-27T15:00:00+00:00,2026-09-27T14:56:14.420101+00:00,-3.7596649833333333,prophetx,ProphetX,2026-09-27T14:55:31.854572+00:00,0.7094254833333333,340.0,-350.0,0.22727272727272727,0.7777777777777778,0.005050505050504972,0.22613065326633167,6.5,144.0,-6.5,-152.0,0.013010668748373533,0.40457230927305426,41.5,118.0,-122.0,0.008265145879824853,0.4549553242069022,True,False,propline,,,,
book,2026_03_SEA_WAS,32652,2026-09-27T17:00:00+00:00,0.0,WAS,SEA,2026-09-27T17:00:00+00:00,T-120m,2026-09-27T15:00:00+00:00,2026-09-27T14:56:14.420101+00:00,-3.7596649833333333,rebet,ReBet,2026-09-27T14:55:32.085416+00:00,0.7055780833333334,320.0,-400.0,0.23809523809523808,0.8,0.03809523809523818,0.22935779816513757,5.5,140.0,-5.5,-189.0,0.07064590542099203,0.38917317532992185,39.5,-125.0,-105.0,0.0677506775067751,0.5203045685279188,True,False,propline,,,,
consensus,2026_03_SEA_WAS,32652,2026-09-27T17:00:00+00:00,0.0,WAS,SEA,2026-09-27T17:00:00+00:00,T-120m,2026-09-27T15:00:00+00:00,2026-09-27T14:56:14.420101+00:00,-3.7596649833333333,sportsbook_consensus,Robust sportsbook consensus,,,,,,,,0.22727272727272727,8.5,,,,,,40.5,,,,,True,False,propline,19.0,betmgm|betonlineag|betrivers|betus|betway|bovada|courtside|fanatics|fanduel|hardrock|kalshi|lowvig|marathon|novig|onexbet|pinnacle|polymarket_us|prophetx|rebet,2.7535867666666665,0.02644024075666379
