sample,arm,bin,lower,upper,games,mean_probability,home_win_rate
2022_2024,FST,0,0.0,0.1,1,0.06958592581651526,0.0
2022_2024,FST,1,0.1,0.2,25,0.1594263248480875,0.2
2022_2024,FST,2,0.2,0.30000000000000004,70,0.2546983789227335,0.2857142857142857
2022_2024,FST,3,0.30000000000000004,0.4,134,0.35603171027243785,0.30597014925373134
2022_2024,FST,4,0.4,0.5,109,0.44566871321054163,0.42201834862385323
2022_2024,FST,5,0.5,0.6000000000000001,189,0.5554364969424493,0.6455026455026455
2022_2024,FST,6,0.6000000000000001,0.7000000000000001,136,0.646146207992164,0.6764705882352942
2022_2024,FST,7,0.7000000000000001,0.8,109,0.7456828668870359,0.7706422018348624
2022_2024,FST,8,0.8,0.9,40,0.8523035168729958,0.875
2022_2024,FST,9,0.9,1.0,2,0.9270524199058092,1.0
2022_2024,RAW_A0,0,0.0,0.1,0,,
2022_2024,RAW_A0,1,0.1,0.2,0,,
2022_2024,RAW_A0,2,0.2,0.30000000000000004,8,0.2738747905483926,0.25
2022_2024,RAW_A0,3,0.30000000000000004,0.4,59,0.3736554528841376,0.3898305084745763
2022_2024,RAW_A0,4,0.4,0.5,175,0.4571805960500305,0.36
2022_2024,RAW_A0,5,0.5,0.6000000000000001,266,0.5499279670494851,0.5300751879699248
2022_2024,RAW_A0,6,0.6000000000000001,0.7000000000000001,221,0.644009822907721,0.6923076923076923
2022_2024,RAW_A0,7,0.7000000000000001,0.8,79,0.7330452059755248,0.759493670886076
2022_2024,RAW_A0,8,0.8,0.9,7,0.8291667683660441,0.7142857142857143
2022_2024,RAW_A0,9,0.9,1.0,0,,
2022_2024,RAW_B0,0,0.0,0.1,0,,
2022_2024,RAW_B0,1,0.1,0.2,0,,
2022_2024,RAW_B0,2,0.2,0.30000000000000004,10,0.27277,0.4
2022_2024,RAW_B0,3,0.30000000000000004,0.4,84,0.3610363095238095,0.36904761904761907
2022_2024,RAW_B0,4,0.4,0.5,224,0.45839174107142855,0.45089285714285715
2022_2024,RAW_B0,5,0.5,0.6000000000000001,266,0.5477024436090225,0.556390977443609
2022_2024,RAW_B0,6,0.6000000000000001,0.7000000000000001,188,0.6427688829787234,0.6808510638297872
2022_2024,RAW_B0,7,0.7000000000000001,0.8,42,0.7321226190476191,0.8095238095238095
2022_2024,RAW_B0,8,0.8,0.9,1,0.84115,1.0
2022_2024,RAW_B0,9,0.9,1.0,0,,
2022_2024,MARKET_BENCHMARK,0,0.0,0.1,1,0.0875576036866358,0.0
2022_2024,MARKET_BENCHMARK,1,0.1,0.2,15,0.1636541653878471,0.2
2022_2024,MARKET_BENCHMARK,2,0.2,0.30000000000000004,54,0.254799539524902,0.25925925925925924
2022_2024,MARKET_BENCHMARK,3,0.30000000000000004,0.4,114,0.3550436191015708,0.2982456140350877
2022_2024,MARKET_BENCHMARK,4,0.4,0.5,132,0.4460865833742899,0.3939393939393939
2022_2024,MARKET_BENCHMARK,5,0.5,0.6000000000000001,163,0.559399705611936,0.5950920245398773
2022_2024,MARKET_BENCHMARK,6,0.6000000000000001,0.7000000000000001,160,0.6459827580464775,0.6625
2022_2024,MARKET_BENCHMARK,7,0.7000000000000001,0.8,126,0.7475799513186048,0.7698412698412699
2022_2024,MARKET_BENCHMARK,8,0.8,0.9,47,0.8463672593829356,0.8723404255319149
2022_2024,MARKET_BENCHMARK,9,0.9,1.0,3,0.9167169317356043,1.0
2022_2024,FST_PLUS_A0,0,0.0,0.1,1,0.06957870279016105,0.0
2022_2024,FST_PLUS_A0,1,0.1,0.2,25,0.1593702084628606,0.2
2022_2024,FST_PLUS_A0,2,0.2,0.30000000000000004,70,0.2546563699365422,0.2857142857142857
2022_2024,FST_PLUS_A0,3,0.30000000000000004,0.4,135,0.3563232715149204,0.3037037037037037
2022_2024,FST_PLUS_A0,4,0.4,0.5,108,0.4460685609606774,0.42592592592592593
2022_2024,FST_PLUS_A0,5,0.5,0.6000000000000001,189,0.5554200934025392,0.6455026455026455
2022_2024,FST_PLUS_A0,6,0.6000000000000001,0.7000000000000001,136,0.6461346156881287,0.6764705882352942
2022_2024,FST_PLUS_A0,7,0.7000000000000001,0.8,109,0.7456864485579632,0.7706422018348624
2022_2024,FST_PLUS_A0,8,0.8,0.9,40,0.8523263163495762,0.875
2022_2024,FST_PLUS_A0,9,0.9,1.0,2,0.9270653773676366,1.0
2025_non_pristine,FST_PLUS_A0,0,0.0,0.1,1,0.08412948232144912,0.0
2025_non_pristine,FST_PLUS_A0,1,0.1,0.2,18,0.16595394751061746,0.16666666666666666
2025_non_pristine,FST_PLUS_A0,2,0.2,0.30000000000000004,29,0.25734753760181184,0.27586206896551724
2025_non_pristine,FST_PLUS_A0,3,0.30000000000000004,0.4,36,0.35563084413383406,0.4166666666666667
2025_non_pristine,FST_PLUS_A0,4,0.4,0.5,37,0.44719271790774434,0.4864864864864865
2025_non_pristine,FST_PLUS_A0,5,0.5,0.6000000000000001,44,0.5593379781227993,0.5227272727272727
2025_non_pristine,FST_PLUS_A0,6,0.6000000000000001,0.7000000000000001,41,0.6484139562192545,0.6097560975609756
2025_non_pristine,FST_PLUS_A0,7,0.7000000000000001,0.8,34,0.7507363058213321,0.7058823529411765
2025_non_pristine,FST_PLUS_A0,8,0.8,0.9,27,0.8600932564059076,0.9259259259259259
2025_non_pristine,FST_PLUS_A0,9,0.9,1.0,5,0.9144370620926429,1.0
2022_2024,FST_PLUS_B0,0,0.0,0.1,1,0.06959135293823202,0.0
2022_2024,FST_PLUS_B0,1,0.1,0.2,25,0.15940012566104353,0.2
2022_2024,FST_PLUS_B0,2,0.2,0.30000000000000004,70,0.2546737427908037,0.2857142857142857
2022_2024,FST_PLUS_B0,3,0.30000000000000004,0.4,134,0.3559970918353743,0.30597014925373134
2022_2024,FST_PLUS_B0,4,0.4,0.5,109,0.4456515016947824,0.42201834862385323
2022_2024,FST_PLUS_B0,5,0.5,0.6000000000000001,189,0.5554338831036328,0.6455026455026455
2022_2024,FST_PLUS_B0,6,0.6000000000000001,0.7000000000000001,136,0.6461435326835113,0.6764705882352942
2022_2024,FST_PLUS_B0,7,0.7000000000000001,0.8,109,0.7456955326863429,0.7706422018348624
2022_2024,FST_PLUS_B0,8,0.8,0.9,40,0.8523447799754784,0.875
2022_2024,FST_PLUS_B0,9,0.9,1.0,2,0.9270700826161342,1.0
2025_non_pristine,FST_PLUS_B0,0,0.0,0.1,1,0.08417911288381347,0.0
2025_non_pristine,FST_PLUS_B0,1,0.1,0.2,18,0.16596209333748327,0.16666666666666666
2025_non_pristine,FST_PLUS_B0,2,0.2,0.30000000000000004,29,0.25736951034660577,0.27586206896551724
2025_non_pristine,FST_PLUS_B0,3,0.30000000000000004,0.4,36,0.355660167069552,0.4166666666666667
2025_non_pristine,FST_PLUS_B0,4,0.4,0.5,37,0.44724118083666364,0.4864864864864865
2025_non_pristine,FST_PLUS_B0,5,0.5,0.6000000000000001,44,0.5594032649149837,0.5227272727272727
2025_non_pristine,FST_PLUS_B0,6,0.6000000000000001,0.7000000000000001,41,0.6484874402017247,0.6097560975609756
2025_non_pristine,FST_PLUS_B0,7,0.7000000000000001,0.8,34,0.7507977344519398,0.7058823529411765
2025_non_pristine,FST_PLUS_B0,8,0.8,0.9,27,0.8601301263416354,0.9259259259259259
2025_non_pristine,FST_PLUS_B0,9,0.9,1.0,5,0.9144493344051261,1.0
2022_2024,FST_PLUS_A0_PLUS_B0,0,0.0,0.1,1,0.06958415156882598,0.0
2022_2024,FST_PLUS_A0_PLUS_B0,1,0.1,0.2,25,0.15934416441585472,0.2
2022_2024,FST_PLUS_A0_PLUS_B0,2,0.2,0.30000000000000004,70,0.2546318304793687,0.2857142857142857
2022_2024,FST_PLUS_A0_PLUS_B0,3,0.30000000000000004,0.4,134,0.35596279936189407,0.30597014925373134
2022_2024,FST_PLUS_A0_PLUS_B0,4,0.4,0.5,109,0.44562875612801955,0.42201834862385323
2022_2024,FST_PLUS_A0_PLUS_B0,5,0.5,0.6000000000000001,189,0.5554174941688526,0.6455026455026455
2022_2024,FST_PLUS_A0_PLUS_B0,6,0.6000000000000001,0.7000000000000001,136,0.6461319201411806,0.6764705882352942
2022_2024,FST_PLUS_A0_PLUS_B0,7,0.7000000000000001,0.8,109,0.7456990757150829,0.7706422018348624
2022_2024,FST_PLUS_A0_PLUS_B0,8,0.8,0.9,40,0.852367471076448,0.875
2022_2024,FST_PLUS_A0_PLUS_B0,9,0.9,1.0,2,0.9270829672003416,1.0
2025_non_pristine,FST_PLUS_A0_PLUS_B0,0,0.0,0.1,1,0.0841028764414131,0.0
2025_non_pristine,FST_PLUS_A0_PLUS_B0,1,0.1,0.2,18,0.16589973315336612,0.16666666666666666
2025_non_pristine,FST_PLUS_A0_PLUS_B0,2,0.2,0.30000000000000004,29,0.25730139723599454,0.27586206896551724
2025_non_pristine,FST_PLUS_A0_PLUS_B0,3,0.30000000000000004,0.4,36,0.3555948134084146,0.4166666666666667
2025_non_pristine,FST_PLUS_A0_PLUS_B0,4,0.4,0.5,37,0.44717454830072495,0.4864864864864865
2025_non_pristine,FST_PLUS_A0_PLUS_B0,5,0.5,0.6000000000000001,44,0.5593484814705284,0.5227272727272727
2025_non_pristine,FST_PLUS_A0_PLUS_B0,6,0.6000000000000001,0.7000000000000001,41,0.6484417298056837,0.6097560975609756
2025_non_pristine,FST_PLUS_A0_PLUS_B0,7,0.7000000000000001,0.8,34,0.7507806624070861,0.7058823529411765
2025_non_pristine,FST_PLUS_A0_PLUS_B0,8,0.8,0.9,27,0.8601368815665524,0.9259259259259259
2025_non_pristine,FST_PLUS_A0_PLUS_B0,9,0.9,1.0,5,0.914472281715034,1.0
2022_2024,PRIMARY_COMPACT_FOOTBALL,0,0.0,0.1,1,0.0695990233744907,0.0
2022_2024,PRIMARY_COMPACT_FOOTBALL,1,0.1,0.2,25,0.15939797922353466,0.2
2022_2024,PRIMARY_COMPACT_FOOTBALL,2,0.2,0.30000000000000004,70,0.25464403276104197,0.2857142857142857
2022_2024,PRIMARY_COMPACT_FOOTBALL,3,0.30000000000000004,0.4,134,0.3559500654498252,0.30597014925373134
2022_2024,PRIMARY_COMPACT_FOOTBALL,4,0.4,0.5,109,0.4455891389475092,0.42201834862385323
2022_2024,PRIMARY_COMPACT_FOOTBALL,5,0.5,0.6000000000000001,189,0.5553800496860953,0.6455026455026455
2022_2024,PRIMARY_COMPACT_FOOTBALL,6,0.6000000000000001,0.7000000000000001,136,0.64612648493378,0.6764705882352942
2022_2024,PRIMARY_COMPACT_FOOTBALL,7,0.7000000000000001,0.8,109,0.7457283313447427,0.7706422018348624
2022_2024,PRIMARY_COMPACT_FOOTBALL,8,0.8,0.9,40,0.8524236140925044,0.875
2022_2024,PRIMARY_COMPACT_FOOTBALL,9,0.9,1.0,2,0.9271177235750576,1.0
2025_non_pristine,PRIMARY_COMPACT_FOOTBALL,0,0.0,0.1,1,0.08404555873859285,0.0
2025_non_pristine,PRIMARY_COMPACT_FOOTBALL,1,0.1,0.2,19,0.16766826356770226,0.15789473684210525
2025_non_pristine,PRIMARY_COMPACT_FOOTBALL,2,0.2,0.30000000000000004,28,0.2593205982732045,0.2857142857142857
2025_non_pristine,PRIMARY_COMPACT_FOOTBALL,3,0.30000000000000004,0.4,36,0.35559013238774667,0.4166666666666667
2025_non_pristine,PRIMARY_COMPACT_FOOTBALL,4,0.4,0.5,37,0.44719875025221034,0.4864864864864865
2025_non_pristine,PRIMARY_COMPACT_FOOTBALL,5,0.5,0.6000000000000001,44,0.5593863828219602,0.5227272727272727
2025_non_pristine,PRIMARY_COMPACT_FOOTBALL,6,0.6000000000000001,0.7000000000000001,41,0.6484609212644936,0.6097560975609756
2025_non_pristine,PRIMARY_COMPACT_FOOTBALL,7,0.7000000000000001,0.8,34,0.7507790546043135,0.7058823529411765
2025_non_pristine,PRIMARY_COMPACT_FOOTBALL,8,0.8,0.9,27,0.860109951276821,0.9259259259259259
2025_non_pristine,PRIMARY_COMPACT_FOOTBALL,9,0.9,1.0,5,0.9144438942503449,1.0
2022_2024,MARKET_AWARE_DIAGNOSTIC,0,0.0,0.1,1,0.06951810583177312,0.0
2022_2024,MARKET_AWARE_DIAGNOSTIC,1,0.1,0.2,25,0.15937016841990612,0.2
2022_2024,MARKET_AWARE_DIAGNOSTIC,2,0.2,0.30000000000000004,70,0.2545983222499066,0.2857142857142857
2022_2024,MARKET_AWARE_DIAGNOSTIC,3,0.30000000000000004,0.4,135,0.3562331912423069,0.3037037037037037
2022_2024,MARKET_AWARE_DIAGNOSTIC,4,0.4,0.5,108,0.4459737869233635,0.42592592592592593
2022_2024,MARKET_AWARE_DIAGNOSTIC,5,0.5,0.6000000000000001,189,0.5553524628476366,0.6455026455026455
2022_2024,MARKET_AWARE_DIAGNOSTIC,6,0.6000000000000001,0.7000000000000001,136,0.6461046675029297,0.6764705882352942
2022_2024,MARKET_AWARE_DIAGNOSTIC,7,0.7000000000000001,0.8,109,0.7457199703906775,0.7706422018348624
2022_2024,MARKET_AWARE_DIAGNOSTIC,8,0.8,0.9,40,0.8524199092629976,0.875
2022_2024,MARKET_AWARE_DIAGNOSTIC,9,0.9,1.0,2,0.9271013561357853,1.0
2025_non_pristine,MARKET_AWARE_DIAGNOSTIC,0,0.0,0.1,1,0.08403545117998704,0.0
2025_non_pristine,MARKET_AWARE_DIAGNOSTIC,1,0.1,0.2,19,0.16764837382807013,0.15789473684210525
2025_non_pristine,MARKET_AWARE_DIAGNOSTIC,2,0.2,0.30000000000000004,28,0.2592859861262981,0.2857142857142857
2025_non_pristine,MARKET_AWARE_DIAGNOSTIC,3,0.30000000000000004,0.4,36,0.3555367632127557,0.4166666666666667
2025_non_pristine,MARKET_AWARE_DIAGNOSTIC,4,0.4,0.5,37,0.4471340842777358,0.4864864864864865
2025_non_pristine,MARKET_AWARE_DIAGNOSTIC,5,0.5,0.6000000000000001,44,0.5593334519463095,0.5227272727272727
2025_non_pristine,MARKET_AWARE_DIAGNOSTIC,6,0.6000000000000001,0.7000000000000001,41,0.6484039072066883,0.6097560975609756
2025_non_pristine,MARKET_AWARE_DIAGNOSTIC,7,0.7000000000000001,0.8,34,0.750722826660172,0.7058823529411765
2025_non_pristine,MARKET_AWARE_DIAGNOSTIC,8,0.8,0.9,27,0.8600770777725761,0.9259259259259259
2025_non_pristine,MARKET_AWARE_DIAGNOSTIC,9,0.9,1.0,5,0.9144174266660133,1.0
2025_non_pristine,FST,0,0.0,0.1,1,0.08420593220471093,0.0
2025_non_pristine,FST,1,0.1,0.2,18,0.1660165613048951,0.16666666666666666
2025_non_pristine,FST,2,0.2,0.30000000000000004,29,0.25741588672809346,0.27586206896551724
2025_non_pristine,FST,3,0.30000000000000004,0.4,36,0.35569636176248476,0.4166666666666667
2025_non_pristine,FST,4,0.4,0.5,37,0.4472594326835706,0.4864864864864865
2025_non_pristine,FST,5,0.5,0.6000000000000001,44,0.5593927585477375,0.5227272727272727
2025_non_pristine,FST,6,0.6000000000000001,0.7000000000000001,41,0.6484595663293463,0.6097560975609756
2025_non_pristine,FST,7,0.7000000000000001,0.8,34,0.75075320084336,0.7058823529411765
2025_non_pristine,FST,8,0.8,0.9,27,0.8600863173096432,0.9259259259259259
2025_non_pristine,FST,9,0.9,1.0,5,0.9144139473926159,1.0
2025_non_pristine,RAW_A0,0,0.0,0.1,0,,
2025_non_pristine,RAW_A0,1,0.1,0.2,0,,
2025_non_pristine,RAW_A0,2,0.2,0.30000000000000004,5,0.25445988192151264,0.2
2025_non_pristine,RAW_A0,3,0.30000000000000004,0.4,25,0.36756475808273903,0.48
2025_non_pristine,RAW_A0,4,0.4,0.5,59,0.4550301502697673,0.4576271186440678
2025_non_pristine,RAW_A0,5,0.5,0.6000000000000001,80,0.5487663058590766,0.425
2025_non_pristine,RAW_A0,6,0.6000000000000001,0.7000000000000001,64,0.6376035257914752,0.625
2025_non_pristine,RAW_A0,7,0.7000000000000001,0.8,33,0.7328546083567932,0.8181818181818182
2025_non_pristine,RAW_A0,8,0.8,0.9,6,0.8305133319335164,0.8333333333333334
2025_non_pristine,RAW_A0,9,0.9,1.0,0,,
2025_non_pristine,RAW_B0,0,0.0,0.1,0,,
2025_non_pristine,RAW_B0,1,0.1,0.2,0,,
2025_non_pristine,RAW_B0,2,0.2,0.30000000000000004,4,0.2578625,0.25
2025_non_pristine,RAW_B0,3,0.30000000000000004,0.4,30,0.36878666666666676,0.43333333333333335
2025_non_pristine,RAW_B0,4,0.4,0.5,64,0.45235390625000005,0.359375
2025_non_pristine,RAW_B0,5,0.5,0.6000000000000001,99,0.5508348484848484,0.5252525252525253
2025_non_pristine,RAW_B0,6,0.6000000000000001,0.7000000000000001,63,0.6421642857142857,0.7301587301587301
2025_non_pristine,RAW_B0,7,0.7000000000000001,0.8,11,0.7306272727272727,0.9090909090909091
2025_non_pristine,RAW_B0,8,0.8,0.9,1,0.8570000000000001,1.0
2025_non_pristine,RAW_B0,9,0.9,1.0,0,,
2025_non_pristine,MARKET_BENCHMARK,0,0.0,0.1,0,,
2025_non_pristine,MARKET_BENCHMARK,1,0.1,0.2,9,0.16679338308198147,0.1111111111111111
2025_non_pristine,MARKET_BENCHMARK,2,0.2,0.30000000000000004,26,0.24749737658290955,0.23076923076923078
2025_non_pristine,MARKET_BENCHMARK,3,0.30000000000000004,0.4,33,0.34640518933689335,0.45454545454545453
2025_non_pristine,MARKET_BENCHMARK,4,0.4,0.5,46,0.4415595312054113,0.41304347826086957
2025_non_pristine,MARKET_BENCHMARK,5,0.5,0.6000000000000001,44,0.5546749065405401,0.5681818181818182
2025_non_pristine,MARKET_BENCHMARK,6,0.6000000000000001,0.7000000000000001,45,0.6447893585298841,0.5333333333333333
2025_non_pristine,MARKET_BENCHMARK,7,0.7000000000000001,0.8,40,0.7491999813136737,0.725
2025_non_pristine,MARKET_BENCHMARK,8,0.8,0.9,26,0.857369693018931,0.9230769230769231
2025_non_pristine,MARKET_BENCHMARK,9,0.9,1.0,3,0.9053888284179061,1.0
