game_id,season,week,home_team,away_team,home_win,fst_prob,market_prob,a0_home_win_probability,b0_home_win_probability,fst_confidence,component_prob_dispersion,fst_plus_a0_prob,fst_plus_b0_prob,fst_plus_a0_plus_b0_prob,primary_compact_football_prob,market_aware_diagnostic_prob
2025_01_ARI_NO,2025,1,NO,ARI,0,0.2679550680288717,0.2998379254457049,0.4324016607570473,0.5401499999999999,0.2320449319711283,0.11192381707626346,0.2678574760830014,0.2679282781865838,0.2678309557606635,0.2678023980764591,0.2677716669976747
2025_01_BAL_BUF,2025,1,BUF,BAL,1,0.42870601974583633,0.4572564612326043,0.5054941760212768,0.4895,0.07129398025416367,0.03307926951686524,0.42867071777203286,0.42868935171663886,0.4286541979113322,0.4286901227458166,0.42862441668273976
2025_01_CAR_JAX,2025,1,JAX,CAR,1,0.6457146966231834,0.644729178800233,0.6126279717605411,0.5338499999999999,0.14571469662318337,0.046921223043922454,0.6456148224684995,0.6457335338940935,0.6456335679623327,0.6456354602499021,0.6455716467586395
2025_01_CIN_CLE,2025,1,CLE,CIN,0,0.2980277141722882,0.3249687530045187,0.2898204652054079,0.3543,0.20197228582771182,0.028658020973788802,0.2979271975651113,0.29796586557288335,0.2978656079001352,0.2979163630066535,0.297925391642679
2025_01_DAL_PHI,2025,1,PHI,DAL,1,0.7780977663645359,0.7768331562167907,0.6996916360284087,0.63095,0.27809776636453587,0.0601159980040625,0.7780514995594903,0.7781448597875001,0.7780983671056589,0.778086752583195,0.7780388548668042
2025_01_DET_GB,2025,1,GB,DET,1,0.5139358711492016,0.5217391304347824,0.4769745886661394,0.55595,0.013935871149201584,0.03226356565890231,0.5138380008708252,0.5139490006078524,0.513851268971519,0.5139129842125294,0.5138585781925988
2025_01_HOU_LA,2025,1,LA,HOU,1,0.577412019946723,0.5996387718242023,0.6454548950003767,0.63305,0.07741201994672298,0.029588472023081992,0.5773526302018253,0.5774423707457614,0.5773829518923213,0.5774234842949464,0.5773729912632829
2025_01_KC_LAC,2025,1,LAC,KC,1,0.3454579137331285,0.3907637655417406,0.5752950510918391,0.5197499999999999,0.1545420862668715,0.09791611701706743,0.3453943892873257,0.34543418845120094,0.34537076942719835,0.34531991175289534,0.34527372971709325
2025_01_LV_NE,2025,1,NE,LV,0,0.5749873987492932,0.5829926410466066,0.5438103521228905,0.6042000000000001,0.07498739874929317,0.024658318134272588,0.5749490183905582,0.5750048073562355,0.5749664043468572,0.5750306955998866,0.574986283177758
2025_01_MIA_IND,2025,1,IND,MIA,1,0.4915690988406528,0.5043297540699688,0.4602945810549479,0.50905,0.008430901159347193,0.020168094287151182,0.49159900620341646,0.49156384695383576,0.49159384205598616,0.4916636831952243,0.4916277583388361
2025_01_MIN_CHI,2025,1,CHI,MIN,0,0.5014790250430297,0.4956702459300311,0.433690352729419,0.3903999999999999,0.001479025043029658,0.04571397614879044,0.5014276021328758,0.501442099850834,0.5013907270018397,0.5014063215605374,0.5013305723020555
2025_01_NYG_WAS,2025,1,WAS,NYG,1,0.7137487498539448,0.7179705215419498,0.7190205830063576,0.6722,0.21374874985394476,0.02093974910246532,0.7137562111813338,0.7137952876566882,0.7138025528379844,0.7138345659853224,0.7137557730663338
2025_01_PIT_NYJ,2025,1,NYJ,PIT,0,0.3849357628840062,0.4170073589533933,0.5362446955490356,0.43045,0.11506423711599378,0.06338459021524821,0.3848771685836718,0.38489167578429817,0.38483314843129457,0.3848104786810146,0.3847592183116313
2025_01_SF_SEA,2025,1,SEA,SF,0,0.4081524872673458,0.448558885283451,0.5234556966939728,0.5255500000000001,0.09184751273265418,0.05485474982597422,0.4080141125293945,0.40813856257433717,0.4080002631628096,0.4080130152721128,0.40798475702543574
2025_01_TB_ATL,2025,1,ATL,TB,0,0.485723646164408,0.4891657638136511,0.4249412254645724,0.4388,0.014276353835592004,0.02600939331839381,0.48572580071138477,0.48570262504125356,0.4857049480864187,0.4857589643070116,0.4856814778227409
2025_01_TEN_DEN,2025,1,DEN,TEN,1,0.7893107221639803,0.7867435158501441,0.7231142985137262,0.5992999999999999,0.28931072216398035,0.07875138203923605,0.7892544020304696,0.7893479222121758,0.7892913159955298,0.7892545534431815,0.7892047587795118
2025_02_ATL_MIN,2025,2,MIN,ATL,0,0.6013923047274045,0.6164383561643834,0.5779842795379578,0.60385,0.10139230472740446,0.011657193317352798,0.6012759610862813,0.6014217203704144,0.6013052909388955,0.6013753769418017,0.6013293336024408
2025_02_BUF_NYJ,2025,2,NYJ,BUF,0,0.2534843213283393,0.286448769739258,0.3832096649518688,0.3179,0.2465156786716607,0.05296056895160442,0.2533919932042469,0.25341651786677344,0.2533244301040708,0.2533200844004476,0.2532993014763437
2025_02_CAR_ARI,2025,2,ARI,CAR,1,0.7230301177163715,0.7257525083612038,0.6978804035168926,0.6311,0.2230301177163715,0.03879186192079811,0.7229488887013287,0.7230770851203878,0.7229956882273104,0.7230051410630378,0.7229471469931525
2025_02_CHI_DET,2025,2,DET,CHI,1,0.6779595972612298,0.7001620745542949,0.8043889131641258,0.6811999999999999,0.17795959726122978,0.05885045119825358,0.6779506297246682,0.6780143157867736,0.6780051389063744,0.6779759212782106,0.6778963336522262
2025_02_CLE_BAL,2025,2,BAL,CLE,1,0.8706161407331495,0.8630136986301368,0.8805172789612195,0.8570000000000001,0.3706161407331495,0.009640736696240187,0.8706052912970702,0.8706863908163142,0.8706753398632262,0.8706980947727162,0.8706293812214305
2025_02_DEN_IND,2025,2,IND,DEN,1,0.4406317917444824,0.4572564612326043,0.4745818498245868,0.5218499999999999,0.059368208255517585,0.03330545803932723,0.4406703919521597,0.4406159139032268,0.44065470148492875,0.4407057707684371,0.4406285900419374
2025_02_JAX_CIN,2025,2,CIN,JAX,1,0.6078800754314095,0.6309403437815974,0.6554380144836209,0.6109,0.10788007543140954,0.02174220740463902,0.6078573792873808,0.6079086840676734,0.6078858596254046,0.607926315493338,0.607864699908922
2025_02_LAC_LV,2025,2,LV,LAC,0,0.34168292334525374,0.3630958183058777,0.4127484863553137,0.41625,0.15831707665474626,0.03435569460248917,0.34162840088156854,0.3416366872627565,0.3415824101766149,0.3416163320765989,0.34155591258995727
2025_02_LA_TEN,2025,2,TEN,LA,0,0.29061733623056174,0.3146067415730335,0.4108813263736582,0.4155999999999999,0.20938266376943826,0.057837280795958707,0.29059521948053996,0.2905666090053001,0.2905447388437515,0.2905507917755754,0.2905088921371016
2025_02_NE_MIA,2025,2,MIA,NE,0,0.4959957347272319,0.5324675324675325,0.6709565940937073,0.5331,0.004004265272768093,0.0752717073502571,0.49589777806044194,0.4959887256562869,0.495890733924158,0.49584522714356455,0.49579192599673605
2025_02_NYG_DAL,2025,2,DAL,NYG,1,0.6682767753821215,0.6750312469954812,0.6694229031790988,0.7069,0.1682767753821215,0.017943119618930692,0.668266121980167,0.6683277556199342,0.6683170062812599,0.6683770025195842,0.6683397912306589
2025_02_PHI_KC,2025,2,KC,PHI,0,0.46365613664140815,0.47391341473828,0.4779184289947369,0.4654999999999999,0.036343863358591855,0.006333598187043637,0.4635728648960132,0.46363298954146365,0.46354985102366153,0.4636213872712134,0.46353854196343974
2025_02_SEA_PIT,2025,2,PIT,SEA,0,0.6338770231984965,0.6309403437815974,0.5583864001460198,0.543,0.13387702319849648,0.039713150388091596,0.6338639739190997,0.6338912498405472,0.6338781107981301,0.6339031588484251,0.633840936855099
2025_02_SF_NO,2025,2,NO,SF,0,0.3875427841008292,0.4003612281757977,0.4266434740104058,0.5226,0.11245721589917079,0.05674207766320211,0.3874467624625034,0.3875207530215054,0.3874248820948686,0.38745611056678264,0.3874091954484553
2025_02_TB_HOU,2025,2,HOU,TB,0,0.5627372155051612,0.551441114716549,0.3730491114728046,0.4024,0.0627372155051612,0.08336737580977512,0.5626955945247624,0.5627156431359112,0.5626740724128622,0.5626592220903446,0.5626310209347776
2025_02_WAS_GB,2025,2,GB,WAS,1,0.6115234659794949,0.6224665518611737,0.6268023357830823,0.6377499999999999,0.11152346597949492,0.010755496274567197,0.611407920682428,0.611564901780301,0.6114493046761091,0.6115161890440848,0.6114462350629486
2025_03_ARI_SF,2025,3,SF,ARI,1,0.513928218498267,0.5324675324675325,0.5618109517509167,0.552,0.013928218498266975,0.02065179966524016,0.5138820067789533,0.5139373953479842,0.5138912894665152,0.5139463027327628,0.513887117791198
2025_03_ATL_CAR,2025,3,CAR,ATL,1,0.3112896463532031,0.336351875808538,0.4652471628922092,0.4572,0.1887103536467969,0.0707558439131869,0.3112298880984807,0.3112479712001867,0.3111884114650103,0.3111785664189845,0.3111159590180922
2025_03_CIN_MIN,2025,3,MIN,CIN,1,0.6048549735818561,0.593369754159424,0.4763292831960481,0.57435,0.10485497358185614,0.054830514036071865,0.6047691341419014,0.6048748855797974,0.6047890035415493,0.604823373815137,0.6047679338167125
2025_03_DAL_CHI,2025,3,CHI,DAL,1,0.454945799886361,0.4675324675324675,0.4754201134241727,0.4124,0.045054200113638976,0.026248549798693614,0.454822941216142,0.45491130448757533,0.45478847938653383,0.45482263659395256,0.45477021581353855
2025_03_DEN_LAC,2025,3,LAC,DEN,1,0.5759485991774296,0.5829926410466066,0.5563172055083822,0.5964,0.07594859917742958,0.01636487372138476,0.5759152373754711,0.5759679537397319,0.5759346004573875,0.5760041429332768,0.5759246092562819
2025_03_DET_BAL,2025,3,BAL,DET,0,0.6865302152162868,0.6805555555555554,0.5712921815062495,0.65205,0.18653021521628677,0.04829367902345755,0.6864848988904368,0.6865885673044736,0.6865432242017855,0.6865767849320399,0.686493960342754
2025_03_GB_CLE,2025,3,CLE,GB,1,0.183344018552267,0.2086383601756954,0.238093944733099,0.26585,0.316655981447733,0.03427858093043505,0.18329430378574485,0.1832733724711018,0.18322393689651997,0.18324910606296627,0.1832382145271852
2025_03_HOU_JAX,2025,3,JAX,HOU,1,0.509108365822847,0.5324675324675325,0.612610254694617,0.52425,0.00910836582284702,0.045642870558374245,0.5090714708979984,0.5091042644031054,0.5090674160226064,0.5090720264864914,0.5090239764421863
2025_03_IND_TEN,2025,3,TEN,IND,0,0.28979244554757433,0.3194444444444444,0.4504590093173254,0.4680499999999999,0.21020755445242567,0.08020733091054078,0.28968362148253207,0.2897510358443159,0.2896424530364041,0.28962788585622434,0.28958529478690337
2025_03_KC_NYG,2025,3,NYG,KC,0,0.23086993859044033,0.2664576802507837,0.4347500674351606,0.37,0.26913006140955964,0.08506001290489323,0.23083164785159632,0.23081200687681663,0.23077393231489102,0.23074162853605668,0.23072171800509295
2025_03_LA_PHI,2025,3,PHI,LA,1,0.6211830138728546,0.6369041816941223,0.6149155323244893,0.57305,0.12118301387285457,0.02136661764491614,0.6211288109739027,0.6212072148932061,0.6211528966438097,0.6211939924881453,0.6211397962427306
2025_03_LV_WAS,2025,3,WAS,LV,1,0.5574694036646096,0.5829926410466066,0.7077870824741913,0.61525,0.05746940366460962,0.061911328624456634,0.557442015790404,0.5574917941519741,0.557464333239533,0.5574444406711612,0.5574068138211637
2025_03_MIA_BUF,2025,3,BUF,MIA,1,0.8643540493578957,0.8524590163934425,0.6825967449456344,0.6983,0.3643540493578957,0.08223020344987356,0.8643851705356463,0.864406381681176,0.864437319304738,0.8644261728602127,0.8643875373807857
2025_03_NO_SEA,2025,3,SEA,NO,1,0.7555256305198299,0.7571884984025558,0.6453434151214474,0.5448500000000001,0.2555256305198299,0.08603827854042316,0.7554991738900595,0.7555552797564727,0.7555286182435613,0.7554877126385509,0.7554577614555437
2025_03_NYJ_TB,2025,3,TB,NYJ,1,0.7412826276491173,0.7440690150970523,0.7072732169509445,0.6863,0.24128262764911734,0.022655892509234422,0.741272827164338,0.7413371414985495,0.7413271579567186,0.741360638996595,0.7412816542110733
2025_03_PIT_NE,2025,3,NE,PIT,0,0.4609574445804622,0.4782608695652174,0.5151566030356172,0.51735,0.03904255541953783,0.02608209278037329,0.4609275307092105,0.4609427295317601,0.46091288644718037,0.4609631704728224,0.4608974358826346
2025_04_BAL_KC,2025,4,KC,BAL,1,0.41134358099105855,0.427940364439536,0.3922207548684809,0.40065,0.08865641900894145,0.007825083079529895,0.4112471365264843,0.4113016296909743,0.4112053912403117,0.4112769481585602,0.4112483642456301
2025_04_CAR_NE,2025,4,NE,CAR,1,0.7070038090234719,0.6957699520733485,0.5701898597488327,0.6020500000000001,0.20700380902347193,0.05845076492369263,0.7069302332271645,0.7070347789961229,0.7069610693616935,0.7069720764848784,0.7069202518460375
2025_04_CHI_LV,2025,4,LV,CHI,0,0.5143017464197829,0.5324675324675325,0.5514177617819243,0.5163500000000001,0.01430174641978288,0.017034415671696872,0.514276847130477,0.5142972486650129,0.5142723667346529,0.5143259027597793,0.5142810635971076
2025_04_CIN_DEN,2025,4,DEN,CIN,1,0.810345404817942,0.7913616398243045,0.6006916549046288,0.5631999999999999,0.31034540481794204,0.10875107670620317,0.8103234925492871,0.8103785490592333,0.8103564189026526,0.8103137696431297,0.810255490161252
2025_04_CLE_DET,2025,4,DET,CLE,1,0.8095577603408993,0.8118668596237336,0.8789484940676888,0.7617,0.3095577603408993,0.04813482051387887,0.809549490283772,0.8096302738390272,0.8096217511682424,0.8096013899237947,0.8095053400182963
2025_04_GB_DAL,2025,4,DAL,GB,0,0.2251360471540534,0.2559309849029475,0.4287576729501151,0.46325,0.2748639528459466,0.10506598014637664,0.22509105562736745,0.22509537415572983,0.22505067281966165,0.2250183546151234,0.22497846084292988
2025_04_IND_LA,2025,4,LA,IND,1,0.6232923986664757,0.6224665518611737,0.5788951280938441,0.5921500000000001,0.12329239866647568,0.018609012924595193,0.6231666053456638,0.6233217148220118,0.6231958590564985,0.6232528646158624,0.6231849159110415
2025_04_JAX_SF,2025,4,SF,JAX,0,0.5993238475377745,0.6164383561643834,0.6352223607381138,0.6255499999999999,0.09932384753777446,0.015166003228035463,0.5992871815141101,0.5993568688079192,0.5993201564095599,0.599377645115771,0.5993180120031087
2025_04_LAC_NYG,2025,4,NYG,LAC,1,0.26973582803568213,0.2904564315352696,0.3875606358798198,0.3478,0.23026417196431787,0.04894169825590691,0.26967739921119294,0.2696740123446381,0.269615844179341,0.2696210645825808,0.26958043508142654
2025_04_MIN_PIT,2025,4,PIT,MIN,1,0.40528066761173714,0.427940364439536,0.5349272727770901,0.4944,0.09471933238826286,0.05415303159153005,0.40519749166824653,0.4052521031680619,0.4051690322473423,0.40517271279870704,0.40510659830286494
2025_04_NO_BUF,2025,4,BUF,NO,1,0.9042334473336383,0.8933823529411765,0.8018321793182415,0.704,0.4042334473336383,0.08175205633324775,0.9042564590548646,0.9042759679999961,0.904298785585329,0.9042779318100499,0.904252881158322
2025_04_NYJ_MIA,2025,4,MIA,NYJ,1,0.5613556304710235,0.5720596355604638,0.6382772534686711,0.61095,0.06135563047102355,0.031838684289729996,0.5612880451490676,0.5613759353497477,0.5613083247511038,0.5613431302490567,0.561296380421985
2025_04_PHI_TB,2025,4,TB,PHI,0,0.34185384825496723,0.3775334481388262,0.5822776342126869,0.5017,0.15814615174503277,0.09991504403311456,0.3417954000518798,0.3418277169660013,0.3417694273230086,0.3417110482513303,0.34163380334603033
2025_04_SEA_ARI,2025,4,ARI,SEA,0,0.4439049054514429,0.4675324675324675,0.5705710159890567,0.5016,0.0560950945485571,0.05177947742349993,0.4438698544793198,0.44388983693553763,0.4438548547534396,0.4438556435506531,0.4437753108731032
2025_04_TEN_HOU,2025,4,HOU,TEN,1,0.7964754806259355,0.7819063004846527,0.6080416839646355,0.55665,0.29647548062593554,0.1030990150089677,0.7964431675854541,0.7965084004806615,0.7964758663399625,0.7964334748040099,0.7963914618915067
2025_04_WAS_ATL,2025,4,ATL,WAS,1,0.5764073848203312,0.5634920634920633,0.4576563409235092,0.5074,0.07640738482033116,0.048692072369402706,0.5763862078948506,0.5764128157943817,0.5763916834587891,0.5764235782018831,0.5763560629581866
2025_05_DAL_NYJ,2025,5,NYJ,DAL,0,0.48776755958174517,0.5108342361863488,0.5274917086694569,0.40115,0.01223244041825483,0.05274976250410765,0.4876774912905201,0.48773309330505776,0.4876429994904869,0.487629707142613,0.4875865679228158
2025_05_DEN_PHI,2025,5,PHI,DEN,0,0.6519182487314408,0.6574752261956052,0.5778939741706233,0.62065,0.15191824873144077,0.03034134390143967,0.6518858569873245,0.6519486906090767,0.6519162270270915,0.6519640392494924,0.6519155749806133
2025_05_DET_CIN,2025,5,CIN,DET,0,0.1523556465303892,0.182741116751269,0.3482783423316489,0.4037,0.3476443534696108,0.10782251202261238,0.15228653019715052,0.15230799607928056,0.1522391631873658,0.15221556806132766,0.15218632401218832
2025_05_HOU_BAL,2025,5,BAL,HOU,0,0.36149822417899985,0.427940364439536,0.7789864616891891,0.75405,0.13850177582100015,0.19119947474392093,0.3613621323886705,0.36153058439938135,0.36139457484893517,0.361239581336521,0.3611596893203552
2025_05_KC_JAX,2025,5,JAX,KC,1,0.3297650533618311,0.3630958183058777,0.4847428748921493,0.40595,0.1702349466381689,0.0632724166638141,0.3297407067068604,0.3297128623283666,0.32968870066006845,0.32967206954624056,0.32963158813502225
2025_05_LV_IND,2025,5,IND,LV,1,0.7532951233895754,0.7508125677139762,0.656666173561858,0.623,0.2532951233895754,0.055224173819290956,0.7533488586138991,0.7533423633692418,0.7533959494494169,0.7533956871804018,0.7533359721182505
2025_05_MIA_CAR,2025,5,CAR,MIA,1,0.4595377838950222,0.4782608695652174,0.4494765907975399,0.4856,0.0404622161049778,0.015221941062002748,0.4595798813256284,0.4595183660667429,0.4595605810899995,0.4596324363857042,0.45959274670914596
2025_05_MIN_CLE,2025,5,CLE,MIN,0,0.34669644831480084,0.3630958183058777,0.3379549914320809,0.31485,0.15330355168519916,0.01343482195133338,0.34665155822806015,0.3466306310623089,0.3465859366937374,0.3466375439513458,0.3466333441712949
2025_05_NE_BUF,2025,5,BUF,NE,0,0.7685697752871429,0.7659021045164341,0.7372138516700706,0.67845,0.2685697752871429,0.037354098550652685,0.7685637655565324,0.7686241172334017,0.7686178947861432,0.7686274751072547,0.7685472864174668
2025_05_NYG_NO,2025,5,NO,NYG,1,0.4956199143811213,0.5217391304347824,0.5649473175304879,0.63775,0.004380085618878704,0.058030146035603504,0.4955395561639017,0.4956331291548377,0.4955528026742398,0.4955817517573098,0.4955568843041098
2025_05_SF_LA,2025,5,LA,SF,0,0.7932929528876383,0.7819063004846527,0.5713141433679009,0.58925,0.29329295288763835,0.10068091149326618,0.7932817709374146,0.7933351907616423,0.7933238334629824,0.7932941535126656,0.7932622823536014
2025_05_TB_SEA,2025,5,SEA,TB,0,0.6082059876417067,0.6164383561643834,0.5260257975201199,0.539,0.10820598764170675,0.03607304673063186,0.6081437913115043,0.6082234889679745,0.6081613074048715,0.6081984342686704,0.6081960101570815
2025_05_TEN_ARI,2025,5,ARI,TEN,0,0.7738055008480093,0.7768331562167907,0.749735505723617,0.6281,0.27380550084800925,0.06377447582022273,0.7737688989085428,0.7738496825429991,0.7738128546946348,0.7737869130393912,0.7737541566518971
2025_05_WAS_LAC,2025,5,LAC,WAS,0,0.5722144501776689,0.5829926410466066,0.5416883444525163,0.5823999999999999,0.07221445017766892,0.01729812916455717,0.572105849698417,0.5722371251551406,0.5721284921589324,0.572197206391878,0.5721472929886005
2025_06_ARI_IND,2025,6,IND,ARI,1,0.8030288529913692,0.7913616398243045,0.5713880028245634,0.56365,0.30302885299136917,0.11106534383624857,0.8030944228431254,0.8030681119766366,0.8031335442592031,0.8030925424188736,0.8030495010263792
2025_06_BUF_ATL,2025,6,ATL,BUF,1,0.33152235702134025,0.355270821199767,0.4423673716114633,0.3795,0.16847764297865975,0.045388175036880044,0.33147963557833016,0.33146702587392907,0.331424547765165,0.331430941304316,0.33145161300209275
2025_06_CHI_WAS,2025,6,WAS,CHI,0,0.6780099327963706,0.690792883054068,0.6704991459971037,0.601,0.17800993279637056,0.03466838611436505,0.6780474874344704,0.6780442887586212,0.6780816890203556,0.6780974318022648,0.6779598639584545
2025_06_CIN_GB,2025,6,GB,CIN,1,0.8879205815293382,0.8720930232558138,0.7282105542887991,0.692,0.38792058152933817,0.08511650271498464,0.887916306316664,0.8879666766465107,0.8879622366232227,0.8879451730386035,0.8879405981555091
2025_06_CLE_PIT,2025,6,PIT,CLE,1,0.6887109589835714,0.705033164260632,0.7830559756588558,0.72685,0.18871095898357138,0.03875088575457398,0.6886525316132875,0.6887621569120457,0.6887035439817065,0.6887142044480704,0.6887170461665905
2025_06_DAL_CAR,2025,6,CAR,DAL,1,0.3611107033596463,0.3907637655417406,0.4653098362434736,0.42555,0.1388892966403537,0.04293499844513388,0.36108454519131905,0.3610684141958176,0.3610424150985592,0.36105803938907477,0.3610140707710289
2025_06_DEN_NYJ,2025,6,NYJ,DEN,0,0.19782988155271183,0.2340978954835658,0.4622123501124949,0.4417,0.30217011844728814,0.12008861582662687,0.19775961469198447,0.19777935933552349,0.1977093421443196,0.19765916538953746,0.19762901619580492
2025_06_DET_KC,2025,6,KC,DET,1,0.5687554461515573,0.5634920634920633,0.4083752459595198,0.50365,0.06875544615155726,0.06585995789864814,0.5686582693279703,0.5687610368749535,0.5686639882816958,0.5686859165313276,0.5686340350683067
2025_06_LAC_MIA,2025,6,MIA,LAC,0,0.319938095795613,0.355270821199767,0.5696108331029357,0.4728,0.180061904204387,0.10278109149363517,0.319851841980181,0.31989976670236825,0.3198137312069136,0.3197503698128403,0.31968744989630143
2025_06_LA_BAL,2025,6,BAL,LA,0,0.20265678058309292,0.2522172949002217,0.6263478453628013,0.5953499999999999,0.2973432194169071,0.19283929675806752,0.20254272867978873,0.20263625837307978,0.20252239337376468,0.20241054837085584,0.20234102201388915
2025_06_NE_NO,2025,6,NO,NE,0,0.33672604323255867,0.3690596562184024,0.4983752437304181,0.50295,0.16327395676744133,0.07730300858019509,0.3366219044948918,0.33669116957426165,0.33658718522968345,0.3365728362168564,0.336535996793806
2025_06_PHI_NYG,2025,6,NYG,PHI,1,0.20866495358440135,0.2340978954835658,0.3755617136993234,0.3183999999999999,0.29133504641559865,0.06925297463465606,0.20861602309979557,0.208599500498905,0.20855083506068364,0.20853421702488395,0.20851087898134082
2025_06_SEA_JAX,2025,6,JAX,SEA,0,0.48177208679417954,0.4891657638136511,0.4820735165932552,0.4269,0.018227913205820456,0.025938289377199258,0.4817622296087872,0.4817429471750739,0.48173317890591877,0.48177053536903225,0.4816765320481475
2025_06_SF_TB,2025,6,TB,SF,1,0.6261695142822293,0.6309403437815974,0.6099540474440421,0.5710500000000001,0.12616951428222933,0.02312917140038984,0.6261175267650381,0.6261991592841702,0.626147029137419,0.6261864415401623,0.6260756957965284
2025_06_TEN_LV,2025,6,LV,TEN,1,0.6066974610132791,0.6224665518611737,0.607616641216645,0.5233,0.10669746101327915,0.0395323740493003,0.6066126737130512,0.6067059460511385,0.6066210369706714,0.6066315592442119,0.6065980756892185
2025_07_ATL_SF,2025,7,SF,ATL,1,0.4863688334802258,0.5108342361863488,0.6071689518807675,0.5559499999999999,0.013631166519774196,0.04950599107583041,0.4862607166226159,0.48637284818079013,0.486264811662064,0.4862734414293957,0.4862264852745989
2025_07_CAR_NYJ,2025,7,NYJ,CAR,0,0.48831680606027916,0.5043297540699688,0.5718034635485141,0.4858,0.011683193939720837,0.03996241572283679,0.488156254260436,0.4883003049297406,0.48813972102331527,0.4881523287378073,0.4881041177695437
2025_07_GB_ARI,2025,7,ARI,GB,0,0.20016362101378837,0.2340978954835658,0.457073762171704,0.4018,0.2998363789862116,0.1104109690329047,0.20009851072746326,0.20011243240709772,0.20004756704645899,0.1999992807439652,0.19996574230769135
2025_07_HOU_SEA,2025,7,SEA,HOU,1,0.580885000932852,0.5996387718242023,0.5931412489626583,0.60785,0.080885000932852,0.011023581528996643,0.5808155778509003,0.5809096620800704,0.5808402091300994,0.580909968307,0.5807861228011545
2025_07_IND_LAC,2025,7,LAC,IND,0,0.5504628089126967,0.551441114716549,0.5532994296344778,0.5721,0.05046280891269672,0.009601365072719095,0.5503090973216062,0.5504802008609243,0.5503264415227692,0.5504007194269984,0.5503320345730764
2025_07_LA_JAX,2025,7,JAX,LA,0,0.3775984267195604,0.4003612281757977,0.4793044725917594,0.38065,0.1224015732804396,0.047241856239758344,0.3775492664535485,0.37754681892751135,0.37749782323343384,0.37749536938216494,0.3774380754420793
2025_07_LV_KC,2025,7,KC,LV,1,0.8831975875105944,0.8677165354330709,0.7202383116992397,0.68345,0.3831975875105944,0.08680002826864885,0.8831920291081541,0.8832411959727923,0.8832354686534328,0.8832169589467173,0.8831817854343026
2025_07_MIA_CLE,2025,7,CLE,MIA,1,0.577938180771025,0.5720596355604638,0.3266956755158793,0.3883999999999999,0.07793818077102499,0.10690335306918494,0.5779371843591385,0.5779171622416467,0.5779161853119121,0.577880762297123,0.5778947085111618
2025_07_NE_TEN,2025,7,TEN,NE,0,0.2547210850147308,0.286448769739258,0.4120465447890876,0.4169,0.24527891498526921,0.07533396517913216,0.25466107431957064,0.2546682446758728,0.2546084524605343,0.2545967486566067,0.254572271036652
2025_07_NO_CHI,2025,7,CHI,NO,1,0.6585713211089124,0.6636481241914618,0.5792198079146706,0.4908,0.15857132110891237,0.0685256977462656,0.6585290907343131,0.6585789285634559,0.6585365490627214,0.6585119479935059,0.6584646211602762
2025_07_NYG_DEN,2025,7,DEN,NYG,1,0.7813184371311848,0.7768331562167907,0.687384909737404,0.6395500000000001,0.28131843713118476,0.05888781794870878,0.7812902270096285,0.7813565392919911,0.7813280560824427,0.7813214720761631,0.7812448013567357
2025_07_PHI_MIN,2025,7,MIN,PHI,0,0.3963598124945741,0.427940364439536,0.5390215071915628,0.5187999999999999,0.10364018750542592,0.06302809603068486,0.3962939533114102,0.3963399100104388,0.3962741905033297,0.3962716072151506,0.39626032280502455
2025_07_PIT_CIN,2025,7,CIN,PIT,1,0.2790193714872405,0.3194444444444444,0.5436733852551824,0.4453,0.2209806285127595,0.10922368350654686,0.2789642513601913,0.27897250339914775,0.27891753061149926,0.2788514360876278,0.2787968683225764
2025_07_TB_DET,2025,7,DET,TB,1,0.6993421905473924,0.705033164260632,0.6335660850466218,0.54005,0.19934219054739244,0.06535863131529869,0.6993361744231545,0.6993789476447113,0.6993728150117267,0.6993507752243519,0.6992822699371954
2025_07_WAS_DAL,2025,7,DAL,WAS,1,0.5374972458162136,0.5324675324675325,0.5077086500438147,0.57775,0.03749724581621361,0.028700436235857166,0.5374365988549588,0.5375161545506066,0.5374556169985332,0.5375189069196608,0.5374392960274651
2025_08_BUF_CAR,2025,8,CAR,BUF,0,0.1969721403995626,0.2340978954835658,0.3332340860876126,0.34415,0.30302785960043743,0.06695587052164517,0.19694222030979877,0.1969118037860135,0.19688216774894118,0.19687928147058173,0.19683112251262275
2025_08_CHI_BAL,2025,8,BAL,CHI,1,0.5533370117889708,0.5720596355604638,0.747220864439667,0.69435,0.05333701178897077,0.08183380140360255,0.5532565836181317,0.5533803323730132,0.5532997990951225,0.5532642175738989,0.553233749872165
2025_08_CLE_NE,2025,8,NE,CLE,1,0.7605364750905831,0.7600000000000001,0.7462176377307053,0.7265499999999999,0.2605364750905831,0.013932079554146999,0.7605369431782624,0.7605905374868922,0.760590824539066,0.7606301810959132,0.7605608528772025
2025_08_DAL_DEN,2025,8,DEN,DAL,1,0.6211954996320582,0.6309403437815974,0.5757318871536578,0.47555,0.12119549963205822,0.06084220221772811,0.6211037234746101,0.6211991569395463,0.6211071797148013,0.6210887351183195,0.6210378485991849
2025_08_GB_PIT,2025,8,PIT,GB,0,0.39722690944268874,0.4170073589533933,0.47356811143411,0.4773,0.10277309055731126,0.03689866896901201,0.39716112733969183,0.39719577874720857,0.397130152915491,0.3971645033514329,0.39713183066778973
2025_08_MIA_ATL,2025,8,ATL,MIA,0,0.7525806491184299,0.7477827050997781,0.5576328837882425,0.55925,0.2525806491184299,0.09152048110828624,0.752640289921402,0.7526149344528137,0.7526744510609844,0.7526470474768046,0.7526107938257944
2025_08_MIN_LAC,2025,8,LAC,MIN,1,0.5995277427735684,0.6037569709421778,0.579076471459915,0.52,0.09952774277356835,0.03371934138205757,0.5994921501286914,0.5995403152417498,0.5995046450270232,0.5995284214834801,0.5994591878493831
2025_08_NYG_PHI,2025,8,PHI,NYG,1,0.7579275713994135,0.7600000000000001,0.7084706515047444,0.7211500000000001,0.25792757139941347,0.02097443566124884,0.757880098154676,0.7579860887689548,0.7579383943938105,0.7579787807168743,0.7579240258948222
2025_08_NYJ_CIN,2025,8,CIN,NYJ,0,0.6871117461804686,0.690792883054068,0.6535118919261795,0.59745,0.18711174618046855,0.036985154169361364,0.6871203055661842,0.6871433596228741,0.6871517703215776,0.6871677258936084,0.687133131327948
2025_08_SF_HOU,2025,8,HOU,SF,1,0.5845652354612586,0.5829926410466066,0.4813329428408809,0.49905,0.0845652354612586,0.04507235645792624,0.5845014097698865,0.5845674868790053,0.5845035850767943,0.5845321150871188,0.5844791342827507
2025_08_TB_NO,2025,8,NO,TB,0,0.3193107859455989,0.3425247738043946,0.3852620075557896,0.47625,0.18068921405440108,0.06434135986968025,0.31922824209755973,0.31927323823677967,0.31919098108795807,0.31920914431369807,0.3191891976737221
2025_08_TEN_IND,2025,8,IND,TEN,1,0.9202865257347206,0.9082568807339448,0.7653382772769706,0.65005,0.4202865257347206,0.11071892662593298,0.9203162762084895,0.9203212021757874,0.9203507815470408,0.92032177961835,0.9202910042684299
2025_08_WAS_KC,2025,8,KC,WAS,1,0.8579796081851178,0.8399999999999997,0.5971300664294352,0.6136,0.35797960818511776,0.1192733252485791,0.857955428143531,0.8580189719744149,0.85799464872763,0.8579603170151194,0.8579232087553975
2025_09_ARI_DAL,2025,9,DAL,ARI,0,0.5965410629405695,0.6092362344582593,0.5288030322710252,0.5913,0.09654106294056952,0.03077116347609246,0.5965315109418674,0.5965726951583984,0.5965632040498262,0.5966189762247762,0.5964939889938147
2025_09_ATL_NE,2025,9,NE,ATL,1,0.6772902123713456,0.6853932584269663,0.6133555713599689,0.6192500000000001,0.17729021237134557,0.02885028184410166,0.677239380625114,0.6773274823887058,0.6772765569745567,0.6773157122894461,0.6772757127277562
2025_09_BAL_MIA,2025,9,MIA,BAL,0,0.1721768541943335,0.2132564841498559,0.4472967562645009,0.38595,0.3278231458056665,0.1179233945722228,0.17210180100962733,0.1721255825230672,0.1720508000157833,0.17200114746597558,0.17198669082542642
2025_09_CAR_GB,2025,9,GB,CAR,0,0.8832339743321054,0.8720930232558138,0.7648515608068691,0.69825,0.3832339743321054,0.07649926251908296,0.883199084743297,0.8832818003623188,0.8832467293048328,0.883229505260416,0.8831880996060607
2025_09_CHI_CIN,2025,9,CIN,CHI,0,0.36579549752488977,0.4066302458405761,0.6351715680469051,0.53555,0.13420450247511023,0.1112077711616005,0.36574848164238905,0.36577462143027667,0.36572769453913445,0.3656500770460524,0.36556634166141594
2025_09_DEN_HOU,2025,9,HOU,DEN,0,0.5219158885784952,0.5324675324675325,0.4644042428993475,0.4932999999999999,0.021915888578495246,0.023479123697164105,0.521888028917129,0.5219043822195361,0.521876605967516,0.5219371162781571,0.5219041961678825
2025_09_IND_PIT,2025,9,PIT,IND,1,0.3483813107179774,0.3775334481388262,0.4949868904209189,0.5082,0.1516186892820226,0.07242605095207114,0.34819367896062736,0.3483541238668902,0.3481666417087003,0.348159725130063,0.3481103009819227
2025_09_JAX_LV,2025,9,LV,JAX,0,0.44033479272491294,0.4572564612326043,0.4779395373493644,0.5106499999999999,0.05966520727508706,0.028729233193981043,0.4402568052594213,0.44031612143560617,0.4402381903295728,0.4402915041169458,0.4402379022514155
2025_09_KC_BUF,2025,9,BUF,KC,1,0.4225747564677228,0.448558885283451,0.6011369703256554,0.5825,0.0774252435322772,0.08014423414460234,0.4225533539652252,0.4225783398216467,0.42255701069887813,0.4225342428878607,0.4224345314901581
2025_09_LAC_TEN,2025,9,TEN,LAC,0,0.13903558081005324,0.1683501683501683,0.3270965814359958,0.3843499999999999,0.36096441918994676,0.10478764672538494,0.13899644313739984,0.1389864123530303,0.13894755195466188,0.13892774708631642,0.1389032617595177
2025_09_MIN_DET,2025,9,DET,MIN,0,0.8195479327261475,0.8118668596237336,0.7493434810834059,0.5846,0.31954793272614745,0.09847143448298251,0.8195784150984339,0.8195875048884881,0.8196177703053512,0.8195630670161794,0.8195142133279997
2025_09_NO_LA,2025,9,LA,NO,1,0.8984754729180122,0.8869565217391304,0.7731399012531084,0.66065,0.3984754729180122,0.09713904065660985,0.8984899239205021,0.8985133573918322,0.8985276225590062,0.8984980292378574,0.8984936459929902
2025_09_SEA_WAS,2025,9,WAS,SEA,0,0.4040576131664354,0.427940364439536,0.5207790167353394,0.46785,0.0959423868335646,0.047720058072037816,0.4040499173840634,0.40402950854902137,0.40402190783914255,0.4040304829855925,0.4038705030718927
2025_09_SF_NYG,2025,9,NYG,SF,0,0.4149491836493252,0.427940364439536,0.4544905837109626,0.4231,0.0850508163506748,0.017046755545759174,0.414872210348044,0.4149099267331761,0.41483304385648256,0.4148842275166644,0.4148232129317752
2025_10_ARI_SEA,2025,10,SEA,ARI,1,0.7360058982836648,0.740871613663133,0.6095206259611041,0.61505,0.2360058982836648,0.058366112144122566,0.7359741198016166,0.7360523602496417,0.7360204697273102,0.736025302021202,0.7360051480766368
2025_10_ATL_IND,2025,10,IND,ATL,1,0.7242727433729711,0.7257525083612038,0.661127232942998,0.5948,0.2242727433729711,0.052862345970832364,0.724286572019399,0.7243147685337612,0.724328467767656,0.7243244994677982,0.7242587099011142
2025_10_BAL_MIN,2025,10,MIN,BAL,0,0.2894066612675557,0.3309929789368104,0.3922366282953765,0.43205,0.2105933387324443,0.06009827948191016,0.2893248496437404,0.289360656778452,0.2892790796195407,0.2892898828473088,0.2892586069630036
2025_10_BUF_MIA,2025,10,MIA,BUF,1,0.1811681705455369,0.2132564841498559,0.4159096604421483,0.3733,0.3188318294544631,0.10210767200003194,0.18106737708940948,0.18111343151237239,0.18101291298296132,0.1809757674975051,0.18096825424140298
2025_10_CLE_NYJ,2025,10,NYJ,CLE,1,0.4163027137667244,0.4572564612326043,0.7191706784737164,0.6129,0.0836972862332756,0.1254648928776972,0.4161988793567507,0.41629673488798385,0.4161928934697863,0.4160913746431582,0.4160096544390649
2025_10_DET_WAS,2025,10,WAS,DET,0,0.17498571901189908,0.2132564841498559,0.4308001390440601,0.4355,0.3250142809881009,0.12171496611534821,0.17491780016513583,0.17494040113102674,0.1748727637708828,0.17482912986671084,0.17480251791225648
2025_10_JAX_HOU,2025,10,HOU,JAX,1,0.45772164440032453,0.4891657638136511,0.5660394887827455,0.5827500000000001,0.042278355599675466,0.05542170282956275,0.45762081766853135,0.4577187101831718,0.4576178923094606,0.45763501961152414,0.45758796980762323
2025_10_LA_SF,2025,10,SF,LA,0,0.27348010118507937,0.3092071169459318,0.5255066414380539,0.4546,0.22651989881492063,0.10611814513321986,0.27341329201991155,0.2734369706290465,0.2733704024597549,0.27331333331818103,0.2732527585854137
2025_10_LV_DEN,2025,10,DEN,LV,1,0.8046236091528124,0.7999999999999999,0.7123549593048817,0.62995,0.3046236091528124,0.07134809099468192,0.8046075008248483,0.804666666252932,0.8046503065269623,0.8046280273359783,0.8045834497403355
2025_10_NE_TB,2025,10,TB,NE,0,0.5547709450079041,0.5720596355604638,0.6585520054454947,0.53,0.05477094500790414,0.055687347781254934,0.5546966200128688,0.554777422433637,0.5547029689731203,0.5546836724783705,0.5546843124544636
2025_10_NO_CAR,2025,10,CAR,NO,0,0.6728264241360734,0.6805555555555554,0.6151530194915744,0.5041,0.1728264241360734,0.07002190208406245,0.6728937930755265,0.6728379781888306,0.6729052029900436,0.672874113198595,0.6728307979891455
2025_10_NYG_CHI,2025,10,CHI,NYG,1,0.645298160868771,0.6574752261956052,0.6048098843316292,0.61505,0.145298160868771,0.017188858606643796,0.6452361438753025,0.6453292599920408,0.6452671315339626,0.6453232431932157,0.6452866204465281
2025_10_PHI_GB,2025,10,GB,PHI,0,0.47314188480935876,0.5,0.5604057588104614,0.559,0.02685811519064124,0.040809279728462274,0.47307613807338317,0.4731419142907501,0.4730762667431894,0.4731076706871893,0.4729754165598684
2025_10_PIT_LAC,2025,10,LAC,PIT,1,0.5767901573866746,0.593369754159424,0.6044880441967568,0.57765,0.0767901573866746,0.012859034348447143,0.5767452359661515,0.5768041568492464,0.5767591458125784,0.5768168999045058,0.5767594440938196
2025_11_BAL_CLE,2025,11,CLE,BAL,0,0.18944838530671176,0.2180936995153472,0.2450358610992971,0.2467,0.31055161469328824,0.026605104372951587,0.18939792464244504,0.18937487906161019,0.18932470927994716,0.18935144421474479,0.1893724352199597
2025_11_CAR_ATL,2025,11,ATL,CAR,0,0.6604948178339286,0.6574752261956052,0.6107023891517025,0.561,0.1604948178339286,0.04061859483491721,0.6604377333804824,0.6605206452372974,0.6604634513777898,0.6604784052946232,0.6604095438318872
2025_11_CHI_MIN,2025,11,MIN,CHI,0,0.5566436742545303,0.5720596355604638,0.5481161518509756,0.58595,0.05664367425453032,0.01620349562013682,0.5565911432335218,0.5566585991484243,0.5566060167892637,0.5566763680151302,0.5566435214270429
2025_11_CIN_PIT,2025,11,PIT,CIN,1,0.6914627020283933,0.6853932584269663,0.4613426257256801,0.5542999999999999,0.19146270202839333,0.0945221489489059,0.6914095618749991,0.6914897287374188,0.6914365099397151,0.6914218020036673,0.6913282476808686
2025_11_DAL_LV,2025,11,LV,DAL,0,0.33178628243976027,0.3630958183058777,0.3995138255744844,0.3874,0.16821371756023973,0.029489452822596057,0.3316793564282278,0.33173226753688895,0.33162550888366055,0.3316607232917571,0.33162093442555013
2025_11_DET_PHI,2025,11,PHI,DET,1,0.5807356619089002,0.5829926410466066,0.4501818365311151,0.5464,0.08073566190890025,0.05525815573873897,0.5806545375616323,0.5807554858417319,0.580674415862944,0.5807089407654696,0.5806563619850874
2025_11_GB_NYG,2025,11,NYG,GB,0,0.18901936735815356,0.2180936995153472,0.3916176773160778,0.3295499999999999,0.31098063264184644,0.08475279770927098,0.18896557764228894,0.18895693545469752,0.18890340665398136,0.18887514987777207,0.18885998061850956
2025_11_HOU_TEN,2025,11,TEN,HOU,0,0.28625668700560586,0.3042300479266513,0.4594453414272696,0.48755,0.21374331299439414,0.08900885081467107,0.28622031824756117,0.2862173196477195,0.2861811897609313,0.28615968464123964,0.28616938711518386
2025_11_KC_DEN,2025,11,DEN,KC,1,0.3090372796935804,0.3425247738043946,0.4703683998423428,0.4318,0.1909627203064196,0.06878786819061551,0.3089647239771744,0.30898942542595903,0.30891696000501734,0.30890295754045877,0.30883056857509544
2025_11_LAC_JAX,2025,11,JAX,LAC,1,0.4019925955682414,0.4170073589533933,0.4676372143864834,0.3934,0.0980074044317586,0.033156552357727215,0.4019518573779736,0.40194706560361887,0.40190652443701197,0.4019273309386879,0.4018565036427074
2025_11_NYJ_NE,2025,11,NE,NYJ,1,0.8839523491147964,0.8677165354330709,0.6350568021649268,0.682,0.38395234911479637,0.10798014654321214,0.8839843788536618,0.8839935120848516,0.8840253862728349,0.8840055005868124,0.8839752064203219
2025_11_SEA_LA,2025,11,LA,SEA,1,0.5963956800336734,0.6092362344582593,0.5842590659448045,0.56675,0.09639568003367338,0.012168863438485516,0.596372191872148,0.5964182120930169,0.596394699276644,0.5964542684110749,0.596390653082286
2025_11_SF_ARI,2025,11,ARI,SF,0,0.3373317140116011,0.3690596562184024,0.5155377604906407,0.5088,0.1626682859883989,0.08246491881596832,0.3372246959999199,0.337305976930041,0.33719908846336116,0.33717652532314907,0.33712240272165106
2025_11_TB_BUF,2025,11,BUF,TB,1,0.7076897588605024,0.7095435684647302,0.6263187083604426,0.61315,0.20768975886050245,0.0418096596291756,0.7076887797492828,0.707736021163859,0.707734953211527,0.7077539381509461,0.7076903936770701
2025_11_WAS_MIA,2025,11,MIA,WAS,1,0.560821960464291,0.5720596355604638,0.5369159968984383,0.5478,0.060821960464291,0.009772569728356119,0.5607245614152233,0.5608337445454659,0.5607363754323297,0.5608079131095045,0.5607589977684326
2025_12_ATL_NO,2025,12,NO,ATL,0,0.5093924971572674,0.5260865852617197,0.5168107461898612,0.56825,0.009392497157267421,0.026172999004775335,0.5092812348912518,0.5093975387222217,0.5092863327343509,0.5093493312327322,0.5094086596031504
2025_12_BUF_HOU,2025,12,HOU,BUF,1,0.27685204326407276,0.3092071169459318,0.3899211676877412,0.35885,0.22314795673592724,0.04769545665327714,0.27674753407993447,0.27679075247248885,0.2766864840369327,0.2766950160884985,0.27667527422839794
2025_12_CAR_SF,2025,12,SF,CAR,1,0.7672236420674418,0.7659021045164341,0.7006453552393507,0.60095,0.26722364206744176,0.0683282568680497,0.7671717963549014,0.7672665571607272,0.7672145584502341,0.7671897284745677,0.7671287422106241
2025_12_CLE_LV,2025,12,LV,CLE,0,0.5817332067698153,0.593369754159424,0.6404999605098928,0.58195,0.08173320676981533,0.027651956370735562,0.5816838356623738,0.5817457220911781,0.5816962557832508,0.5817277479145304,0.5816623921333351
2025_12_IND_KC,2025,12,KC,IND,1,0.6559936467096286,0.6574752261956052,0.5389217695597197,0.54935,0.15599364670962856,0.05290183759993284,0.6558478341280669,0.6560212794165682,0.6558753968972091,0.6558899207260132,0.6557646123813663
2025_12_JAX_ARI,2025,12,ARI,JAX,0,0.42417864092773744,0.448558885283451,0.5819578967076231,0.5704499999999999,0.07582135907226256,0.07181924511959377,0.42408477155928076,0.42417357322810983,0.4240797461350984,0.4240689688967822,0.42398197008299315
2025_12_MIN_GB,2025,12,GB,MIN,1,0.7035798118866847,0.7135512302607419,0.7203689350624978,0.62985,0.20357981188668473,0.039315868188454305,0.7035533381516978,0.7036206179463663,0.7035939930154015,0.7035979754694233,0.703534493609666
2025_12_NE_CIN,2025,12,CIN,NE,0,0.1944848242520811,0.2340978954835658,0.526021703364979,0.4246499999999999,0.30551517574791887,0.13871190471305303,0.19439670169356466,0.19443553668669325,0.1943475982603832,0.19427123009396763,0.19420805772053812
2025_12_NYG_DET,2025,12,DET,NYG,1,0.8888946550200256,0.8761776581426649,0.7467673861597557,0.68955,0.3888946550200256,0.08380684228078483,0.8889111783139718,0.8889408352074861,0.8889571471057649,0.8889383367520605,0.8888983923645928
2025_12_NYJ_BAL,2025,12,BAL,NYJ,1,0.8913641121867942,0.8761776581426649,0.7015797027710414,0.7329000000000001,0.39136411218679423,0.08307289832627276,0.8913720155820953,0.8914108368506798,0.8914185596004639,0.8914105767529199,0.8913640605149873
2025_12_PHI_DAL,2025,12,DAL,PHI,1,0.38441723395198174,0.4066302458405761,0.5259242096928395,0.50185,0.11558276604801826,0.06181895277281439,0.38440444797522605,0.38439631171654004,0.38438376679712993,0.3843814905321551,0.38428300173045005
2025_12_PIT_CHI,2025,12,CHI,PIT,1,0.5752205644061195,0.5829926410466066,0.5312577943246888,0.4824,0.07522056440611946,0.037911397283925785,0.5751837778964939,0.5752166472372086,0.5751798200936348,0.5752019640029912,0.575158616088264
2025_12_SEA_TEN,2025,12,TEN,SEA,0,0.1057465362660436,0.1322834645669291,0.3267009013813639,0.3745,0.3942534637339564,0.11706314039927691,0.10571215928727146,0.10570281647377668,0.10566866465413302,0.10564600684367223,0.10563725668343978
2025_12_TB_LA,2025,12,LA,TB,1,0.7603920913158843,0.7571884984025558,0.5837265523493782,0.5801000000000001,0.26039209131588426,0.08414874576956899,0.7603875282208865,0.7604328509837203,0.760428196547446,0.7604070379504797,0.7603652991778033
2025_13_ARI_TB,2025,13,TB,ARI,1,0.627838212886531,0.6369041816941223,0.5841055845147948,0.5912,0.12783821288653097,0.01916371617549939,0.6278005767711966,0.6278719711820967,0.6278342495960411,0.6278888151123565,0.6278433136856728
2025_13_ATL_NYJ,2025,13,NYJ,ATL,1,0.3695172719121235,0.4003612281757977,0.5224940931039467,0.45595,0.13048272808787648,0.0626282157157925,0.3693787389675014,0.3694804259634242,0.3693419906240574,0.36932904370799763,0.3692862459842372
2025_13_BUF_PIT,2025,13,PIT,BUF,0,0.38212966343174415,0.4003612281757977,0.4224302805177067,0.40775,0.11787033656825585,0.016653501531905614,0.3820204963669857,0.3820863416077222,0.38197735372901853,0.3820306281143563,0.3819492289646398
2025_13_CHI_PHI,2025,13,PHI,CHI,0,0.7424687000962956,0.740871613663133,0.6405149421642458,0.59805,0.24246870009629562,0.060603081152862136,0.7424502977458975,0.7425089980405307,0.7424903891820127,0.7424836101208008,0.7424369403115242
2025_13_CIN_BAL,2025,13,BAL,CIN,0,0.7614077989654703,0.7571884984025558,0.653858955981008,0.6922499999999999,0.2614077989654703,0.04450146944629172,0.7613603291849086,0.7614679055554165,0.7614202762816832,0.7614435900082759,0.7613825345533559
2025_13_DEN_WAS,2025,13,WAS,DEN,0,0.23905806104487498,0.2742474916387959,0.5558120578965552,0.487,0.260941938955125,0.13603243033527787,0.23901162832811318,0.23901706248883656,0.23897085916958685,0.238891068256744,0.23882245983079572
2025_13_GB_DET,2025,13,DET,GB,0,0.5709888581203615,0.5829926410466066,0.5747648899332825,0.48775,0.07098885812036149,0.04015879174191585,0.5709860957211752,0.5709907926038779,0.5709879802929926,0.5709984507384616,0.5709215493554076
2025_13_HOU_IND,2025,13,IND,HOU,0,0.589060140811773,0.6037569709421778,0.6260280959377695,0.6058,0.08906014081177305,0.015114483330409224,0.5891052546957817,0.5890855240820269,0.5891306285258019,0.5891863271841355,0.5890738612890045
2025_13_JAX_TEN,2025,13,TEN,JAX,0,0.2769622571309371,0.2998379254457049,0.4239695000414958,0.4937,0.22303774286906292,0.09033808184112428,0.27690419728277643,0.2769228751997664,0.2768650265433895,0.2768505111318694,0.27680656249874663
2025_13_KC_DAL,2025,13,DAL,KC,1,0.3511305274067134,0.3775334481388262,0.5080237780756803,0.5193,0.1488694725932866,0.07675619178691417,0.351123518198048,0.35110766635987783,0.3511008737418682,0.35108860013574833,0.35101226172537975
2025_13_LA_CAR,2025,13,CAR,LA,1,0.15349777334851006,0.182741116751269,0.3687514829988859,0.3823,0.34650222665148994,0.10481103671309172,0.15347484209065787,0.15344704201149403,0.15342434791146184,0.15339704954506986,0.15336645990580966
2025_13_LV_LAC,2025,13,LAC,LV,1,0.8275859240070769,0.8223350253807103,0.7484814096924006,0.7031999999999999,0.32758592400707687,0.05140232197499143,0.8275805494960898,0.8276378209662608,0.8276322312774876,0.8276309935123591,0.8276340426046838
2025_13_MIN_SEA,2025,13,SEA,MIN,1,0.8752031503463115,0.8630136986301368,0.7036470372800739,0.6059,0.37520315034631146,0.11131046172948279,0.87522379796723,0.8752391952166397,0.8752596696859589,0.8752199644350458,0.875185639660063
2025_13_NO_MIA,2025,13,MIA,NO,1,0.6677796219833952,0.6853932584269663,0.7347024674245796,0.56055,0.16777962198339524,0.07172938417158677,0.6677409074571691,0.6678049180941378,0.6677660317955005,0.667715795338076,0.6677305521123515
2025_13_NYG_NE,2025,13,NE,NYG,1,0.7548772016627604,0.7571884984025558,0.6438744867928119,0.6992,0.2548772016627604,0.04531674439754707,0.7548791634837374,0.7549318546856508,0.7549336687953428,0.7549601645744751,0.7549170995352014
2025_13_SF_CLE,2025,13,CLE,SF,0,0.29121017333582827,0.3146067415730335,0.2923321363780782,0.35535,0.20878982666417173,0.029974854834324247,0.29111987854861066,0.2911482438299013,0.29105815002939794,0.29110637518933963,0.291128083633731
2025_14_CHI_GB,2025,14,GB,CHI,1,0.721422774970969,0.7220792588780237,0.7166817338543862,0.6679999999999999,0.22142277497096896,0.024143969956946044,0.7213976450730921,0.7214732843609375,0.7214479753944641,0.7214757156370012,0.7214066756190981
2025_14_CIN_BUF,2025,14,BUF,CIN,1,0.7060441331421576,0.7095435684647302,0.6519715302499067,0.7091,0.20604413314215764,0.02624001770363401,0.7060107016691572,0.7061108808187514,0.7060773494886718,0.7061284943973873,0.7060293444178015
2025_14_DAL_DET,2025,14,DET,DAL,1,0.6202967963740359,0.6309403437815974,0.6477412637680237,0.5289499999999999,0.1202967963740359,0.050781449309700834,0.6202327867822043,0.6203215693037255,0.6202574026060262,0.6202457741823245,0.6201575586198382
2025_14_DEN_LV,2025,14,LV,DEN,0,0.1793298251817116,0.2086383601756954,0.3710357930236913,0.4165999999999999,0.3206701748182884,0.10280748509385618,0.17926658832275347,0.17927766051481941,0.17921470009783225,0.17919029650228874,0.17917492374493174
2025_14_HOU_KC,2025,14,KC,HOU,0,0.6459432130074719,0.6574752261956052,0.6821489406339989,0.63805,0.14594321300747193,0.01920033011749925,0.6458675647040476,0.6459798960319997,0.6459041626617513,0.6459447884538083,0.6459113060788998
2025_14_IND_JAX,2025,14,JAX,IND,1,0.42833635069237075,0.448558885283451,0.4915940837032202,0.45405,0.07166364930762925,0.02597496822263496,0.4281972668797992,0.42830705638941713,0.42816809927732463,0.4282076733759586,0.42814884181153634
2025_14_LA_ARI,2025,14,ARI,LA,0,0.16664375032000428,0.1999999999999999,0.4625834568708933,0.3812,0.3333562496799957,0.12482786425154865,0.1665678098635582,0.1665916779630177,0.16651596263921475,0.16646000544617445,0.1664227825783875
2025_14_MIA_NYJ,2025,14,NYJ,MIA,0,0.4109307163420325,0.427940364439536,0.4943389896800133,0.4415,0.08906928365796751,0.03445347909377891,0.41086630856623013,0.4108982234704506,0.4108338967851238,0.41085877179180114,0.41079297666705245
2025_14_NO_TB,2025,14,TB,NO,0,0.7799525631241996,0.7768331562167907,0.7006043294373041,0.5942500000000001,0.2799525631241996,0.0760795106963659,0.779954494015898,0.7799906976246492,0.7799923821258283,0.7799605337634314,0.7799047827987896
2025_14_PHI_LAC,2025,14,LAC,PHI,1,0.4527995067653367,0.4782608695652174,0.5258599502213096,0.52665,0.0472004932346633,0.034628741960078424,0.45274752095176807,0.45278759457921314,0.45273570290515514,0.4527746725593434,0.45269241511488834
2025_14_PIT_BAL,2025,14,BAL,PIT,0,0.6948827712372394,0.7001620745542949,0.6715902495541717,0.65225,0.1948827712372394,0.017429668201535648,0.6948560338238983,0.694924685950535,0.6948977580932344,0.6949419390121778,0.6949091852663387
2025_14_SEA_ATL,2025,14,ATL,SEA,0,0.21777935965554893,0.2522172949002217,0.4693997346005784,0.44015,0.28222064034445105,0.11235710023001695,0.21774630133680023,0.21773325765548346,0.21770043970650832,0.21765205967801374,0.21761159946662
2025_14_TEN_CLE,2025,14,CLE,TEN,0,0.6364085917065644,0.644729178800233,0.5311370350988825,0.49605,0.13640859170656439,0.0596412747912091,0.6363424671993171,0.6364125318984066,0.636346271186346,0.6363437086329976,0.6363470900460829
2025_14_WAS_MIN,2025,14,MIN,WAS,1,0.46706898253560825,0.4891657638136511,0.4154755591545438,0.5576,0.032931017464391754,0.05874341868096974,0.46693611958840636,0.4670640625800684,0.4669312760324822,0.4669744923434177,0.4669618241183675
2025_15_ARI_HOU,2025,15,HOU,ARI,1,0.8465513923135564,0.8271236959761548,0.5461158393129903,0.5721999999999999,0.34655139231355636,0.1358964439931657,0.8465699566450791,0.846586894029147,0.8466052974007429,0.8465591518796163,0.8465319395177794
2025_15_ATL_TB,2025,15,TB,ATL,0,0.7109357454886165,0.705033164260632,0.6093797545038757,0.58655,0.2109357454886165,0.054064396454967224,0.7108791879905696,0.7109743677497553,0.71091763617924,0.7109218909868134,0.7108666157139291
2025_15_BAL_CIN,2025,15,CIN,BAL,0,0.3774685291215441,0.4066302458405761,0.5255893187047046,0.3819,0.1225314708784559,0.06880409108533177,0.3774491442012846,0.37741792280534514,0.37739870477881826,0.3773606950095039,0.3772886551447368
2025_15_BUF_NE,2025,15,NE,BUF,0,0.4109067447400775,0.4365079365079364,0.5024828850183948,0.4885,0.08909325525992251,0.0402801630300452,0.41083914636025665,0.41088373229235303,0.41081633078248925,0.4108431340225086,0.4108450026788247
2025_15_CAR_NO,2025,15,NO,CAR,1,0.4032802298822721,0.427940364439536,0.4629340500152009,0.5405000000000001,0.09671977011772792,0.056178604235517675,0.4031074807799563,0.40326276387850885,0.40309013412452627,0.40311851481421573,0.40301097999848573
2025_15_CLE_CHI,2025,15,CHI,CLE,1,0.7543976500733381,0.7571884984025558,0.7412501067495556,0.6708999999999999,0.25439765007333814,0.03665735182120779,0.7543690423195187,0.7544438917525608,0.7544150869839974,0.7544235172607372,0.7543708842018124
2025_15_DET_LA,2025,15,LA,DET,1,0.6801013260276632,0.6805555555555554,0.5258241307530929,0.5757,0.18010132602766316,0.06428123295441411,0.6800718571467288,0.6801428837188312,0.680113437117534,0.6801227771095093,0.6800459588355638
2025_15_GB_DEN,2025,15,DEN,GB,1,0.4566794959482804,0.47391341473828,0.4686307867471514,0.4275,0.04332050405171961,0.017275602430385072,0.4566179936493901,0.4566455393387845,0.4565840451709797,0.4566347546212136,0.45657708284510723
2025_15_IND_SEA,2025,15,SEA,IND,1,0.8893933321666526,0.8720930232558138,0.6210788895120557,0.6133500000000001,0.3893933321666526,0.1283451497173866,0.8893756606167165,0.8894313380040039,0.889413510914565,0.8893786316513635,0.8893557514104595
2025_15_LAC_KC,2025,15,KC,LAC,0,0.6929976229797896,0.690792883054068,0.6120299694080057,0.57035,0.19299762297978962,0.050919784626154145,0.6929566710652104,0.693028431631024,0.692987413663388,0.6929915671452062,0.6929452805788767
2025_15_LV_PHI,2025,15,PHI,LV,1,0.8862647634573657,0.8720930232558138,0.7116269282486305,0.6924,0.3862647634573657,0.08721085225962528,0.8862662329085731,0.8863073332373305,0.8863086060351251,0.8862923180504729,0.8862547495089452
2025_15_MIA_PIT,2025,15,PIT,MIA,1,0.6137962425772999,0.6092362344582593,0.5208777405185502,0.54435,0.11379624257729992,0.03945120135913562,0.6137540644039274,0.6138089899261816,0.6137667443554226,0.6138019523222042,0.6137432958176601
2025_15_MIN_DAL,2025,15,DAL,MIN,0,0.6927298675904412,0.6957699520733485,0.693082613871754,0.59695,0.1927298675904412,0.045234434910925964,0.6927653237222083,0.6927648015807268,0.6928001812911335,0.6927977568164022,0.6927443992687861
2025_15_NYJ_JAX,2025,15,JAX,NYJ,1,0.8907110908201716,0.8761776581426649,0.6330355233408443,0.61275,0.39071109082017164,0.12652209668360745,0.8907434596392969,0.8907444867879076,0.8907767007480429,0.8907418339774991,0.8907207333065389
2025_15_TEN_SF,2025,15,SF,TEN,1,0.8703953438054717,0.8630136986301368,0.8130786779674517,0.6712499999999999,0.3703953438054717,0.0837054638042636,0.8703954317517777,0.8704396414254144,0.8704395371236658,0.8704055520541933,0.8703961363292831
2025_15_WAS_NYG,2025,15,NYG,WAS,0,0.5698159570063842,0.5720596355604638,0.5479445558914275,0.4984,0.06981595700638421,0.029876151991453413,0.5697526258625066,0.569816601096778,0.5697532866473154,0.569785315615746,0.5697886011589502
2025_16_ATL_ARI,2025,16,ARI,ATL,0,0.3987111855400363,0.427940364439536,0.5556913844797707,0.497,0.10128881445996368,0.06476294595527775,0.39857418794125277,0.3986893907572699,0.39855249039332175,0.3985390147956352,0.3984385385078515
2025_16_BUF_CLE,2025,16,CLE,BUF,0,0.14993086632251218,0.182741116751269,0.207017002191681,0.2287499999999999,0.3500691336774878,0.03323921033939564,0.14985880262699774,0.149860959805067,0.1497891781467598,0.14981025830309008,0.14983682268536117
2025_16_CIN_MIA,2025,16,MIA,CIN,0,0.29852913469040493,0.355270821199767,0.5776272451151894,0.6126999999999999,0.20147086530959507,0.14056599319547575,0.29839131850122386,0.29851909932204035,0.29838151132077567,0.29830713949490073,0.29827603542706554
2025_16_GB_CHI,2025,16,CHI,GB,1,0.5201110094649636,0.5173641257162701,0.420950522893192,0.41785,0.02011100946496358,0.04749237295041884,0.520082173483685,0.5200873149786438,0.520058563335878,0.5200813499117783,0.5200341508836827
2025_16_JAX_DEN,2025,16,DEN,JAX,0,0.5917247356643784,0.6092362344582593,0.6093038595251915,0.56865,0.09172473566437844,0.016647339847517685,0.5916350472252154,0.5917402403957767,0.5916503527342966,0.5916993139780334,0.5916526241257591
2025_16_KC_TEN,2025,16,TEN,KC,1,0.370094223525436,0.3775334481388262,0.3525189316774671,0.3914499999999999,0.12990577647456403,0.015918501301269032,0.37013078605532385,0.37004437245356947,0.37008114213173154,0.37014701384383464,0.3701043017224932
2025_16_LAC_DAL,2025,16,DAL,LAC,0,0.5207881504305418,0.5260865852617197,0.5828148871981743,0.55995,0.02078815043054183,0.025611997193865733,0.5207869289985376,0.5208000940175298,0.5207990076264326,0.5208443821021748,0.5207446441735166
2025_16_LA_SEA,2025,16,SEA,LA,1,0.5106238110923014,0.5260865852617197,0.5139299183662981,0.49825,0.010623811092301372,0.006748673830455755,0.5105513659924328,0.510618015429648,0.510545614079142,0.5106168198833494,0.510572763293295
2025_16_LV_HOU,2025,16,HOU,LV,1,0.9169124749088181,0.9039548022598868,0.7172259385986155,0.64875,0.4169124749088181,0.11376133882423896,0.9169322195193848,0.9169442490383907,0.9169638249551946,0.9169370363502717,0.9169133235065853
2025_16_MIN_NYG,2025,16,NYG,MIN,0,0.4196766398108655,0.427940364439536,0.5410898461431276,0.39935,0.0803233601891345,0.06257841564572192,0.41964115872811747,0.4196320517797423,0.4195966805971633,0.41956651774658066,0.41946646377896224
2025_16_NE_BAL,2025,16,BAL,NE,0,0.621961043366995,0.6224665518611737,0.5770419094615745,0.58135,0.12196104336699498,0.020236230100864776,0.6218766733599115,0.6219865754453294,0.6219020570997444,0.621955203859268,0.6218873004026978
2025_16_NYJ_NO,2025,16,NO,NYJ,1,0.7274376394294785,0.7179705215419498,0.5497157016280579,0.64315,0.22743763942947848,0.0725867002271099,0.7274388553752416,0.7274774444424494,0.7274785612303748,0.7274868572981128,0.7274526467281889
2025_16_PHI_WAS,2025,16,WAS,PHI,0,0.20576186865007168,0.2399999999999999,0.4829875882468346,0.40765,0.2942381313499283,0.11704162098670451,0.20572265860000766,0.20570932477467013,0.2056703457727491,0.20561259078067434,0.2055703374910991
2025_16_PIT_DET,2025,16,DET,PIT,0,0.7906965243299625,0.7768331562167907,0.6955109474461844,0.58535,0.2906965243299625,0.08390664352145881,0.7907240989480095,0.7907366458043392,0.7907639944020948,0.7907261033596812,0.7906458833671435
2025_16_SF_IND,2025,16,IND,SF,0,0.2939402039200491,0.336351875808538,0.5025163267270926,0.51195,0.2060597960799509,0.10062099647437221,0.29389162450995193,0.29391076127456817,0.29386236877895777,0.2938248588625514,0.293785387338505
2025_16_TB_CAR,2025,16,CAR,TB,1,0.3885909203319141,0.4170073589533933,0.4642521415277486,0.4546,0.11140907966808589,0.03362370662947397,0.38860612147385165,0.38855796556102656,0.3885733880495685,0.3886081183541299,0.3885198507589884
2025_17_ARI_CIN,2025,17,CIN,ARI,1,0.7445308883849637,0.7440690150970523,0.6102466548469075,0.5367,0.24453088838496373,0.08604588180665053,0.7445552189130235,0.7445616859660039,0.7445858751902995,0.7445492648677848,0.7444999975716234
2025_17_BAL_GB,2025,17,GB,BAL,0,0.5345412906774374,0.5634920634920633,0.628603348903866,0.5139,0.034541290677437386,0.049922820353448846,0.5344827363811147,0.534543735456487,0.5344852079045909,0.5344773345920921,0.534435668319017
2025_17_CHI_SF,2025,17,SF,CHI,1,0.6345351805270962,0.644729178800233,0.6459104321345492,0.57575,0.13453518052709623,0.03074551464313824,0.634543554714033,0.6345605310295441,0.6345688554168956,0.6345913544611816,0.6344836888691039
2025_17_DAL_WAS,2025,17,WAS,DAL,0,0.1582219554228862,0.1999999999999999,0.5129634035351683,0.42845,0.3417780445771138,0.1512933891710877,0.15813548994790916,0.15817622154070282,0.1580899509980344,0.1580183322224604,0.15799997326684692
2025_17_DEN_KC,2025,17,KC,DEN,0,0.08420593220471093,0.12,0.5152723787316971,0.57435,0.41579406779528905,0.21846679225177884,0.08412948232144912,0.08417911288381347,0.0841028764414131,0.08404555873859285,0.08403545117998704
2025_17_DET_MIN,2025,17,MIN,DET,1,0.2097387641106027,0.2491874322860238,0.3790021601256297,0.5095,0.29026123588939734,0.12271764429161744,0.20962723833340505,0.20970246260887573,0.20959122666561786,0.20956112675818772,0.2095590776215816
2025_17_HOU_LAC,2025,17,LAC,HOU,0,0.48650208111482074,0.5173641257162701,0.603365988363607,0.60405,0.01349791888517926,0.0552521029500319,0.4864165889203468,0.4865097436688529,0.48642424834326475,0.4864384582794167,0.486398533701119
2025_17_JAX_IND,2025,17,IND,JAX,0,0.30403124500908907,0.336351875808538,0.5345792677398288,0.5352,0.19596875499091093,0.10882798321594002,0.3039849947213383,0.3040060938540285,0.3039600116188231,0.30391147079033415,0.30384196402956987
2025_17_LA_ATL,2025,17,ATL,LA,1,0.21234796931729322,0.2399999999999999,0.3853565258312068,0.3765,0.2876520306827068,0.07955172171758108,0.21230737287062157,0.2122929318701482,0.21225259960889054,0.21223576605410943,0.21217464391297292
2025_17_NE_NYJ,2025,17,NYJ,NE,0,0.10410680811274399,0.1322834645669291,0.3875831866639598,0.29015,0.395893191887256,0.11759825787995548,0.10402906868741642,0.10405559137140441,0.10397803941740623,0.10394104109221647,0.1039292660154517
2025_17_NO_TEN,2025,17,TEN,NO,0,0.46691413813466526,0.4782608695652174,0.5029956679575373,0.47215,0.03308586186533474,0.01591905313899147,0.4669044711734589,0.46689072023288336,0.46688112071956817,0.46693646439298225,0.4668706062663831
2025_17_NYG_LV,2025,17,LV,NYG,0,0.36661056412644455,0.4066302458405761,0.4959483370330013,0.5297000000000001,0.13338943587355545,0.07028955853153321,0.36651344138658554,0.3665838935489141,0.36648688205467833,0.36648728409904885,0.36647432550887693
2025_17_PHI_BUF,2025,17,BUF,PHI,0,0.583720727719952,0.6037569709421778,0.6060902369386423,0.59685,0.08372072771995198,0.009178203116145197,0.5837271481622427,0.5837475335354251,0.5837539579861953,0.583819953509821,0.583744540759387
2025_17_PIT_CLE,2025,17,CLE,PIT,1,0.34085705657509163,0.355270821199767,0.3284981048180526,0.3533,0.15914294342490837,0.010125350661826734,0.3408101961152881,0.34079623118423685,0.34074954884205516,0.340815935062393,0.340802825660314
2025_17_SEA_CAR,2025,17,CAR,SEA,0,0.25676081743345336,0.2779207411219762,0.4110362296074845,0.39675,0.24323918256654664,0.0696036161205523,0.25676902758184783,0.2567057339618385,0.2567141724772324,0.2567043111386176,0.25661771586332965
2025_17_TB_MIA,2025,17,MIA,TB,1,0.2674508157523375,0.3146067415730335,0.5489874041179831,0.50005,0.23254918424766252,0.12281879182268296,0.26734407262836585,0.26741723946472146,0.2673107571187966,0.26724205377873944,0.26720335408483714
2025_18_ARI_LA,2025,18,LA,ARI,1,0.9059420722841225,0.8933823529411765,0.692502286413511,0.68755,0.4059420722841225,0.10180382254871231,0.9059594929720732,0.9059869307539196,0.9060042105503916,0.9059854207644852,0.9059541472451192
2025_18_BAL_PIT,2025,18,PIT,BAL,1,0.29868128657992976,0.336351875808538,0.45466546732177,0.4238499999999999,0.20131871342007024,0.06745192896277878,0.29859907924727375,0.2986324688658653,0.2985504932629209,0.29853945264165554,0.2985041261504537
2025_18_CAR_TB,2025,18,TB,CAR,1,0.5575175621233042,0.5829926410466066,0.6579084590811473,0.6167,0.05751756212330417,0.04120279149776117,0.5573615897936084,0.5575401680861843,0.5573840786682701,0.557403810144206,0.5573525297333983
2025_18_CLE_CIN,2025,18,CIN,CLE,0,0.7864718741497094,0.7867435158501441,0.8043144481223709,0.6769999999999999,0.2864718741497094,0.05628441404206122,0.7864859732884559,0.7865219291103334,0.7865357933294427,0.7865130065334988,0.7864420803687316
2025_18_DAL_NYG,2025,18,NYG,DAL,1,0.38164077034468835,0.4003612281757977,0.4316878150261805,0.3863,0.11835922965531165,0.022574491147662374,0.38154650420803543,0.3815915898197688,0.3814974586880936,0.3815365064940764,0.38145323768846556
2025_18_DET_CHI,2025,18,CHI,DET,0,0.6049913556656097,0.6164383561643834,0.4631366067478393,0.51585,0.10499135566560969,0.05854499969974031,0.6049434822646027,0.6050059342746243,0.6049581553720417,0.6049775392591102,0.6049247723921005
2025_18_GB_MIN,2025,18,MIN,GB,1,0.8606043442759604,0.8316498316498315,0.3690167596831276,0.44535,0.36060434427596044,0.21600444628735124,0.8606446708386971,0.8606263656101534,0.8606665339690449,0.8605815398420696,0.8605905217355924
2025_18_IND_HOU,2025,18,HOU,IND,1,0.8198539842491958,0.808157099697885,0.5655484498971732,0.5332,0.31985398424919576,0.12818746415515217,0.8198232763483109,0.819886903057935,0.819856015229424,0.8198012831058819,0.8197899204255418
2025_18_KC_LV,2025,18,LV,KC,1,0.314056965537453,0.336351875808538,0.3772422417601062,0.36555,0.185943034462547,0.02744817388556681,0.3140304853391421,0.3139960494534073,0.31396975559609747,0.31400586682746323,0.3139627932315513
2025_18_LAC_DEN,2025,18,DEN,LAC,1,0.9246952167017812,0.9039548022598868,0.6189959848582278,0.5197499999999999,0.42469521670178123,0.17233121029958265,0.924720862708402,0.9247183220575365,0.9247438059372138,0.9246973027085674,0.9246757771516101
2025_18_MIA_NE,2025,18,NE,MIA,1,0.8867801314699479,0.8720930232558138,0.6487799126928185,0.6687,0.38678013146994794,0.10780633755759393,0.8868190397974852,0.8868253066442258,0.8868640648761397,0.886841768589659,0.88681471464215
2025_18_NO_ATL,2025,18,ATL,NO,1,0.6407970087666804,0.644729178800233,0.6068121979069395,0.4967,0.14079700876668044,0.061503036449497686,0.6408203740921194,0.640806286929849,0.640829541779606,0.6408078684248675,0.6407352372854329
2025_18_NYJ_BUF,2025,18,BUF,NYJ,1,0.8603581131296357,0.8524590163934425,0.7702101354554942,0.7905000000000001,0.3603581131296357,0.0386127389054224,0.8603773555153069,0.8604220678770892,0.86044112838967,0.8604573558629109,0.8604132967572881
2025_18_SEA_SF,2025,18,SF,SEA,0,0.39296504370878216,0.427940364439536,0.5971900445839371,0.49455,0.10703495629121784,0.08337487836362159,0.39292946572386983,0.3929401514843646,0.3929047338965201,0.39285863629347845,0.3927746995262387
2025_18_TEN_JAX,2025,18,JAX,TEN,1,0.8515369064020215,0.8465011286681716,0.7296667562514301,0.6088,0.3515369064020215,0.09909720928579509,0.851534363020881,0.8515749933633565,0.8515722574694853,0.8515308299517054,0.8515037438405917
2025_18_WAS_PHI,2025,18,PHI,WAS,0,0.5898499844895267,0.6164383561643834,0.6116779973539026,0.6348,0.08984998448952675,0.0183533013874443,0.5897228131343258,0.5898813560232762,0.5897541083584434,0.5898164772422932,0.5897507646128685
