game_id,season,week,home_win,market_prob,fst_prob,candidate_prob,fit_last_season
2022_01_BUF_LA,2022,1,0,0.473778437623,0.434361357336,0.429577530883,2021
2022_01_NO_ATL,2022,1,0,0.323382103561,0.286967701865,0.315505309861,2021
2022_01_CLE_CAR,2022,1,0,0.543147208122,0.51470445801,0.492879063675,2021
2022_01_SF_CHI,2022,1,1,0.30683501446,0.273968422925,0.256431348068,2021
2022_01_PIT_CIN,2022,1,0,0.733179868159,0.707141403019,0.696580318427,2021
2022_01_PHI_DET,2022,1,0,0.312960235641,0.277316466617,0.282745576152,2021
2022_01_IND_HOU,2022,1,0,0.277580071174,0.246605389085,0.257934977375,2021
2022_01_NE_MIA,2022,1,1,0.593301435407,0.568853197647,0.525384294288,2021
2022_01_BAL_NYJ,2022,1,0,0.29384534879,0.26880285947,0.258575953946,2021
2022_01_JAX_WAS,2022,1,1,0.598679827076,0.545973353838,0.528444977337,2021
2022_01_KC_ARI,2022,1,0,0.30320780071,0.27494214734,0.269802907927,2021
2022_01_LV_LAC,2022,1,1,0.626567084556,0.586720083417,0.578132981545,2021
2022_01_GB_MIN,2022,1,1,0.541984732824,0.532217262261,0.483976685665,2021
2022_01_NYG_TEN,2022,1,0,0.68538575048,0.630550292554,0.639317045863,2021
2022_01_TB_DAL,2022,1,0,0.443302891933,0.394957061305,0.386739920019,2021
2022_01_DEN_SEA,2022,1,1,0.30297048398,0.240081884273,0.258911795242,2021
2022_02_LAC_KC,2022,2,1,0.63542457846,0.580331046614,0.584135206229,2021
2022_02_MIA_BAL,2022,2,0,0.606393129771,0.576088287967,0.589076372313,2021
2022_02_NYJ_CLE,2022,2,0,0.682900279237,0.640701916652,0.630150081238,2021
2022_02_WAS_DET,2022,2,1,0.480445422298,0.443679913909,0.442827637779,2021
2022_02_IND_JAX,2022,2,1,0.403491694665,0.381449093584,0.400237210397,2021
2022_02_TB_NO,2022,2,0,0.435005117707,0.417102016265,0.382112670905,2021
2022_02_CAR_NYG,2022,2,1,0.480445422298,0.442292905262,0.416747554381,2021
2022_02_NE_PIT,2022,2,0,0.414937759336,0.379968033256,0.365070694783,2021
2022_02_ATL_LA,2022,2,1,0.800143004133,0.780043523326,0.760551622531,2021
2022_02_SEA_SF,2022,2,1,0.767838621184,0.75702263849,0.716099078731,2021
2022_02_CIN_DAL,2022,2,1,0.269781764627,0.207940887406,0.223548428349,2021
2022_02_HOU_DEN,2022,2,1,0.802562943681,0.79205080529,0.775961268137,2021
2022_02_ARI_LV,2022,2,0,0.67218438867,0.646030023275,0.610295013219,2021
2022_02_CHI_GB,2022,2,1,0.783477681546,0.755408652864,0.772701451445,2021
2022_02_TEN_BUF,2022,2,1,0.773926149209,0.74835246038,0.729693038095,2021
2022_02_MIN_PHI,2022,2,1,0.57046357852,0.52341079202,0.530432542394,2021
2022_03_PIT_CLE,2022,3,1,0.655785282009,0.622220686941,0.632540762997,2021
2022_03_NO_CAR,2022,3,1,0.460972383,0.440872444341,0.445544102773,2021
2022_03_HOU_CHI,2022,3,1,0.594911070321,0.560301119233,0.532635244808,2021
2022_03_KC_IND,2022,3,1,0.35166954824,0.330786649548,0.288048127861,2021
2022_03_BUF_MIA,2022,3,1,0.354491017964,0.321398345442,0.320404048628,2021
2022_03_DET_MIN,2022,3,1,0.706993723581,0.679903925187,0.644561628872,2021
2022_03_BAL_NE,2022,3,0,0.425964555542,0.366798987585,0.351539940318,2021
2022_03_CIN_NYJ,2022,3,0,0.30508176543,0.267283612626,0.28456953786,2021
2022_03_LV_TEN,2022,3,1,0.449131029096,0.391351109337,0.388688261062,2021
2022_03_PHI_WAS,2022,3,0,0.313653136531,0.278709534707,0.282813815773,2021
2022_03_JAX_LAC,2022,3,0,0.696132596685,0.654111065313,0.653005946668,2021
2022_03_LA_ARI,2022,3,0,0.385145602092,0.340559304802,0.364524912072,2021
2022_03_ATL_SEA,2022,3,0,0.502322988292,0.437560754493,0.458494886083,2021
2022_03_GB_TB,2022,3,0,0.539027617,0.49089058927,0.44411014834,2021
2022_03_SF_DEN,2022,3,1,0.489612188366,0.463408089327,0.463098904039,2021
2022_03_DAL_NYG,2022,3,0,0.532710280374,0.538512104955,0.485008610399,2021
2022_04_MIA_CIN,2022,4,1,0.63799775309,0.625082928112,0.586285396368,2021
2022_04_MIN_NO,2022,4,0,0.35166954824,0.300551203659,0.283705013011,2021
2022_04_CLE_ATL,2022,4,1,0.495353375773,0.464419139764,0.448089576328,2021
2022_04_BUF_BAL,2022,4,0,0.383703870895,0.360301140347,0.367433774052,2021
2022_04_WAS_DAL,2022,4,1,0.593301435407,0.53240980461,0.519523703843,2021
2022_04_SEA_DET,2022,4,0,0.611939006622,0.603052815771,0.554760845057,2021
2022_04_LAC_HOU,2022,4,0,0.318793547771,0.285418628015,0.265093258484,2021
2022_04_TEN_IND,2022,4,0,0.654625750198,0.639903539763,0.588574883112,2021
2022_04_CHI_NYG,2022,4,1,0.575799721836,0.561947153504,0.53056027609,2021
2022_04_JAX_PHI,2022,4,1,0.699039632084,0.6658536714,0.648486076209,2021
2022_04_NYJ_PIT,2022,4,0,0.601800289877,0.550926831518,0.527731193866,2021
2022_04_ARI_CAR,2022,4,0,0.51729139283,0.491704219902,0.437381731657,2021
2022_04_NE_GB,2022,4,1,0.788311636925,0.76747414621,0.757651154552,2021
2022_04_DEN_LV,2022,4,1,0.564242112231,0.525008167612,0.534030989793,2021
2022_04_KC_TB,2022,4,0,0.541984732824,0.504655325293,0.451065638976,2021
2022_04_LA_SF,2022,4,1,0.539927702925,0.50537713526,0.470966689668,2021
2022_05_IND_DEN,2022,5,0,0.623826148142,0.604007578671,0.58229006868,2021
2022_05_NYG_GB,2022,5,0,0.774916556087,0.738879362805,0.743013024469,2021
2022_05_PIT_BUF,2022,5,1,0.854929327173,0.83308525452,0.822079305187,2021
2022_05_LAC_CLE,2022,5,0,0.480445422298,0.437067653436,0.431058570428,2021
2022_05_HOU_JAX,2022,5,0,0.730924978687,0.701045167258,0.685292675924,2021
2022_05_CHI_MIN,2022,5,1,0.770109494241,0.747137574362,0.738468637285,2021
2022_05_DET_NE,2022,5,1,0.581674650833,0.535440998996,0.502627551879,2021
2022_05_SEA_NO,2022,5,1,0.676909328384,0.651163578753,0.580143470123,2021
2022_05_MIA_NYJ,2022,5,1,0.396657179192,0.384514548666,0.367068488075,2021
2022_05_ATL_TB,2022,5,1,0.786848984516,0.763518542589,0.724248077808,2021
2022_05_TEN_WAS,2022,5,0,0.488372093023,0.473700450403,0.445555477828,2021
2022_05_SF_CAR,2022,5,0,0.318083120643,0.295023216356,0.289741848106,2021
2022_05_PHI_ARI,2022,5,0,0.328866737479,0.28785780271,0.30578546936,2021
2022_05_DAL_LA,2022,5,0,0.669762641899,0.64779371478,0.636873199546,2021
2022_05_CIN_BAL,2022,5,1,0.611413989096,0.577051479311,0.589513400116,2021
2022_05_LV_KC,2022,5,1,0.740883212802,0.699119139539,0.701851589958,2021
2022_06_WAS_CHI,2022,6,0,0.467289719626,0.415618707952,0.408274321265,2021
2022_06_SF_ATL,2022,6,1,0.366748166259,0.331641327344,0.358795712795,2021
2022_06_NE_CLE,2022,6,0,0.56973825744,0.537811985681,0.549510481868,2021
2022_06_NYJ_GB,2022,6,0,0.760385872102,0.729524133254,0.72190378001,2021
2022_06_JAX_IND,2022,6,1,0.535759096612,0.489048454482,0.469674347737,2021
2022_06_MIN_MIA,2022,6,0,0.379441186616,0.33299817969,0.329662928789,2021
2022_06_CIN_NO,2022,6,0,0.393606870229,0.346793276853,0.336814318653,2021
2022_06_BAL_NYG,2022,6,1,0.318083120643,0.281291373018,0.267445734947,2021
2022_06_TB_PIT,2022,6,1,0.229377283154,0.20177364395,0.208153009074,2021
2022_06_CAR_LA,2022,6,1,0.781011615349,0.755857949092,0.739489136333,2021
2022_06_ARI_SEA,2022,6,1,0.437620531078,0.382331814166,0.404751365975,2021
2022_06_BUF_KC,2022,6,0,0.420714187987,0.373569490906,0.409056793456,2021
2022_06_DAL_PHI,2022,6,1,0.723912553527,0.696829179618,0.697270759029,2021
2022_06_DEN_LAC,2022,6,1,0.633690250525,0.586975740148,0.611900242214,2021
2022_07_NO_ARI,2022,7,1,0.568655643422,0.542203092387,0.538207822253,2021
2022_07_CLE_BAL,2022,7,1,0.717472338915,0.691756650571,0.669931576701,2021
2022_07_TB_CAR,2022,7,1,0.155279503106,0.132840374726,0.135518092185,2021
2022_07_ATL_CIN,2022,7,1,0.709895609337,0.685036628878,0.654293602845,2021
2022_07_DET_DAL,2022,7,1,0.714927826966,0.677437769905,0.687224649335,2021
2022_07_NYG_JAX,2022,7,0,0.606941560368,0.585224233166,0.558909034528,2021
2022_07_IND_TEN,2022,7,1,0.574035444458,0.519821607547,0.602053977349,2021
2022_07_GB_WAS,2022,7,1,0.356560101529,0.329635317155,0.310280391439,2021
2022_07_NYJ_DEN,2022,7,0,0.45395460454,0.411492104238,0.392518413189,2021
2022_07_HOU_LV,2022,7,1,0.742969458724,0.709801178144,0.715119933795,2021
2022_07_SEA_LAC,2022,7,0,0.667940083483,0.646092879664,0.613705528249,2021
2022_07_KC_SF,2022,7,0,0.497677011708,0.466147081022,0.405953465147,2021
2022_07_PIT_MIA,2022,7,1,0.726461570262,0.704768276442,0.682338735864,2021
2022_07_CHI_NE,2022,7,0,0.772836405275,0.742281275898,0.725085376712,2021
2022_08_BAL_TB,2022,8,0,0.548049476689,0.500156552687,0.471365395797,2021
2022_08_DEN_JAX,2022,8,0,0.504646624227,0.449324539479,0.477122307717,2021
2022_08_CAR_ATL,2022,8,1,0.649910442206,0.605459192447,0.625721476692,2021
2022_08_CHI_DAL,2022,8,1,0.786848984516,0.7652180989,0.733789724883,2021
2022_08_MIA_DET,2022,8,0,0.36200224691,0.335444899825,0.397800280557,2021
2022_08_ARI_MIN,2022,8,1,0.64833045176,0.60745295463,0.650441799921,2021
2022_08_LV_NO,2022,8,1,0.46943325045,0.433020585859,0.458473294987,2021
2022_08_NE_NYJ,2022,8,0,0.406698564593,0.374893396607,0.367411851659,2021
2022_08_PIT_PHI,2022,8,1,0.804978018709,0.780502020312,0.805086742397,2021
2022_08_TEN_HOU,2022,8,0,0.478202846975,0.46649510154,0.441545934346,2021
2022_08_WAS_IND,2022,8,0,0.586736037935,0.548762881129,0.520667070391,2021
2022_08_SF_LA,2022,8,0,0.502322988292,0.460139518489,0.505983012828,2021
2022_08_NYG_SEA,2022,8,1,0.605428349375,0.57123775752,0.565095789131,2021
2022_08_GB_BUF,2022,8,1,0.791527206656,0.761480685371,0.783133147882,2021
2022_08_CIN_CLE,2022,8,1,0.395126275146,0.361319240651,0.368329748485,2021
2022_09_PHI_HOU,2022,9,0,0.151670455276,0.132019987787,0.133508240388,2021
2022_09_LAC_ATL,2022,9,0,0.424899457947,0.37334209764,0.431820872037,2021
2022_09_MIA_CHI,2022,9,0,0.358208225341,0.315517086925,0.313718485447,2021
2022_09_CAR_CIN,2022,9,1,0.745785705017,0.707867320963,0.711328404471,2021
2022_09_GB_DET,2022,9,1,0.3607288955,0.332293420518,0.383906070784,2021
2022_09_LV_JAX,2022,9,1,0.45110708376,0.416494907296,0.451446062629,2021
2022_09_IND_NE,2022,9,1,0.661810613944,0.626381548048,0.612736276487,2021
2022_09_BUF_NYJ,2022,9,1,0.193864229765,0.172948230076,0.203758664761,2021
2022_09_MIN_WAS,2022,9,0,0.388060993378,0.363703892251,0.394611364037,2021
2022_09_SEA_ARI,2022,9,0,0.548049476689,0.524597840169,0.494008133142,2021
2022_09_LA_TB,2022,9,1,0.597101630333,0.554581173807,0.605036989184,2021
2022_09_TEN_KC,2022,9,1,0.846189835663,0.832345804893,0.837358045451,2021
2022_09_BAL_NO,2022,9,0,0.460072297075,0.419321216093,0.38109372204,2021
2022_10_ATL_CAR,2022,10,1,0.44522913948,0.420879459659,0.381964749998,2021
2022_10_SEA_TB,2022,10,1,0.564994882293,0.528272798087,0.496220260218,2021
2022_10_MIN_BUF,2022,10,0,0.705310880829,0.668872753439,0.650552529667,2021
2022_10_DET_CHI,2022,10,0,0.598679827076,0.554491956212,0.583743640405,2021
2022_10_JAX_KC,2022,10,1,0.775898539074,0.741017849123,0.781821324369,2021
2022_10_CLE_MIA,2022,10,1,0.622440912684,0.595007934954,0.613570934958,2021
2022_10_HOU_NYG,2022,10,1,0.67007554345,0.622188450166,0.626000603808,2021
2022_10_NO_PIT,2022,10,1,0.524019391803,0.493922474623,0.541485684753,2021
2022_10_DEN_TEN,2022,10,1,0.560501215635,0.501016657432,0.510870891148,2021
2022_10_IND_LV,2022,10,0,0.64833045176,0.612338721587,0.681182902605,2021
2022_10_DAL_GB,2022,10,1,0.35166954824,0.322444444814,0.38170073387,2021
2022_10_ARI_LA,2022,10,0,0.627042698998,0.592987633457,0.607619776134,2021
2022_10_LAC_SF,2022,10,1,0.758474531483,0.733362119784,0.702167067832,2021
2022_10_WAS_PHI,2022,10,0,0.808051612079,0.777798180963,0.800902932446,2021
2022_11_TEN_GB,2022,11,0,0.614854397908,0.585861189688,0.631689748975,2021
2022_11_CHI_ATL,2022,11,1,0.566089334549,0.526910530155,0.519481095592,2021
2022_11_CAR_BAL,2022,11,1,0.83929988964,0.821091577449,0.846049400677,2021
2022_11_CLE_BUF,2022,11,1,0.756181577446,0.719257963869,0.690672828361,2021
2022_11_WAS_HOU,2022,11,0,0.414937759336,0.388472347137,0.419660910677,2021
2022_11_PHI_IND,2022,11,0,0.290309925461,0.262681855558,0.277136230819,2021
2022_11_NYJ_NE,2022,11,1,0.62926931875,0.587459789639,0.55678396976,2021
2022_11_LA_NO,2022,11,1,0.539927702925,0.488392280699,0.537574384394,2021
2022_11_DET_NYG,2022,11,0,0.598679827076,0.54607717507,0.534785022429,2021
2022_11_LV_DEN,2022,11,0,0.577549788775,0.550433623786,0.49852877126,2021
2022_11_DAL_MIN,2022,11,0,0.447171783654,0.406123218754,0.417304966023,2021
2022_11_CIN_PIT,2022,11,0,0.37073068125,0.346722565527,0.326008850851,2021
2022_11_KC_LAC,2022,11,0,0.321069325754,0.301818639748,0.27305383369,2021
2022_11_SF_ARI,2022,11,0,0.2156133829,0.185226198029,0.224307876932,2021
2022_12_BUF_DET,2022,12,0,0.219456160203,0.192989281694,0.205952744244,2021
2022_12_NYG_DAL,2022,12,1,0.790539834213,0.765357724971,0.728140341462,2021
2022_12_NE_MIN,2022,12,1,0.562379468922,0.532387739372,0.552820667981,2021
2022_12_DEN_CAR,2022,12,1,0.475980608197,0.433694863189,0.471842007389,2021
2022_12_TB_CLE,2022,12,1,0.388060993378,0.351084790414,0.369556080713,2021
2022_12_BAL_JAX,2022,12,1,0.394571650625,0.366947530137,0.353910547861,2021
2022_12_HOU_MIA,2022,12,1,0.864069138977,0.847159859662,0.8385143663,2021
2022_12_CHI_NYJ,2022,12,1,0.766153846154,0.754284600112,0.744791566213,2021
2022_12_CIN_TEN,2022,12,0,0.5,0.456108268784,0.434410842712,2021
2022_12_ATL_WAS,2022,12,1,0.629721702495,0.594169705502,0.562175695693,2021
2022_12_LAC_ARI,2022,12,0,0.437620531078,0.396238754412,0.427555863799,2021
2022_12_LV_SEA,2022,12,0,0.644674925574,0.591877779973,0.592978143472,2021
2022_12_LA_KC,2022,12,1,0.888260169453,0.874010298341,0.879007983523,2021
2022_12_NO_SF,2022,12,1,0.772836405275,0.745319177854,0.766544943546,2021
2022_12_GB_PHI,2022,12,1,0.714927826966,0.678011154417,0.691241099225,2021
2022_12_PIT_IND,2022,12,0,0.548049476689,0.502083413618,0.51199425714,2021
2022_13_BUF_NE,2022,13,0,0.367623347307,0.34061138772,0.300633884627,2021
2022_13_PIT_ATL,2022,13,0,0.481475621058,0.445962507189,0.479869041825,2021
2022_13_DEN_BAL,2022,13,1,0.753607690527,0.714012674534,0.727157466247,2021
2022_13_GB_CHI,2022,13,0,0.37073068125,0.337222520679,0.325180766855,2021
2022_13_JAX_DET,2022,13,1,0.528403928525,0.492043963486,0.486749318757,2021
2022_13_CLE_HOU,2022,13,0,0.255478799428,0.233179459721,0.206553815604,2021
2022_13_NYJ_MIN,2022,13,1,0.579285812013,0.534416825711,0.546196179343,2021
2022_13_WAS_NYG,2022,13,0,0.458903548308,0.431286792852,0.465760373941,2021
2022_13_TEN_PHI,2022,13,1,0.662922558342,0.630265943088,0.621036976163,2021
2022_13_SEA_LA,2022,13,0,0.276087446473,0.251845443074,0.223579711981,2021
2022_13_MIA_SF,2022,13,1,0.671133262521,0.644445266875,0.611361564026,2021
2022_13_KC_CIN,2022,13,1,0.444104134763,0.413587466279,0.381990948655,2021
2022_13_LAC_LV,2022,13,1,0.566832804712,0.528889978535,0.520978589514,2021
2022_13_IND_DAL,2022,13,1,0.79633401222,0.763788220854,0.786963069812,2021
2022_13_NO_TB,2022,13,1,0.63799775309,0.602331730452,0.632897110002,2021
2022_14_LV_LA,2022,14,1,0.281752308088,0.240479554882,0.231172715054,2021
2022_14_NYJ_BUF,2022,14,1,0.775408594004,0.740259049406,0.740471990546,2021
2022_14_CLE_CIN,2022,14,1,0.65345857462,0.602452270047,0.601823501639,2021
2022_14_HOU_DAL,2022,14,1,0.904626742271,0.89459883957,0.875527989744,2021
2022_14_MIN_DET,2022,14,1,0.55477086052,0.524579733394,0.51941145372,2021
2022_14_PHI_NYG,2022,14,0,0.269943593876,0.241244963231,0.245961739594,2021
2022_14_BAL_PIT,2022,14,0,0.539927702925,0.519741469992,0.492310742908,2021
2022_14_JAX_TEN,2022,14,0,0.611939006622,0.560496435846,0.538031024181,2021
2022_14_KC_DEN,2022,14,0,0.226163551958,0.207095424355,0.174185526385,2021
2022_14_CAR_SEA,2022,14,0,0.64953271028,0.595006180248,0.625504775905,2021
2022_14_TB_SF,2022,14,1,0.645508982036,0.597122786255,0.584992188166,2021
2022_14_MIA_LAC,2022,14,1,0.39609626796,0.359562242812,0.360260091441,2021
2022_14_NE_ARI,2022,14,0,0.458015267176,0.426681847335,0.445613817776,2021
2022_15_SF_SEA,2022,15,0,0.387117200092,0.349766713802,0.376611957266,2021
2022_15_IND_MIN,2022,15,1,0.636290159628,0.592876477818,0.612133961284,2021
2022_15_BAL_CLE,2022,15,1,0.592293548645,0.58094495895,0.551556364593,2021
2022_15_MIA_BUF,2022,15,1,0.739712444224,0.704976348974,0.691237856383,2021
2022_15_PIT_CAR,2022,15,0,0.576490924806,0.551921972874,0.51083005115,2021
2022_15_PHI_CHI,2022,15,0,0.229377283154,0.205816092864,0.210932730516,2021
2022_15_KC_HOU,2022,15,0,0.144216172452,0.124257075536,0.11260775211,2021
2022_15_DAL_JAX,2022,15,1,0.363709840372,0.342483079759,0.355276074285,2021
2022_15_ATL_NO,2022,15,1,0.678930674246,0.649397351078,0.608296697577,2021
2022_15_DET_NYJ,2022,15,0,0.555895865237,0.523100015015,0.47307841642,2021
2022_15_ARI_DEN,2022,15,1,0.534834771627,0.507921276118,0.469433083116,2021
2022_15_NE_LV,2022,15,1,0.550036350775,0.518345088312,0.544404084211,2021
2022_15_TEN_LAC,2022,15,1,0.597101630333,0.576332966193,0.561638344695,2021
2022_15_CIN_TB,2022,15,0,0.390065741417,0.360702820665,0.33444209541,2021
2022_15_NYG_WAS,2022,15,0,0.652283681432,0.607708164231,0.583353973795,2021
2022_15_LA_GB,2022,15,1,0.757905243263,0.727255340964,0.731629053674,2021
2022_16_JAX_NYJ,2022,16,0,0.562379468922,0.527387116051,0.483484698016,2021
2022_16_ATL_BAL,2022,16,1,0.71233424607,0.675604767529,0.656327608012,2021
2022_16_DET_CAR,2022,16,1,0.449963649225,0.424319297183,0.379277921634,2021
2022_16_BUF_CHI,2022,16,0,0.24028416214,0.217475324084,0.21842516344,2021
2022_16_NO_CLE,2022,16,0,0.627922989328,0.601668747,0.596501901161,2021
2022_16_SEA_KC,2022,16,1,0.792369680659,0.765714111382,0.758998133239,2021
2022_16_NYG_MIN,2022,16,1,0.665125179397,0.627633112456,0.610615201366,2021
2022_16_CIN_NE,2022,16,0,0.413263962065,0.386790107805,0.333361782127,2021
2022_16_HOU_TEN,2022,16,0,0.614340808456,0.551831536096,0.559571809241,2021
2022_16_WAS_SF,2022,16,1,0.715121129894,0.668767027856,0.656087293239,2021
2022_16_PHI_DAL,2022,16,1,0.64953271028,0.622197819028,0.590873281426,2021
2022_16_LV_PIT,2022,16,1,0.57046357852,0.527598777916,0.519997926495,2021
2022_16_GB_MIA,2022,16,0,0.62926931875,0.603065019595,0.571956017195,2021
2022_16_DEN_LA,2022,16,1,0.3822726318,0.33740095258,0.345940726513,2021
2022_16_TB_ARI,2022,16,0,0.260287555776,0.224552192191,0.229333686069,2021
2022_16_LAC_IND,2022,16,0,0.367623347307,0.320273483521,0.30157971804,2021
2022_17_DAL_TEN,2022,17,0,0.146163511956,0.125392358603,0.127489958649,2021
2022_17_ARI_ATL,2022,17,1,0.715121129894,0.687333485987,0.683047326713,2021
2022_17_CHI_DET,2022,17,1,0.668695345118,0.617196166441,0.631478171935,2021
2022_17_JAX_HOU,2022,17,0,0.365005277951,0.326927513871,0.305490499,2021
2022_17_DEN_KC,2022,17,1,0.849531711516,0.824209332645,0.833960311741,2021
2022_17_MIA_NE,2022,17,1,0.60024600246,0.562763472121,0.516576131158,2021
2022_17_IND_NYG,2022,17,1,0.677634286386,0.646599573006,0.663989798443,2021
2022_17_NO_PHI,2022,17,0,0.673530889001,0.625255193005,0.633595018724,2021
2022_17_CAR_TB,2022,17,1,0.631053834962,0.593619937077,0.576222439147,2021
2022_17_CLE_WAS,2022,17,0,0.526221562377,0.489487286796,0.468404136901,2021
2022_17_SF_LV,2022,17,0,0.205834074659,0.18087899055,0.193231559646,2021
2022_17_NYJ_SEA,2022,17,1,0.48270860717,0.423824513589,0.458817412624,2021
2022_17_MIN_GB,2022,17,1,0.6177273682,0.58211913787,0.572207170198,2021
2022_17_LA_LAC,2022,17,1,0.717659894436,0.693128419536,0.675384615862,2021
2022_17_PIT_BAL,2022,17,0,0.534834771627,0.490956475966,0.477962904538,2021
2022_18_KC_LV,2022,18,0,0.221430256021,0.196665604707,0.18545583136,2021
2022_18_TEN_JAX,2022,18,1,0.702528507685,0.674369761583,0.669469193489,2021
2022_18_TB_ATL,2022,18,1,0.682900279237,0.678139580669,0.655722694041,2021
2022_18_NE_BUF,2022,18,1,0.765518882422,0.73020677097,0.768281252717,2021
2022_18_MIN_CHI,2022,18,0,0.297471492315,0.274945580681,0.263919108889,2021
2022_18_BAL_CIN,2022,18,1,0.831180869407,0.816219785045,0.819678108689,2021
2022_18_HOU_IND,2022,18,0,0.57225678733,0.526751218286,0.510915497847,2021
2022_18_NYJ_MIA,2022,18,1,0.64953271028,0.600683715737,0.615174840509,2021
2022_18_CAR_NO,2022,18,0,0.625201504567,0.592334679196,0.559761867299,2021
2022_18_CLE_PIT,2022,18,1,0.57225678733,0.523318719515,0.525994412218,2021
2022_18_LAC_DEN,2022,18,1,0.697921288869,0.704061603205,0.652663879891,2021
2022_18_NYG_PHI,2022,18,1,0.89869745305,0.893440436697,0.870052569558,2021
2022_18_LA_SEA,2022,18,1,0.673228981765,0.637707403798,0.636585522712,2021
2022_18_ARI_SF,2022,18,1,0.886302763695,0.871465823712,0.853868169866,2021
2022_18_DAL_WAS,2022,18,1,0.259772389906,0.241520615941,0.2361099695,2021
2022_18_DET_GB,2022,18,0,0.711525819599,0.694310790385,0.656142563725,2021
2023_01_DET_KC,2023,1,0,0.636904181694,0.609770311175,0.609123810878,2022
2023_01_CAR_ATL,2023,1,1,0.630940343782,0.622621519814,0.60922534804,2022
2023_01_HOU_BAL,2023,1,1,0.8,0.797392114334,0.78878277763,2022
2023_01_CIN_CLE,2023,1,1,0.49567024593,0.481043285097,0.443021623126,2022
2023_01_JAX_IND,2023,1,0,0.3552708212,0.327491251757,0.311418692656,2022
2023_01_TB_MIN,2023,1,0,0.6447291788,0.626280427863,0.630216254857,2022
2023_01_TEN_NO,2023,1,1,0.57205963556,0.544238076456,0.503405904422,2022
2023_01_SF_PIT,2023,1,0,0.478260869565,0.459815678271,0.500860924142,2022
2023_01_ARI_WAS,2023,1,1,0.740871613663,0.730255250598,0.713719601437,2022
2023_01_GB_CHI,2023,1,0,0.517364125716,0.521171920207,0.504166571035,2022
2023_01_LV_DEN,2023,1,0,0.593369754159,0.584636754097,0.571183354211,2022
2023_01_MIA_LAC,2023,1,0,0.593369754159,0.570476727237,0.55618364776,2022
2023_01_PHI_NE,2023,1,0,0.377533448139,0.350224980411,0.326875699599,2022
2023_01_LA_SEA,2023,1,0,0.657475226196,0.635978993525,0.61645735638,2022
2023_01_DAL_NYG,2023,1,0,0.396243029058,0.368599662564,0.400250524705,2022
2023_01_BUF_NYJ,2023,1,1,0.448558885283,0.448200688086,0.37419558826,2022
2023_02_MIN_PHI,2023,2,1,0.675031246995,0.665559386417,0.626135151682,2022
2023_02_GB_ATL,2023,2,1,0.57205963556,0.563761829031,0.527173545268,2022
2023_02_LV_BUF,2023,2,1,0.7477827051,0.734933302585,0.715107339723,2022
2023_02_BAL_CIN,2023,2,0,0.609236234458,0.587115006774,0.598877055901,2022
2023_02_SEA_DET,2023,2,0,0.657475226196,0.638927973489,0.616805782373,2022
2023_02_IND_HOU,2023,2,0,0.5,0.476354656763,0.464753454079,2022
2023_02_KC_JAX,2023,2,0,0.396243029058,0.370467556262,0.32465583104,2022
2023_02_CHI_TB,2023,2,1,0.551441114717,0.500916887451,0.480603267904,2022
2023_02_LAC_TEN,2023,2,1,0.436507936508,0.420011589256,0.378432406052,2022
2023_02_NYG_ARI,2023,2,0,0.336351875809,0.302116593555,0.267239820468,2022
2023_02_SF_LA,2023,2,0,0.259128386337,0.232222113816,0.285280862706,2022
2023_02_NYJ_DAL,2023,2,1,0.76,0.743771275728,0.727388651126,2022
2023_02_WAS_DEN,2023,2,0,0.636904181694,0.631096185282,0.672959115884,2022
2023_02_MIA_NE,2023,2,0,0.457256461233,0.432405733445,0.38429802533,2022
2023_02_NO_CAR,2023,2,0,0.390763765542,0.358862284524,0.393293803788,2022
2023_02_CLE_PIT,2023,2,1,0.42794036444,0.388657510907,0.465894862696,2022
2023_03_NYG_SF,2023,3,1,0.808157099698,0.801585504975,0.748044476919,2022
2023_03_IND_BAL,2023,3,0,0.76,0.748651570659,0.739439643706,2022
2023_03_TEN_CLE,2023,3,1,0.622466551861,0.602816909433,0.532292411964,2022
2023_03_ATL_DET,2023,3,1,0.599638771824,0.578764747286,0.5861784533,2022
2023_03_NO_GB,2023,3,1,0.467532467532,0.422998407378,0.486297836397,2022
2023_03_HOU_JAX,2023,3,0,0.76,0.744198902324,0.735831619283,2022
2023_03_DEN_MIA,2023,3,1,0.685393258427,0.665943216281,0.634738797403,2022
2023_03_LAC_MIN,2023,3,0,0.5,0.467843954177,0.469399526025,2022
2023_03_NE_NYJ,2023,3,0,0.436507936508,0.413572350733,0.391723301583,2022
2023_03_BUF_WAS,2023,3,0,0.319444444444,0.301155643766,0.264999131136,2022
2023_03_CAR_SEA,2023,3,1,0.663648124191,0.645730602974,0.663104397442,2022
2023_03_DAL_ARI,2023,3,1,0.16835016835,0.14308049479,0.171218497988,2022
2023_03_CHI_KC,2023,3,1,0.846501128668,0.839199058247,0.815952441478,2022
2023_03_PIT_LV,2023,3,0,0.57205963556,0.555816816817,0.575276965886,2022
2023_03_PHI_TB,2023,3,0,0.309207116946,0.276017521755,0.27413775235,2022
2023_03_LA_CIN,2023,3,1,0.593369754159,0.565087947266,0.525910370844,2022
2023_04_DET_GB,2023,4,0,0.436507936508,0.391934448354,0.411240886454,2022
2023_04_ATL_JAX,2023,4,1,0.622466551861,0.604937036021,0.590109905485,2022
2023_04_MIA_BUF,2023,4,1,0.563492063492,0.531907386875,0.501724417668,2022
2023_04_MIN_CAR,2023,4,0,0.336351875809,0.307057017941,0.292678334508,2022
2023_04_DEN_CHI,2023,4,0,0.406630245841,0.380702331316,0.348393593905,2022
2023_04_BAL_CLE,2023,4,0,0.448558885283,0.409081821806,0.382982712889,2022
2023_04_PIT_HOU,2023,4,1,0.406630245841,0.383014950756,0.356734138194,2022
2023_04_LA_IND,2023,4,0,0.489165763814,0.463280872797,0.401564148906,2022
2023_04_TB_NO,2023,4,0,0.6447291788,0.629348916712,0.580818120666,2022
2023_04_WAS_PHI,2023,4,1,0.78674351585,0.776615563664,0.776794791308,2022
2023_04_CIN_TEN,2023,4,1,0.406630245841,0.375996896381,0.389113726461,2022
2023_04_LV_LAC,2023,4,1,0.725752508361,0.712658092422,0.691222428599,2022
2023_04_NE_DAL,2023,4,1,0.709543568465,0.692605335113,0.681246616527,2022
2023_04_ARI_SF,2023,4,1,0.88,0.879956393929,0.854867879743,2022
2023_04_KC_NYJ,2023,4,0,0.204224122884,0.182070704189,0.162311675779,2022
2023_04_SEA_NYG,2023,4,0,0.436507936508,0.409302128192,0.405945053421,2022
2023_05_CHI_WAS,2023,5,0,0.690792883054,0.669568421248,0.621970313041,2022
2023_05_JAX_BUF,2023,5,0,0.685393258427,0.659136291272,0.673161372484,2022
2023_05_HOU_ATL,2023,5,1,0.563492063492,0.538649931283,0.554032022212,2022
2023_05_CAR_DET,2023,5,1,0.78674351585,0.774827568064,0.762065562147,2022
2023_05_TEN_IND,2023,5,1,0.436507936508,0.410253447341,0.384001403809,2022
2023_05_NYG_MIA,2023,5,1,0.846501128668,0.846890591872,0.844434325115,2022
2023_05_NO_NE,2023,5,0,0.551441114717,0.537321687069,0.526427528168,2022
2023_05_BAL_PIT,2023,5,1,0.330992978937,0.299709358386,0.338709292167,2022
2023_05_CIN_ARI,2023,5,0,0.396243029058,0.367869441487,0.390607579307,2022
2023_05_PHI_LA,2023,5,0,0.369059656218,0.343321830519,0.349880873783,2022
2023_05_NYJ_DEN,2023,5,0,0.551441114717,0.523258953303,0.614459768967,2022
2023_05_KC_MIN,2023,5,0,0.383561643836,0.362286710254,0.364837209155,2022
2023_05_DAL_SF,2023,5,1,0.616438356164,0.584764184742,0.626032291724,2022
2023_05_GB_LV,2023,5,1,0.517364125716,0.496708843461,0.502476215435,2022
2023_06_DEN_KC,2023,6,1,0.83164983165,0.825323353002,0.775553681743,2022
2023_06_BAL_TEN,2023,6,0,0.314606741573,0.279947387546,0.33120652023,2022
2023_06_WAS_ATL,2023,6,0,0.532467532468,0.497325911593,0.48127672297,2022
2023_06_MIN_CHI,2023,6,0,0.400361228176,0.379045949605,0.390859066692,2022
2023_06_SEA_CIN,2023,6,1,0.582992641047,0.568716385909,0.601372122175,2022
2023_06_SF_CLE,2023,6,1,0.208638360176,0.18378546395,0.205531060152,2022
2023_06_NO_HOU,2023,6,1,0.457256461233,0.433901624105,0.462439097656,2022
2023_06_IND_JAX,2023,6,1,0.6447291788,0.618796294011,0.622237559791,2022
2023_06_CAR_MIA,2023,6,1,0.88,0.881943933929,0.877270002339,2022
2023_06_NE_LV,2023,6,1,0.57205963556,0.533170707902,0.595545382968,2022
2023_06_ARI_LA,2023,6,1,0.740871613663,0.729460921296,0.727190370446,2022
2023_06_PHI_NYJ,2023,6,1,0.277920741122,0.259559487387,0.221244797524,2022
2023_06_DET_TB,2023,6,0,0.406630245841,0.37555901834,0.430497410569,2022
2023_06_NYG_BUF,2023,6,1,0.886956521739,0.886746620817,0.872806195518,2022
2023_06_DAL_LAC,2023,6,0,0.457256461233,0.422803992483,0.554916544183,2022
2023_07_JAX_NO,2023,7,0,0.57205963556,0.55591643419,0.489541575458,2022
2023_07_DET_BAL,2023,7,1,0.593369754159,0.58373461351,0.532435033789,2022
2023_07_LV_CHI,2023,7,1,0.436507936508,0.412932253118,0.421383916338,2022
2023_07_CLE_IND,2023,7,0,0.383561643836,0.354270896548,0.471617665716,2022
2023_07_BUF_NE,2023,7,1,0.234097895484,0.210195575809,0.183208455281,2022
2023_07_WAS_NYG,2023,7,1,0.406630245841,0.369824407557,0.379947692854,2022
2023_07_ATL_TB,2023,7,0,0.57205963556,0.543461515804,0.598076313298,2022
2023_07_PIT_LA,2023,7,0,0.609236234458,0.586526201335,0.664557869622,2022
2023_07_ARI_SEA,2023,7,1,0.78674351585,0.777961157,0.799318258194,2022
2023_07_GB_DEN,2023,7,1,0.517364125716,0.508741040983,0.60433220622,2022
2023_07_LAC_KC,2023,7,1,0.695769952073,0.669223922254,0.709391620429,2022
2023_07_MIA_PHI,2023,7,1,0.582992641047,0.56808865814,0.528799667018,2022
2023_07_SF_MIN,2023,7,1,0.266457680251,0.24191056724,0.267526616833,2022
2023_08_TB_BUF,2023,8,1,0.795775877116,0.786007596966,0.826548587173,2022
2023_08_HOU_CAR,2023,8,1,0.406630245841,0.377846639488,0.416840027106,2022
2023_08_LA_DAL,2023,8,1,0.725752508361,0.709681815564,0.694337920649,2022
2023_08_MIN_GB,2023,8,0,0.49567024593,0.470889590028,0.516807610359,2022
2023_08_NO_IND,2023,8,0,0.457256461233,0.429482775737,0.469058782908,2022
2023_08_NE_MIA,2023,8,1,0.76,0.745643543908,0.781114929842,2022
2023_08_NYJ_NYG,2023,8,0,0.406630245841,0.370957710885,0.464778958498,2022
2023_08_JAX_PIT,2023,8,0,0.448558885283,0.420770455311,0.473011744946,2022
2023_08_ATL_TEN,2023,8,1,0.457256461233,0.425028364406,0.505548320077,2022
2023_08_PHI_WAS,2023,8,0,0.277920741122,0.25536343254,0.248591202324,2022
2023_08_CLE_SEA,2023,8,1,0.636904181694,0.605110454736,0.667422519357,2022
2023_08_BAL_ARI,2023,8,0,0.2,0.176638771426,0.207776389231,2022
2023_08_KC_DEN,2023,8,1,0.259128386337,0.237097587541,0.274960888809,2022
2023_08_CIN_SF,2023,8,0,0.6447291788,0.614804354123,0.661748386065,2022
2023_08_CHI_LAC,2023,8,1,0.781906300485,0.781829721436,0.798310484816,2022
2023_08_LV_DET,2023,8,1,0.740871613663,0.726818868349,0.710793216171,2022
2023_09_TEN_PIT,2023,9,1,0.609236234458,0.593074084413,0.55401203306,2022
2023_09_MIA_KC,2023,9,1,0.510834236186,0.474750325656,0.455300373919,2022
2023_09_MIN_ATL,2023,9,0,0.630940343782,0.631250580468,0.588294285613,2022
2023_09_SEA_BAL,2023,9,1,0.700162074554,0.68891117047,0.690738408982,2022
2023_09_ARI_CLE,2023,9,1,0.846501128668,0.848342778787,0.816187949446,2022
2023_09_LA_GB,2023,9,1,0.633366141732,0.621084833256,0.632707403797,2022
2023_09_TB_HOU,2023,9,1,0.57205963556,0.549631153022,0.523569481723,2022
2023_09_WAS_NE,2023,9,0,0.582992641047,0.573325873186,0.512732107005,2022
2023_09_CHI_NO,2023,9,1,0.781906300485,0.779904535928,0.706859697953,2022
2023_09_IND_CAR,2023,9,0,0.457256461233,0.422832624133,0.490981437979,2022
2023_09_NYG_LV,2023,9,1,0.517364125716,0.48418052235,0.500574904822,2022
2023_09_DAL_PHI,2023,9,1,0.609236234458,0.585513869073,0.674596782238,2022
2023_09_BUF_CIN,2023,9,1,0.532467532468,0.518618342134,0.526637989069,2022
2023_09_LAC_NYJ,2023,9,0,0.396243029058,0.361099325689,0.309177581354,2022
2023_10_CAR_CHI,2023,10,1,0.616438356164,0.598050429713,0.631516643718,2022
2023_10_IND_NE,2023,10,0,0.482635874284,0.462147238331,0.434348869142,2022
2023_10_CLE_BAL,2023,10,0,0.690792883054,0.664380097916,0.734646116108,2022
2023_10_HOU_CIN,2023,10,0,0.685393258427,0.668434546264,0.663793779246,2022
2023_10_SF_JAX,2023,10,0,0.396243029058,0.368585775688,0.361157172788,2022
2023_10_NO_MIN,2023,10,1,0.417007358953,0.369080972517,0.437753242169,2022
2023_10_GB_PIT,2023,10,1,0.599638771824,0.586334555664,0.573524705849,2022
2023_10_TEN_TB,2023,10,1,0.563492063492,0.542662202532,0.515060748271,2022
2023_10_ATL_ARI,2023,10,1,0.457256461233,0.441813195454,0.436279161359,2022
2023_10_DET_LAC,2023,10,0,0.436507936508,0.408988823048,0.418813174803,2022
2023_10_NYG_DAL,2023,10,1,0.919708029197,0.925118151081,0.922024458233,2022
2023_10_WAS_SEA,2023,10,1,0.700162074554,0.689785285903,0.702163650082,2022
2023_10_NYJ_LV,2023,10,1,0.489165763814,0.455226744906,0.544001755394,2022
2023_10_DEN_BUF,2023,10,0,0.765902104516,0.755934452617,0.756768270901,2022
2023_11_CIN_BAL,2023,11,1,0.6447291788,0.627660832171,0.623903904398,2022
2023_11_DAL_CAR,2023,11,0,0.16835016835,0.143521960418,0.166223457678,2022
2023_11_PIT_CLE,2023,11,1,0.563492063492,0.543284330062,0.461926244826,2022
2023_11_CHI_DET,2023,11,1,0.781906300485,0.770281951009,0.787861036175,2022
2023_11_LAC_GB,2023,11,1,0.406630245841,0.373353071169,0.354822221107,2022
2023_11_ARI_HOU,2023,11,1,0.685393258427,0.662970003192,0.685911187069,2022
2023_11_TEN_JAX,2023,11,1,0.713551230261,0.701096803936,0.664456049252,2022
2023_11_LV_MIA,2023,11,1,0.88,0.885259339621,0.900551683609,2022
2023_11_NYG_WAS,2023,11,0,0.765902104516,0.757275705145,0.762353213507,2022
2023_11_TB_SF,2023,11,1,0.867716535433,0.868300596672,0.84656043198,2022
2023_11_NYJ_BUF,2023,11,1,0.765902104516,0.752061636602,0.819305385509,2022
2023_11_SEA_LA,2023,11,1,0.551441114717,0.545415318059,0.527952469322,2022
2023_11_MIN_DEN,2023,11,1,0.563492063492,0.56343945528,0.611365336882,2022
2023_11_PHI_KC,2023,11,0,0.57205963556,0.552760017349,0.51918209928,2022
2023_12_GB_DET,2023,12,0,0.776833156217,0.768527901773,0.759807903538,2022
2023_12_WAS_DAL,2023,12,1,0.852459016393,0.852122494068,0.835685127235,2022
2023_12_SF_SEA,2023,12,0,0.2522172949,0.223124182602,0.241470713193,2022
2023_12_MIA_NYJ,2023,12,0,0.2,0.171029023179,0.142404505564,2022
2023_12_NO_ATL,2023,12,1,0.457256461233,0.43728075235,0.466320738799,2022
2023_12_PIT_CIN,2023,12,0,0.448558885283,0.402134611038,0.429250020682,2022
2023_12_JAX_HOU,2023,12,0,0.489165763814,0.46593029401,0.451808311065,2022
2023_12_TB_IND,2023,12,1,0.582992641047,0.56514232476,0.543869162782,2022
2023_12_NE_NYG,2023,12,1,0.342524773804,0.30071460278,0.35700344125,2022
2023_12_CAR_TEN,2023,12,1,0.609236234458,0.578025563143,0.596436766027,2022
2023_12_LA_ARI,2023,12,0,0.42794036444,0.402432756559,0.425015713681,2022
2023_12_CLE_DEN,2023,12,1,0.532467532468,0.520121517029,0.605687115619,2022
2023_12_KC_LV,2023,12,0,0.2,0.174754709762,0.193278501049,2022
2023_12_BUF_PHI,2023,12,1,0.57205963556,0.54259472298,0.590361136844,2022
2023_12_BAL_LAC,2023,12,0,0.396243029058,0.378515898041,0.450476729566,2022
2023_12_CHI_MIN,2023,12,0,0.599638771824,0.557699986214,0.559020901288,2022
2023_13_SEA_DAL,2023,13,1,0.8,0.791430394516,0.757240088781,2022
2023_13_DEN_HOU,2023,13,1,0.603756970942,0.59218562626,0.540560267367,2022
2023_13_LAC_NE,2023,13,0,0.336351875809,0.30662926849,0.273807307012,2022
2023_13_DET_NO,2023,13,0,0.363095818306,0.333143713765,0.290988114816,2022
2023_13_ATL_NYJ,2023,13,0,0.467532467532,0.444538842919,0.393317737914,2022
2023_13_ARI_PIT,2023,13,0,0.709543568465,0.682233179885,0.70081538723,2022
2023_13_IND_TEN,2023,13,0,0.473913414738,0.444728413342,0.474293556129,2022
2023_13_MIA_WAS,2023,13,0,0.21325648415,0.181552473738,0.224973742108,2022
2023_13_CAR_TB,2023,13,1,0.636904181694,0.605786096707,0.600173119409,2022
2023_13_CLE_LA,2023,13,1,0.630940343782,0.623375781414,0.67490646502,2022
2023_13_SF_PHI,2023,13,0,0.42794036444,0.393432313206,0.430032079123,2022
2023_13_KC_GB,2023,13,1,0.304230047927,0.271162309582,0.276961671507,2022
2023_13_CIN_JAX,2023,13,0,0.811866859624,0.815673428161,0.786615298663,2022
2023_14_NE_PIT,2023,14,0,0.700162074554,0.678885369454,0.695802772112,2022
2023_14_TB_ATL,2023,14,0,0.532467532468,0.50401158547,0.486743862615,2022
2023_14_LA_BAL,2023,14,1,0.750812567714,0.737108868206,0.689954527074,2022
2023_14_DET_CHI,2023,14,1,0.396243029058,0.3823032543,0.35754620431,2022
2023_14_IND_CIN,2023,14,1,0.57205963556,0.544481555874,0.559283444073,2022
2023_14_JAX_CLE,2023,14,1,0.563492063492,0.550783214689,0.463363698042,2022
2023_14_CAR_NO,2023,14,1,0.680555555556,0.658775211274,0.610669194654,2022
2023_14_HOU_NYJ,2023,14,1,0.390763765542,0.362531703387,0.318910403899,2022
2023_14_MIN_LV,2023,14,0,0.417007358953,0.393290970727,0.380986261925,2022
2023_14_SEA_SF,2023,14,1,0.872093023256,0.870907754643,0.847098111843,2022
2023_14_BUF_KC,2023,14,0,0.532467532468,0.503033466595,0.498631465484,2022
2023_14_DEN_LAC,2023,14,0,0.593369754159,0.574414116593,0.542954212138,2022
2023_14_PHI_DAL,2023,14,1,0.609236234458,0.579104456376,0.531490735822,2022
2023_14_TEN_MIA,2023,14,0,0.867716535433,0.868648303349,0.845131446168,2022
2023_14_GB_NYG,2023,14,1,0.304230047927,0.279688341094,0.25854836427,2022
2023_15_LAC_LV,2023,15,1,0.593369754159,0.589837668605,0.539548185009,2022
2023_15_MIN_CIN,2023,15,1,0.609236234458,0.585405226399,0.6112345384,2022
2023_15_PIT_IND,2023,15,1,0.526086585262,0.501882783941,0.502506781275,2022
2023_15_DEN_DET,2023,15,1,0.690792883054,0.68357300537,0.657419190056,2022
2023_15_ATL_CAR,2023,15,1,0.417007358953,0.393805007518,0.397292310623,2022
2023_15_CHI_CLE,2023,15,1,0.57205963556,0.542006079198,0.484148211791,2022
2023_15_TB_GB,2023,15,0,0.657475226196,0.63604235988,0.636261035497,2022
2023_15_NYJ_MIA,2023,15,1,0.744069015097,0.725454617439,0.773305778161,2022
2023_15_KC_NE,2023,15,0,0.204224122884,0.179311059125,0.159311184802,2022
2023_15_NYG_NO,2023,15,1,0.685393258427,0.676474102789,0.62841932026,2022
2023_15_HOU_TEN,2023,15,0,0.603756970942,0.581493323414,0.606673782367,2022
2023_15_SF_ARI,2023,15,0,0.153498871332,0.133526006667,0.140816031093,2022
2023_15_WAS_LA,2023,15,1,0.717970521542,0.70489752748,0.678658549891,2022
2023_15_DAL_BUF,2023,15,1,0.551441114717,0.54440516723,0.541856378595,2022
2023_15_BAL_JAX,2023,15,0,0.336351875809,0.310078713757,0.333923000506,2022
2023_15_PHI_SEA,2023,15,1,0.324968753005,0.289722110501,0.284980212765,2022
2023_16_NO_LA,2023,16,1,0.657475226196,0.652247946824,0.682252848631,2022
2023_16_CIN_PIT,2023,16,1,0.417007358953,0.393428534088,0.358730633623,2022
2023_16_BUF_LAC,2023,16,0,0.147540983607,0.11956017618,0.128320712471,2022
2023_16_IND_ATL,2023,16,1,0.582992641047,0.575088705941,0.54337786054,2022
2023_16_GB_CAR,2023,16,0,0.363095818306,0.342183038651,0.31220677218,2022
2023_16_CLE_HOU,2023,16,0,0.406630245841,0.37429261528,0.43003506349,2022
2023_16_DET_MIN,2023,16,0,0.42794036444,0.392986710001,0.37359914722,2022
2023_16_WAS_NYJ,2023,16,1,0.599638771824,0.58268091572,0.482166983551,2022
2023_16_SEA_TEN,2023,16,0,0.400361228176,0.371161427403,0.369295803871,2022
2023_16_JAX_TB,2023,16,1,0.467532467532,0.433625075856,0.438356493943,2022
2023_16_ARI_CHI,2023,16,1,0.657475226196,0.64474031625,0.599074911318,2022
2023_16_DAL_MIA,2023,16,1,0.526086585262,0.507522701192,0.502831214224,2022
2023_16_NE_DEN,2023,16,0,0.740871613663,0.72866645856,0.760831032732,2022
2023_16_LV_KC,2023,16,0,0.822335025381,0.817705150685,0.819015939661,2022
2023_16_NYG_PHI,2023,16,1,0.86301369863,0.866115206015,0.872446665491,2022
2023_16_BAL_SF,2023,16,0,0.744069015097,0.732702023447,0.746529706492,2022
2023_17_NYJ_CLE,2023,17,1,0.741504501888,0.724575737091,0.711906926181,2022
2023_17_DET_DAL,2023,17,1,0.675031246995,0.655725887019,0.636525785045,2022
2023_17_MIA_BAL,2023,17,1,0.616438356164,0.598204756934,0.549303420467,2022
2023_17_NE_BUF,2023,17,1,0.886956521739,0.88789824238,0.896200333708,2022
2023_17_ATL_CHI,2023,17,1,0.582992641047,0.577235339893,0.55842981504,2022
2023_17_TEN_HOU,2023,17,1,0.669007021063,0.657971416683,0.60504392077,2022
2023_17_LV_IND,2023,17,1,0.616438356164,0.59419679995,0.610021674495,2022
2023_17_CAR_JAX,2023,17,1,0.630940343782,0.601949972607,0.601845355478,2022
2023_17_LA_NYG,2023,17,0,0.282029478458,0.256691309792,0.238649692513,2022
2023_17_ARI_PHI,2023,17,0,0.846501128668,0.842898794167,0.838296947244,2022
2023_17_NO_TB,2023,17,0,0.57205963556,0.540467771433,0.585016278677,2022
2023_17_SF_WAS,2023,17,0,0.123822341857,0.104575547786,0.117054481162,2022
2023_17_PIT_SEA,2023,17,0,0.663648124191,0.654378485094,0.672985853667,2022
2023_17_LAC_DEN,2023,17,1,0.636904181694,0.617716161951,0.615556188771,2022
2023_17_CIN_KC,2023,17,1,0.744069015097,0.744704301336,0.698853586596,2022
2023_17_GB_MIN,2023,17,0,0.50432975407,0.479448040085,0.436224579967,2022
2023_18_PIT_BAL,2023,18,0,0.417007358953,0.351244002308,0.371009044818,2022
2023_18_HOU_IND,2023,18,0,0.467532467532,0.430107315551,0.449518357812,2022
2023_18_TB_CAR,2023,18,0,0.319444444444,0.289974387307,0.290483155799,2022
2023_18_CLE_CIN,2023,18,1,0.750812567714,0.75539091725,0.790359590769,2022
2023_18_MIN_DET,2023,18,1,0.6447291788,0.616472731183,0.630757857221,2022
2023_18_NYJ_NE,2023,18,0,0.563492063492,0.543975439525,0.546024336346,2022
2023_18_ATL_NO,2023,18,1,0.609236234458,0.5838318819,0.552436100532,2022
2023_18_JAX_TEN,2023,18,1,0.377533448139,0.352890630947,0.375663082728,2022
2023_18_SEA_ARI,2023,18,0,0.417007358953,0.39300398305,0.381501948976,2022
2023_18_CHI_GB,2023,18,1,0.57205963556,0.534644570194,0.576291775766,2022
2023_18_KC_LAC,2023,18,0,0.622466551861,0.630565611436,0.598158921594,2022
2023_18_DEN_LV,2023,18,1,0.609236234458,0.600812264889,0.544435642534,2022
2023_18_PHI_NYG,2023,18,1,0.328729819101,0.311843325376,0.255069179231,2022
2023_18_LA_SF,2023,18,0,0.680555555556,0.652153793771,0.649696359037,2022
2023_18_DAL_WAS,2023,18,0,0.142056074766,0.121356549434,0.139611324138,2022
2023_18_BUF_MIA,2023,18,0,0.417007358953,0.384827332829,0.396693499911,2022
2024_01_BAL_KC,2024,1,1,0.57205963556,0.591100073448,0.54941251542,2023
2024_01_GB_PHI,2024,1,1,0.542743538767,0.537581528346,0.527058929385,2023
2024_01_PIT_ATL,2024,1,0,0.630940343782,0.647734715736,0.616773687656,2023
2024_01_ARI_BUF,2024,1,1,0.725752508361,0.706819906004,0.672133545274,2023
2024_01_TEN_CHI,2024,1,1,0.636904181694,0.622212620808,0.579909714045,2023
2024_01_NE_CIN,2024,1,0,0.757188498403,0.732931823926,0.77088426377,2023
2024_01_HOU_IND,2024,1,0,0.417007358953,0.383486176633,0.406163036304,2023
2024_01_JAX_MIA,2024,1,1,0.616438356164,0.580524258436,0.587139356636,2023
2024_01_CAR_NO,2024,1,1,0.630940343782,0.581006193695,0.594026475781,2023
2024_01_MIN_NYG,2024,1,0,0.489165763814,0.480377900415,0.465227042113,2023
2024_01_LV_LAC,2024,1,1,0.582992641047,0.577737106346,0.567538799729,2023
2024_01_DEN_SEA,2024,1,1,0.705033164261,0.705109425999,0.717975018076,2023
2024_01_DAL_CLE,2024,1,0,0.542743538767,0.559122726201,0.505664271865,2023
2024_01_WAS_TB,2024,1,1,0.636904181694,0.597889230522,0.582004665899,2023
2024_01_LA_DET,2024,1,1,0.663648124191,0.66193064216,0.649177600809,2023
2024_01_NYJ_SF,2024,1,1,0.616438356164,0.551604175021,0.623567959864,2023
2024_02_BUF_MIA,2024,2,0,0.551441114717,0.555050624518,0.52385382142,2023
2024_02_LV_BAL,2024,2,0,0.78674351585,0.773906471553,0.782947699605,2023
2024_02_LAC_CAR,2024,2,0,0.336351875809,0.315973572585,0.343236971948,2023
2024_02_NO_DAL,2024,2,0,0.713551230261,0.711984510797,0.708859360274,2023
2024_02_TB_DET,2024,2,0,0.757188498403,0.765310275238,0.744878167028,2023
2024_02_IND_GB,2024,2,1,0.436507936508,0.366039324994,0.42504286895,2023
2024_02_CLE_JAX,2024,2,0,0.603756970942,0.584582459202,0.597629675421,2023
2024_02_SF_MIN,2024,2,1,0.342524773804,0.342200513919,0.304396880789,2023
2024_02_SEA_NE,2024,2,0,0.396243029058,0.382198211152,0.334914472454,2023
2024_02_NYJ_TEN,2024,2,0,0.383561643836,0.342344150477,0.375081150048,2023
2024_02_NYG_WAS,2024,2,1,0.532467532468,0.53320384639,0.546175698672,2023
2024_02_LA_ARI,2024,2,1,0.49567024593,0.506221120111,0.505431121744,2023
2024_02_PIT_DEN,2024,2,0,0.417007358953,0.392915804048,0.405819832094,2023
2024_02_CIN_KC,2024,2,1,0.713551230261,0.710534085832,0.673578384998,2023
2024_02_CHI_HOU,2024,2,1,0.690792883054,0.683207476869,0.695863522734,2023
2024_02_ATL_PHI,2024,2,0,0.695769952073,0.668012230447,0.705655438479,2023
2024_03_NE_NYJ,2024,3,1,0.709543568465,0.710624114973,0.695629414251,2023
2024_03_NYG_CLE,2024,3,0,0.700162074554,0.69399942799,0.660244947741,2023
2024_03_CHI_IND,2024,3,1,0.532467532468,0.521055583391,0.548014587582,2023
2024_03_HOU_MIN,2024,3,1,0.448558885283,0.420917173221,0.416245482812,2023
2024_03_PHI_NO,2024,3,0,0.563492063492,0.531073017995,0.480876766192,2023
2024_03_LAC_PIT,2024,3,1,0.57205963556,0.534181789453,0.558957477933,2023
2024_03_DEN_TB,2024,3,0,0.680555555556,0.657102565187,0.666358300505,2023
2024_03_GB_TEN,2024,3,0,0.593369754159,0.622791037998,0.562427431637,2023
2024_03_CAR_LV,2024,3,0,0.680555555556,0.641931741024,0.634514824043,2023
2024_03_MIA_SEA,2024,3,1,0.6447291788,0.633904572883,0.639866313494,2023
2024_03_DET_ARI,2024,3,0,0.42794036444,0.423851235409,0.42577011702,2023
2024_03_BAL_DAL,2024,3,0,0.478260869565,0.460415117653,0.459219370572,2023
2024_03_SF_LA,2024,3,1,0.309207116946,0.296634274718,0.299278483873,2023
2024_03_KC_ATL,2024,3,0,0.396243029058,0.380101979282,0.375573056447,2023
2024_03_JAX_BUF,2024,3,1,0.657475226196,0.614798270893,0.622202910441,2023
2024_03_WAS_CIN,2024,3,0,0.7477827051,0.734513730504,0.710253882236,2023
2024_04_DAL_NYG,2024,4,0,0.314606741573,0.299177625391,0.28535859703,2023
2024_04_NO_ATL,2024,4,1,0.563492063492,0.601333964353,0.57130583725,2023
2024_04_CIN_CAR,2024,4,0,0.3552708212,0.34479243388,0.311818937764,2023
2024_04_LA_CHI,2024,4,1,0.593369754159,0.598742962739,0.518911106696,2023
2024_04_MIN_GB,2024,4,0,0.551441114717,0.520779233419,0.55666649965,2023
2024_04_JAX_HOU,2024,4,1,0.675031246995,0.660228390603,0.63660679758,2023
2024_04_PIT_IND,2024,4,1,0.457256461233,0.450514202768,0.463506171188,2023
2024_04_DEN_NYJ,2024,4,0,0.776833156217,0.788296889678,0.760982424173,2023
2024_04_PHI_TB,2024,4,1,0.489165763814,0.466060867168,0.443956628013,2023
2024_04_WAS_ARI,2024,4,0,0.616438356164,0.589075971703,0.56929821303,2023
2024_04_NE_SF,2024,4,1,0.811866859624,0.797177812241,0.811575091167,2023
2024_04_KC_LAC,2024,4,0,0.255930984903,0.231676165247,0.219069518654,2023
2024_04_CLE_LV,2024,4,1,0.448558885283,0.408448991919,0.433904178274,2023
2024_04_BUF_BAL,2024,4,1,0.551441114717,0.537788776038,0.545151441359,2023
2024_04_TEN_MIA,2024,4,0,0.551441114717,0.512683873412,0.515742951517,2023
2024_04_SEA_DET,2024,4,1,0.622466551861,0.619508579087,0.598448566114,2023
2024_05_TB_ATL,2024,5,1,0.563492063492,0.58053026379,0.545107879236,2023
2024_05_NYJ_MIN,2024,5,1,0.563492063492,0.515267047669,0.541336650664,2023
2024_05_CAR_CHI,2024,5,1,0.636904181694,0.6019155497,0.577004247375,2023
2024_05_BAL_CIN,2024,5,0,0.42794036444,0.422367390302,0.436887004035,2023
2024_05_BUF_HOU,2024,5,1,0.517364125716,0.531247334452,0.502285853345,2023
2024_05_IND_JAX,2024,5,1,0.622466551861,0.632466338138,0.616273404215,2023
2024_05_MIA_NE,2024,5,0,0.457256461233,0.450066538847,0.424955742659,2023
2024_05_CLE_WAS,2024,5,1,0.582992641047,0.569412146615,0.620473798081,2023
2024_05_LV_DEN,2024,5,1,0.582992641047,0.589159671507,0.547654403782,2023
2024_05_ARI_SF,2024,5,0,0.733542319749,0.716029756575,0.686964564064,2023
2024_05_GB_LA,2024,5,0,0.417007358953,0.388500421341,0.410422938568,2023
2024_05_NYG_SEA,2024,5,0,0.725752508361,0.71035527333,0.716203995963,2023
2024_05_DAL_PIT,2024,5,0,0.551441114717,0.539324063063,0.49599313674,2023
2024_05_NO_KC,2024,5,1,0.669007021063,0.664042867946,0.659553071627,2023
2024_06_SF_SEA,2024,6,0,0.363095818306,0.343553335638,0.351107228355,2023
2024_06_JAX_CHI,2024,6,1,0.478260869565,0.435023180941,0.402334738931,2023
2024_06_WAS_BAL,2024,6,1,0.709543568465,0.690250139384,0.665499214066,2023
2024_06_ARI_GB,2024,6,1,0.675031246995,0.657086676027,0.628332483413,2023
2024_06_HOU_NE,2024,6,0,0.304230047927,0.278702349477,0.273012434384,2023
2024_06_TB_NO,2024,6,0,0.390763765542,0.358906276038,0.347933140986,2023
2024_06_CLE_PHI,2024,6,1,0.776833156217,0.765503434926,0.826110879122,2023
2024_06_IND_TEN,2024,6,0,0.551441114717,0.547775687004,0.573648522206,2023
2024_06_LAC_DEN,2024,6,0,0.417007358953,0.37353444766,0.454608568652,2023
2024_06_PIT_LV,2024,6,0,0.383561643836,0.366954165617,0.367456794934,2023
2024_06_ATL_CAR,2024,6,0,0.309207116946,0.284684696886,0.293448492673,2023
2024_06_DET_DAL,2024,6,0,0.383561643836,0.348434153491,0.423865867974,2023
2024_06_CIN_NYG,2024,6,0,0.330992978937,0.2985160837,0.277095074009,2023
2024_06_BUF_NYJ,2024,6,0,0.473913414738,0.478011721739,0.431484475286,2023
2024_07_DEN_NO,2024,7,0,0.42794036444,0.394745915412,0.413774549274,2023
2024_07_NE_JAX,2024,7,1,0.717970521542,0.712511973738,0.730420372316,2023
2024_07_SEA_ATL,2024,7,0,0.593369754159,0.593904844818,0.560461126821,2023
2024_07_TEN_BUF,2024,7,1,0.808157099698,0.799633459993,0.824178720313,2023
2024_07_CIN_CLE,2024,7,0,0.330992978937,0.316688634271,0.272842210159,2023
2024_07_HOU_GB,2024,7,1,0.603756970942,0.58007140257,0.583761373771,2023
2024_07_MIA_IND,2024,7,1,0.582992641047,0.557740300494,0.626598924597,2023
2024_07_DET_MIN,2024,7,0,0.517364125716,0.506018096619,0.471107072587,2023
2024_07_PHI_NYG,2024,7,0,0.400361228176,0.378772399031,0.404131184617,2023
2024_07_LV_LA,2024,7,1,0.7477827051,0.745735073282,0.787202885463,2023
2024_07_CAR_WAS,2024,7,1,0.808157099698,0.799259276362,0.803660121586,2023
2024_07_KC_SF,2024,7,0,0.563492063492,0.552096981418,0.605279548553,2023
2024_07_NYJ_PIT,2024,7,1,0.400361228176,0.324802930076,0.373963786612,2023
2024_07_BAL_TB,2024,7,0,0.336351875809,0.309583231862,0.305032424995,2023
2024_07_LAC_ARI,2024,7,1,0.473913414738,0.463869688844,0.563254190229,2023
2024_08_MIN_LA,2024,8,1,0.417007358953,0.39913817444,0.425919883525,2023
2024_08_PHI_CIN,2024,8,0,0.57205963556,0.554089033516,0.603771087297,2023
2024_08_BAL_CLE,2024,8,1,0.24,0.223209621495,0.203264908715,2023
2024_08_TEN_DET,2024,8,1,0.852459016393,0.848682586431,0.836243363638,2023
2024_08_IND_HOU,2024,8,1,0.663648124191,0.654924835825,0.637831727174,2023
2024_08_GB_JAX,2024,8,0,0.369059656218,0.350261359892,0.373584188298,2023
2024_08_ARI_MIA,2024,8,0,0.636904181694,0.638731539544,0.616175761349,2023
2024_08_NYJ_NE,2024,8,1,0.277920741122,0.256776287791,0.268131409055,2023
2024_08_ATL_TB,2024,8,0,0.473913414738,0.428149471893,0.444509686796,2023
2024_08_NO_LAC,2024,8,1,0.725752508361,0.734429988779,0.73432250785,2023
2024_08_BUF_SEA,2024,8,0,0.396243029058,0.372639760861,0.392867970884,2023
2024_08_CAR_DEN,2024,8,1,0.846501128668,0.843884300216,0.802244895536,2023
2024_08_KC_LV,2024,8,0,0.218093699515,0.202013622899,0.23179205363,2023
2024_08_CHI_WAS,2024,8,1,0.526086585262,0.497426568086,0.600117008153,2023
2024_08_DAL_SF,2024,8,1,0.675031246995,0.665926670788,0.683753572585,2023
2024_08_NYG_PIT,2024,8,1,0.700162074554,0.670485995999,0.658215450613,2023
2024_09_HOU_NYJ,2024,9,1,0.57205963556,0.582208111542,0.541026706212,2023
2024_09_DAL_ATL,2024,9,1,0.599638771824,0.592134082578,0.611514625565,2023
2024_09_DEN_BAL,2024,9,1,0.777960526316,0.769554889753,0.792304292168,2023
2024_09_MIA_BUF,2024,9,1,0.709543568465,0.66956455134,0.72251131829,2023
2024_09_NO_CAR,2024,9,1,0.255930984903,0.224841215925,0.264393972935,2023
2024_09_LV_CIN,2024,9,1,0.771505376344,0.767519071248,0.784880773154,2023
2024_09_LAC_CLE,2024,9,0,0.457256461233,0.440139079909,0.48889502004,2023
2024_09_WAS_NYG,2024,9,0,0.342524773804,0.321629670419,0.304031883542,2023
2024_09_NE_TEN,2024,9,1,0.593369754159,0.578293276834,0.619455654519,2023
2024_09_CHI_ARI,2024,9,1,0.521739130435,0.511216292967,0.599215161047,2023
2024_09_JAX_PHI,2024,9,1,0.740871613663,0.740200603775,0.741781838468,2023
2024_09_DET_GB,2024,9,0,0.417007358953,0.397685244012,0.448195097956,2023
2024_09_LA_SEA,2024,9,0,0.467532467532,0.440126741575,0.492297132209,2023
2024_09_IND_MIN,2024,9,1,0.717970521542,0.711600061596,0.717609980441,2023
2024_09_TB_KC,2024,9,1,0.776833156217,0.777879200328,0.773606391804,2023
2024_10_CIN_BAL,2024,10,1,0.700162074554,0.671042831263,0.668532084603,2023
2024_10_NYG_CAR,2024,10,1,0.282029478458,0.248713856703,0.276563880796,2023
2024_10_NE_CHI,2024,10,0,0.733542319749,0.723746762303,0.729786336702,2023
2024_10_BUF_IND,2024,10,0,0.330992978937,0.333581495878,0.309843328372,2023
2024_10_MIN_JAX,2024,10,0,0.253416856492,0.219658884665,0.306607361988,2023
2024_10_DEN_KC,2024,10,1,0.76,0.74826651868,0.778695669254,2023
2024_10_ATL_NO,2024,10,1,0.369059656218,0.351876825175,0.329477858158,2023
2024_10_SF_TB,2024,10,0,0.282029478458,0.252325008242,0.301155527261,2023
2024_10_PIT_WAS,2024,10,0,0.526086585262,0.497947985267,0.587741968299,2023
2024_10_TEN_LAC,2024,10,1,0.76,0.763758501445,0.712800769976,2023
2024_10_NYJ_ARI,2024,10,1,0.457256461233,0.410163781625,0.473274420673,2023
2024_10_PHI_DAL,2024,10,0,0.249187432286,0.208978007096,0.237869114351,2023
2024_10_DET_HOU,2024,10,0,0.330992978937,0.318763091255,0.354535400926,2023
2024_10_MIA_LA,2024,10,0,0.563492063492,0.531285734608,0.545444655023,2023
2024_11_WAS_PHI,2024,11,1,0.669007021063,0.674865083993,0.655962403437,2023
2024_11_GB_CHI,2024,11,0,0.304230047927,0.288623858653,0.264260417932,2023
2024_11_JAX_DET,2024,11,1,0.872093023256,0.873178755598,0.859193385927,2023
2024_11_LV_MIA,2024,11,1,0.776833156217,0.780013173452,0.765480698826,2023
2024_11_LA_NE,2024,11,0,0.363095818306,0.345321128563,0.361942330541,2023
2024_11_CLE_NO,2024,11,1,0.489165763814,0.465742574553,0.50749827972,2023
2024_11_IND_NYJ,2024,11,0,0.6447291788,0.64084656662,0.622470287661,2023
2024_11_BAL_PIT,2024,11,1,0.390763765542,0.373516961269,0.367792277656,2023
2024_11_MIN_TEN,2024,11,0,0.286448769739,0.27919204709,0.296531769127,2023
2024_11_ATL_DEN,2024,11,1,0.551441114717,0.532867290875,0.499691288778,2023
2024_11_SEA_SF,2024,11,0,0.695769952073,0.67125789821,0.667621226275,2023
2024_11_KC_BUF,2024,11,1,0.563492063492,0.539485064205,0.578338728839,2023
2024_11_CIN_LAC,2024,11,1,0.5,0.489936640881,0.454703655771,2023
2024_11_HOU_DAL,2024,11,0,0.249187432286,0.208195539405,0.271796249678,2023
2024_12_PIT_CLE,2024,12,1,0.3552708212,0.355673680837,0.345967287055,2023
2024_12_KC_CAR,2024,12,0,0.16,0.148643798558,0.160938398527,2023
2024_12_MIN_CHI,2024,12,0,0.390763765542,0.396840105826,0.3810874871,2023
2024_12_TEN_HOU,2024,12,0,0.757188498403,0.746489529259,0.752308647566,2023
2024_12_DET_IND,2024,12,0,0.242811501597,0.239158037024,0.260533275356,2023
2024_12_NE_MIA,2024,12,1,0.750812567714,0.738251680339,0.760533838124,2023
2024_12_TB_NYG,2024,12,0,0.282029478458,0.262224406758,0.256705333428,2023
2024_12_DAL_WAS,2024,12,0,0.827123695976,0.829097275784,0.836612870506,2023
2024_12_DEN_LV,2024,12,0,0.294966835739,0.276140766451,0.317569688294,2023
2024_12_SF_GB,2024,12,1,0.713551230261,0.739595554799,0.694205443846,2023
2024_12_ARI_SEA,2024,12,1,0.489165763814,0.472137172848,0.453014438285,2023
2024_12_PHI_LA,2024,12,0,0.396243029058,0.378078940031,0.381955934682,2023
2024_12_BAL_LAC,2024,12,0,0.400361228176,0.400759069364,0.372426991335,2023
2024_13_CHI_DET,2024,13,1,0.804292929293,0.782374932255,0.78364140125,2023
2024_13_NYG_DAL,2024,13,1,0.661450015969,0.629643752216,0.644199014595,2023
2024_13_MIA_GB,2024,13,1,0.609236234458,0.591575254676,0.591653874562,2023
2024_13_LV_KC,2024,13,1,0.852459016393,0.85152954307,0.840325109827,2023
2024_13_LAC_ATL,2024,13,0,0.482635874284,0.462026672538,0.494152634559,2023
2024_13_PIT_CIN,2024,13,0,0.582992641047,0.572140713327,0.608918965981,2023
2024_13_HOU_JAX,2024,13,0,0.369059656218,0.344219487428,0.412876123097,2023
2024_13_ARI_MIN,2024,13,1,0.622466551861,0.584997683149,0.552220036339,2023
2024_13_IND_NE,2024,13,0,0.448558885283,0.420930722149,0.422281503816,2023
2024_13_SEA_NYJ,2024,13,0,0.510834236186,0.492281239206,0.475836488903,2023
2024_13_TEN_WAS,2024,13,1,0.685393258427,0.662628201576,0.705357965842,2023
2024_13_TB_CAR,2024,13,0,0.286448769739,0.280537251197,0.278953785731,2023
2024_13_LA_NO,2024,13,0,0.436507936508,0.419161568416,0.392929244175,2023
2024_13_PHI_BAL,2024,13,0,0.593369754159,0.580317931998,0.61472286583,2023
2024_13_SF_BUF,2024,13,1,0.740871613663,0.725259518287,0.712118101807,2023
2024_13_CLE_DEN,2024,13,1,0.713551230261,0.689152894821,0.711080754683,2023
2024_14_GB_DET,2024,14,1,0.603756970942,0.581854412714,0.561002384678,2023
2024_14_NYJ_MIA,2024,14,1,0.717970521542,0.693130744051,0.702421058126,2023
2024_14_ATL_MIN,2024,14,1,0.685393258427,0.659387272035,0.633973894525,2023
2024_14_NO_NYG,2024,14,0,0.319444444444,0.275754971236,0.312152717022,2023
2024_14_CAR_PHI,2024,14,1,0.867716535433,0.864014977239,0.84356951253,2023
2024_14_CLE_PIT,2024,14,1,0.690792883054,0.658349810219,0.660374531097,2023
2024_14_LV_TB,2024,14,1,0.733542319749,0.713699442262,0.723069858951,2023
2024_14_JAX_TEN,2024,14,0,0.603756970942,0.608177745654,0.55799649287,2023
2024_14_SEA_ARI,2024,14,0,0.609236234458,0.594331938341,0.602843555457,2023
2024_14_BUF_LA,2024,14,1,0.369059656218,0.352344417548,0.364685464289,2023
2024_14_CHI_SF,2024,14,1,0.593369754159,0.556651727545,0.589785507962,2023
2024_14_LAC_KC,2024,14,1,0.675031246995,0.650196381456,0.672419602263,2023
2024_14_CIN_DAL,2024,14,0,0.330992978937,0.293542347965,0.294277540674,2023
2024_15_LA_SF,2024,15,0,0.582992641047,0.569179854529,0.553606993098,2023
2024_15_DAL_CAR,2024,15,0,0.563492063492,0.564294849881,0.550229946042,2023
2024_15_KC_CLE,2024,15,0,0.330992978937,0.336621684117,0.303314648061,2023
2024_15_MIA_HOU,2024,15,1,0.582992641047,0.583082631599,0.548069965791,2023
2024_15_NYJ_JAX,2024,15,0,0.390763765542,0.351291752108,0.394142592679,2023
2024_15_WAS_NO,2024,15,0,0.242811501597,0.213980019653,0.205583342621,2023
2024_15_BAL_NYG,2024,15,0,0.0875576036866,0.0695859258165,0.0777424907245,2023
2024_15_CIN_TEN,2024,15,0,0.314606741573,0.306842126894,0.277566615801,2023
2024_15_NE_ARI,2024,15,1,0.690792883054,0.680980969464,0.691808013551,2023
2024_15_IND_DEN,2024,15,1,0.675031246995,0.649126382328,0.634281272759,2023
2024_15_BUF_DET,2024,15,0,0.542743538767,0.50607288776,0.507718302332,2023
2024_15_TB_LAC,2024,15,0,0.593369754159,0.595508681001,0.545658002695,2023
2024_15_PIT_PHI,2024,15,1,0.695769952073,0.679775480142,0.692385975766,2023
2024_15_GB_SEA,2024,15,0,0.406630245841,0.39327663885,0.383810007193,2023
2024_15_CHI_MIN,2024,15,1,0.733542319749,0.708290494416,0.699537138763,2023
2024_15_ATL_LV,2024,15,0,0.255930984903,0.224900952326,0.226693698317,2023
2024_16_DEN_LAC,2024,16,1,0.57205963556,0.58691031935,0.55944365403,2023
2024_16_HOU_KC,2024,16,1,0.616438356164,0.58206048373,0.596602857188,2023
2024_16_PIT_BAL,2024,16,1,0.744069015097,0.738206456208,0.750123579538,2023
2024_16_NYG_ATL,2024,16,1,0.811866859624,0.814412082392,0.797262506338,2023
2024_16_ARI_CAR,2024,16,1,0.319444444444,0.309101219997,0.300565388052,2023
2024_16_DET_CHI,2024,16,0,0.259128386337,0.263281184265,0.244927409808,2023
2024_16_CLE_CIN,2024,16,1,0.817258883249,0.809299877739,0.82541008785,2023
2024_16_TEN_IND,2024,16,1,0.636904181694,0.626274211929,0.603771072744,2023
2024_16_LA_NYJ,2024,16,0,0.406630245841,0.400095335762,0.377364559655,2023
2024_16_PHI_WAS,2024,16,1,0.342524773804,0.319696335618,0.341498768587,2023
2024_16_MIN_SEA,2024,16,0,0.42794036444,0.418599303042,0.432799890005,2023
2024_16_NE_BUF,2024,16,1,0.88,0.880429756342,0.869415120427,2023
2024_16_JAX_LV,2024,16,1,0.542743538767,0.536684925558,0.481849099074,2023
2024_16_SF_MIA,2024,16,1,0.467532467532,0.424165891712,0.43984984718,2023
2024_16_TB_DAL,2024,16,1,0.342524773804,0.321359205089,0.329164581647,2023
2024_16_NO_GB,2024,16,1,0.867716535433,0.866923107798,0.861701381751,2023
2024_17_KC_PIT,2024,17,0,0.406630245841,0.390089230732,0.374230219466,2023
2024_17_BAL_HOU,2024,17,0,0.319444444444,0.308066664358,0.285057062642,2023
2024_17_SEA_CHI,2024,17,0,0.369059656218,0.350305864996,0.34341838529,2023
2024_17_LAC_NE,2024,17,0,0.277920741122,0.244271406505,0.271466823516,2023
2024_17_DEN_CIN,2024,17,1,0.609236234458,0.592441004633,0.627885089625,2023
2024_17_ARI_LA,2024,17,1,0.740871613663,0.739340214106,0.709939807457,2023
2024_17_NYJ_BUF,2024,17,1,0.804292929293,0.792354576558,0.786814617135,2023
2024_17_TEN_JAX,2024,17,1,0.50432975407,0.487587669487,0.498511795253,2023
2024_17_LV_NO,2024,17,0,0.467532467532,0.423830774494,0.447476852146,2023
2024_17_IND_NYG,2024,17,1,0.228494623656,0.191812107661,0.219764067379,2023
2024_17_DAL_PHI,2024,17,1,0.733542319749,0.713316464381,0.704313811271,2023
2024_17_CAR_TB,2024,17,1,0.8,0.785605231892,0.768897740581,2023
2024_17_MIA_CLE,2024,17,0,0.396243029058,0.394745466835,0.36169427581,2023
2024_17_GB_MIN,2024,17,1,0.49567024593,0.481101917625,0.454133758061,2023
2024_17_ATL_WAS,2024,17,1,0.630940343782,0.585906797081,0.623996970638,2023
2024_17_DET_SF,2024,17,0,0.330992978937,0.337475828462,0.325179286816,2023
2024_18_CLE_BAL,2024,18,1,0.925816023739,0.928986688731,0.924019204938,2023
2024_18_CIN_PIT,2024,18,0,0.42794036444,0.40307786637,0.371804914808,2023
2024_18_CAR_ATL,2024,18,0,0.76,0.755491659874,0.724114457905,2023
2024_18_WAS_DAL,2024,18,0,0.274247491639,0.239447532501,0.250415242682,2023
2024_18_CHI_GB,2024,18,0,0.771505376344,0.745182620582,0.751622745545,2023
2024_18_JAX_IND,2024,18,1,0.616438356164,0.613464172715,0.56971364222,2023
2024_18_BUF_NE,2024,18,1,0.400361228176,0.426971218207,0.385271561165,2023
2024_18_NYG_PHI,2024,18,1,0.582992641047,0.512960750718,0.543445824625,2023
2024_18_NO_TB,2024,18,1,0.876177658143,0.876020403893,0.86817313144,2023
2024_18_HOU_TEN,2024,18,0,0.563492063492,0.570232871233,0.555682803277,2023
2024_18_SF_ARI,2024,18,1,0.630940343782,0.633264822184,0.615444503257,2023
2024_18_KC_DEN,2024,18,1,0.795775877116,0.841523450563,0.772068840913,2023
2024_18_SEA_LA,2024,18,0,0.249187432286,0.187221172631,0.234715317918,2023
2024_18_LAC_LV,2024,18,0,0.255930984903,0.236522753484,0.241210434906,2023
2024_18_MIA_NYJ,2024,18,1,0.526086585262,0.54215194273,0.511237035928,2023
2024_18_MIN_DET,2024,18,1,0.57205963556,0.54041751879,0.567468135132,2023
2025_01_DAL_PHI,2025,1,1,0.776833156217,0.778097766365,0.760266053374,2024
2025_01_KC_LAC,2025,1,1,0.390763765542,0.345457913733,0.377065468293,2024
2025_01_TB_ATL,2025,1,0,0.489165763814,0.485723646164,0.47331553592,2024
2025_01_CIN_CLE,2025,1,0,0.324968753005,0.298027714172,0.280934212173,2024
2025_01_MIA_IND,2025,1,1,0.50432975407,0.491569098841,0.481698060208,2024
2025_01_CAR_JAX,2025,1,1,0.6447291788,0.645714696623,0.609965024442,2024
2025_01_LV_NE,2025,1,0,0.582992641047,0.574987398749,0.580044803363,2024
2025_01_ARI_NO,2025,1,0,0.299837925446,0.267955068029,0.276594637017,2024
2025_01_PIT_NYJ,2025,1,0,0.417007358953,0.384935762884,0.419020944609,2024
2025_01_NYG_WAS,2025,1,1,0.717970521542,0.713748749854,0.71266112538,2024
2025_01_TEN_DEN,2025,1,1,0.78674351585,0.789310722164,0.766200402378,2024
2025_01_SF_SEA,2025,1,0,0.448558885283,0.408152487267,0.401156777454,2024
2025_01_DET_GB,2025,1,1,0.521739130435,0.513935871149,0.476781769614,2024
2025_01_HOU_LA,2025,1,1,0.599638771824,0.577412019947,0.610771488619,2024
2025_01_BAL_BUF,2025,1,1,0.457256461233,0.428706019746,0.44881664926,2024
2025_01_MIN_CHI,2025,1,0,0.49567024593,0.501479025043,0.493768411596,2024
2025_02_WAS_GB,2025,2,1,0.622466551861,0.611523465979,0.597563274265,2024
2025_02_CLE_BAL,2025,2,1,0.86301369863,0.870616140733,0.872726111836,2024
2025_02_JAX_CIN,2025,2,1,0.630940343782,0.607880075431,0.614206803371,2024
2025_02_NYG_DAL,2025,2,1,0.675031246995,0.668276775382,0.671881545569,2024
2025_02_CHI_DET,2025,2,1,0.700162074554,0.677959597261,0.700771850934,2024
2025_02_NE_MIA,2025,2,0,0.532467532468,0.495995734727,0.5204669,2024
2025_02_SF_NO,2025,2,0,0.400361228176,0.387542784101,0.366962286315,2024
2025_02_BUF_NYJ,2025,2,0,0.286448769739,0.253484321328,0.271557482233,2024
2025_02_SEA_PIT,2025,2,0,0.630940343782,0.633877023198,0.634085581634,2024
2025_02_LA_TEN,2025,2,0,0.314606741573,0.290617336231,0.285614947026,2024
2025_02_CAR_ARI,2025,2,1,0.725752508361,0.723030117716,0.689981920713,2024
2025_02_DEN_IND,2025,2,1,0.457256461233,0.440631791744,0.459704423108,2024
2025_02_PHI_KC,2025,2,0,0.473913414738,0.463656136641,0.465171923191,2024
2025_02_ATL_MIN,2025,2,0,0.616438356164,0.601392304727,0.584260571946,2024
2025_02_TB_HOU,2025,2,0,0.551441114717,0.562737215505,0.514271186822,2024
2025_02_LAC_LV,2025,2,0,0.363095818306,0.341682923345,0.318703919293,2024
2025_03_MIA_BUF,2025,3,1,0.852459016393,0.864354049358,0.843845993037,2024
2025_03_ATL_CAR,2025,3,1,0.336351875809,0.311289646353,0.352679268718,2024
2025_03_GB_CLE,2025,3,1,0.208638360176,0.183344018552,0.187193649361,2024
2025_03_HOU_JAX,2025,3,1,0.532467532468,0.509108365823,0.539601189951,2024
2025_03_CIN_MIN,2025,3,1,0.593369754159,0.604854973582,0.547178705829,2024
2025_03_PIT_NE,2025,3,0,0.478260869565,0.46095744458,0.46593887582,2024
2025_03_LA_PHI,2025,3,1,0.636904181694,0.621183013873,0.616568985653,2024
2025_03_NYJ_TB,2025,3,1,0.744069015097,0.741282627649,0.704543910381,2024
2025_03_IND_TEN,2025,3,0,0.319444444444,0.289792445548,0.293995572954,2024
2025_03_LV_WAS,2025,3,1,0.582992641047,0.557469403665,0.586514262395,2024
2025_03_DEN_LAC,2025,3,1,0.582992641047,0.575948599177,0.576753901945,2024
2025_03_NO_SEA,2025,3,1,0.757188498403,0.75552563052,0.732416487438,2024
2025_03_DAL_CHI,2025,3,1,0.467532467532,0.454945799886,0.441036599125,2024
2025_03_ARI_SF,2025,3,1,0.532467532468,0.513928218498,0.519479259563,2024
2025_03_KC_NYG,2025,3,0,0.266457680251,0.23086993859,0.245614409213,2024
2025_03_DET_BAL,2025,3,0,0.680555555556,0.686530215216,0.650757237514,2024
2025_04_SEA_ARI,2025,4,0,0.467532467532,0.443904905451,0.471459318203,2024
2025_04_MIN_PIT,2025,4,1,0.42794036444,0.405280667612,0.446605017818,2024
2025_04_WAS_ATL,2025,4,1,0.563492063492,0.57640738482,0.521613619329,2024
2025_04_NO_BUF,2025,4,1,0.893382352941,0.904233447334,0.897623198434,2024
2025_04_CLE_DET,2025,4,1,0.811866859624,0.809557760341,0.833458740068,2024
2025_04_TEN_HOU,2025,4,1,0.781906300485,0.796475480626,0.744946805448,2024
2025_04_CAR_NE,2025,4,1,0.695769952073,0.707003809023,0.681850895048,2024
2025_04_LAC_NYG,2025,4,1,0.290456431535,0.269735828036,0.282114669176,2024
2025_04_PHI_TB,2025,4,0,0.377533448139,0.341853848255,0.355986360142,2024
2025_04_IND_LA,2025,4,1,0.622466551861,0.623292398666,0.596696533432,2024
2025_04_JAX_SF,2025,4,0,0.616438356164,0.599323847538,0.606975729063,2024
2025_04_BAL_KC,2025,4,1,0.42794036444,0.411343580991,0.399885391838,2024
2025_04_CHI_LV,2025,4,0,0.532467532468,0.51430174642,0.488123061272,2024
2025_04_GB_DAL,2025,4,0,0.255930984903,0.225136047154,0.270541961232,2024
2025_04_NYJ_MIA,2025,4,1,0.57205963556,0.561355630471,0.558417696294,2024
2025_04_CIN_DEN,2025,4,1,0.791361639824,0.810345404818,0.770405244355,2024
2025_05_SF_LA,2025,5,0,0.781906300485,0.793292952888,0.767814411394,2024
2025_05_MIN_CLE,2025,5,0,0.363095818306,0.346696448315,0.340568675291,2024
2025_05_HOU_BAL,2025,5,0,0.42794036444,0.361498224179,0.4680162469,2024
2025_05_MIA_CAR,2025,5,1,0.478260869565,0.459537783895,0.440996845444,2024
2025_05_LV_IND,2025,5,1,0.750812567714,0.75329512339,0.754163567276,2024
2025_05_NYG_NO,2025,5,1,0.521739130435,0.495619914381,0.500351299863,2024
2025_05_DAL_NYJ,2025,5,0,0.510834236186,0.487767559582,0.483148393846,2024
2025_05_DEN_PHI,2025,5,0,0.657475226196,0.651918248731,0.646420699212,2024
2025_05_TEN_ARI,2025,5,0,0.776833156217,0.773805500848,0.763657016509,2024
2025_05_TB_SEA,2025,5,0,0.616438356164,0.608205987642,0.588137653345,2024
2025_05_DET_CIN,2025,5,0,0.182741116751,0.15235564653,0.165620629171,2024
2025_05_WAS_LAC,2025,5,0,0.582992641047,0.572214450178,0.545133391996,2024
2025_05_NE_BUF,2025,5,0,0.765902104516,0.768569775287,0.765239970003,2024
2025_05_KC_JAX,2025,5,1,0.363095818306,0.329765053362,0.328731578847,2024
2025_06_PHI_NYG,2025,6,1,0.234097895484,0.208664953584,0.222329181008,2024
2025_06_DEN_NYJ,2025,6,0,0.234097895484,0.197829881553,0.253533341427,2024
2025_06_LA_BAL,2025,6,0,0.2522172949,0.202656780583,0.254972916795,2024
2025_06_DAL_CAR,2025,6,1,0.390763765542,0.36111070336,0.352753369159,2024
2025_06_ARI_IND,2025,6,1,0.791361639824,0.803028852991,0.782192908762,2024
2025_06_SEA_JAX,2025,6,0,0.489165763814,0.481772086794,0.473271037989,2024
2025_06_LAC_MIA,2025,6,0,0.3552708212,0.319938095796,0.36804999777,2024
2025_06_NE_NO,2025,6,0,0.369059656218,0.336726043233,0.33780452859,2024
2025_06_CLE_PIT,2025,6,1,0.705033164261,0.688710958984,0.738468196619,2024
2025_06_TEN_LV,2025,6,1,0.622466551861,0.606697461013,0.596526360751,2024
2025_06_CIN_GB,2025,6,1,0.872093023256,0.887920581529,0.872947585835,2024
2025_06_SF_TB,2025,6,1,0.630940343782,0.626169514282,0.612713069988,2024
2025_06_DET_KC,2025,6,1,0.563492063492,0.568755446152,0.547845843107,2024
2025_06_BUF_ATL,2025,6,1,0.3552708212,0.331522357021,0.333377581892,2024
2025_06_CHI_WAS,2025,6,0,0.690792883054,0.678009932796,0.702937335633,2024
2025_07_PIT_CIN,2025,7,1,0.319444444444,0.279019371487,0.331127834975,2024
2025_07_LA_JAX,2025,7,0,0.400361228176,0.37759842672,0.386004931003,2024
2025_07_NO_CHI,2025,7,1,0.663648124191,0.658571321109,0.678311639241,2024
2025_07_MIA_CLE,2025,7,1,0.57205963556,0.577938180771,0.494728395177,2024
2025_07_LV_KC,2025,7,1,0.867716535433,0.883197587511,0.876134480502,2024
2025_07_PHI_MIN,2025,7,0,0.42794036444,0.396359812495,0.408632685795,2024
2025_07_CAR_NYJ,2025,7,0,0.50432975407,0.48831680606,0.488365024056,2024
2025_07_NE_TEN,2025,7,0,0.286448769739,0.254721085015,0.259037225575,2024
2025_07_NYG_DEN,2025,7,1,0.776833156217,0.781318437131,0.751665953352,2024
2025_07_IND_LAC,2025,7,0,0.551441114717,0.550462808913,0.526724606074,2024
2025_07_GB_ARI,2025,7,0,0.234097895484,0.200163621014,0.234757038511,2024
2025_07_WAS_DAL,2025,7,1,0.532467532468,0.537497245816,0.539297051294,2024
2025_07_ATL_SF,2025,7,1,0.510834236186,0.48636883348,0.531775813861,2024
2025_07_TB_DET,2025,7,1,0.705033164261,0.699342190547,0.700489464024,2024
2025_07_HOU_SEA,2025,7,1,0.599638771824,0.580885000933,0.631161869148,2024
2025_08_MIN_LAC,2025,8,1,0.603756970942,0.599527742774,0.638082210317,2024
2025_08_MIA_ATL,2025,8,0,0.7477827051,0.752580649118,0.724362140191,2024
2025_08_CHI_BAL,2025,8,1,0.57205963556,0.553337011789,0.570792813864,2024
2025_08_BUF_CAR,2025,8,0,0.234097895484,0.1969721404,0.228815944616,2024
2025_08_NYJ_CIN,2025,8,0,0.690792883054,0.68711174618,0.678546645893,2024
2025_08_SF_HOU,2025,8,1,0.582992641047,0.584565235461,0.536530535249,2024
2025_08_CLE_NE,2025,8,1,0.76,0.760536475091,0.775931321392,2024
2025_08_NYG_PHI,2025,8,1,0.76,0.757927571399,0.743140039204,2024
2025_08_TB_NO,2025,8,0,0.342524773804,0.319310785946,0.31938141943,2024
2025_08_DAL_DEN,2025,8,1,0.630940343782,0.621195499632,0.565913288418,2024
2025_08_TEN_IND,2025,8,1,0.908256880734,0.920286525735,0.908895576653,2024
2025_08_GB_PIT,2025,8,0,0.417007358953,0.397226909443,0.402563963935,2024
2025_08_WAS_KC,2025,8,1,0.84,0.857979608185,0.826566887919,2024
2025_09_BAL_MIA,2025,9,0,0.21325648415,0.172176854194,0.211574476742,2024
2025_09_CHI_CIN,2025,9,0,0.406630245841,0.365795497525,0.429160858083,2024
2025_09_MIN_DET,2025,9,0,0.811866859624,0.819547932726,0.817297911412,2024
2025_09_CAR_GB,2025,9,0,0.872093023256,0.883233974332,0.869845497126,2024
2025_09_DEN_HOU,2025,9,0,0.532467532468,0.521915888578,0.501141007471,2024
2025_09_ATL_NE,2025,9,1,0.685393258427,0.677290212371,0.688214235442,2024
2025_09_SF_NYG,2025,9,0,0.42794036444,0.414949183649,0.410374307974,2024
2025_09_IND_PIT,2025,9,1,0.377533448139,0.348381310718,0.378228620984,2024
2025_09_LAC_TEN,2025,9,0,0.16835016835,0.13903558081,0.154324509692,2024
2025_09_NO_LA,2025,9,1,0.886956521739,0.898475472918,0.890911426485,2024
2025_09_JAX_LV,2025,9,0,0.457256461233,0.440334792725,0.419902938618,2024
2025_09_KC_BUF,2025,9,1,0.448558885283,0.422574756468,0.455368485019,2024
2025_09_SEA_WAS,2025,9,0,0.42794036444,0.404057613166,0.462483518527,2024
2025_09_ARI_DAL,2025,9,0,0.609236234458,0.596541062941,0.641965096661,2024
2025_10_LV_DEN,2025,10,1,0.8,0.804623609153,0.7978105214,2024
2025_10_ATL_IND,2025,10,1,0.725752508361,0.724272743373,0.740359156893,2024
2025_10_NO_CAR,2025,10,0,0.680555555556,0.672826424136,0.689305481403,2024
2025_10_NYG_CHI,2025,10,1,0.657475226196,0.645298160869,0.653317583659,2024
2025_10_JAX_HOU,2025,10,1,0.489165763814,0.4577216444,0.422683783772,2024
2025_10_BUF_MIA,2025,10,1,0.21325648415,0.181168170546,0.20981905569,2024
2025_10_BAL_MIN,2025,10,0,0.330992978937,0.289406661268,0.285248831626,2024
2025_10_CLE_NYJ,2025,10,1,0.457256461233,0.416302713767,0.501403108202,2024
2025_10_NE_TB,2025,10,0,0.57205963556,0.554770945008,0.559955508601,2024
2025_10_ARI_SEA,2025,10,1,0.740871613663,0.736005898284,0.711736418116,2024
2025_10_LA_SF,2025,10,0,0.309207116946,0.273480101185,0.327857838491,2024
2025_10_DET_WAS,2025,10,0,0.21325648415,0.174985719012,0.223711570862,2024
2025_10_PIT_LAC,2025,10,1,0.593369754159,0.576790157387,0.580295619563,2024
2025_10_PHI_GB,2025,10,0,0.5,0.473141884809,0.487720159564,2024
2025_11_NYJ_NE,2025,11,1,0.867716535433,0.883952349115,0.856617027349,2024
2025_11_WAS_MIA,2025,11,1,0.57205963556,0.560821960464,0.537960567663,2024
2025_11_CAR_ATL,2025,11,0,0.657475226196,0.660494817834,0.639124841938,2024
2025_11_TB_BUF,2025,11,1,0.709543568465,0.707689758861,0.720712630928,2024
2025_11_LAC_JAX,2025,11,1,0.417007358953,0.401992595568,0.423276554766,2024
2025_11_CHI_MIN,2025,11,0,0.57205963556,0.556643674255,0.517762247394,2024
2025_11_GB_NYG,2025,11,0,0.218093699515,0.189019367358,0.22309128831,2024
2025_11_CIN_PIT,2025,11,1,0.685393258427,0.691462702028,0.64288445276,2024
2025_11_HOU_TEN,2025,11,0,0.304230047927,0.286256687006,0.321008759578,2024
2025_11_SF_ARI,2025,11,0,0.369059656218,0.337331714012,0.348981157551,2024
2025_11_SEA_LA,2025,11,1,0.609236234458,0.596395680034,0.604954382594,2024
2025_11_BAL_CLE,2025,11,0,0.218093699515,0.189448385307,0.176207196987,2024
2025_11_KC_DEN,2025,11,1,0.342524773804,0.309037279694,0.30738175136,2024
2025_11_DET_PHI,2025,11,1,0.582992641047,0.580735661909,0.549183900585,2024
2025_11_DAL_LV,2025,11,0,0.363095818306,0.33178628244,0.292417877972,2024
2025_12_BUF_HOU,2025,12,1,0.309207116946,0.276852043264,0.240120903863,2024
2025_12_NYJ_BAL,2025,12,1,0.876177658143,0.891364112187,0.859854041275,2024
2025_12_PIT_CHI,2025,12,1,0.582992641047,0.575220564406,0.565929039047,2024
2025_12_NE_CIN,2025,12,0,0.234097895484,0.194484824252,0.257610743553,2024
2025_12_NYG_DET,2025,12,1,0.876177658143,0.88889465502,0.867009989394,2024
2025_12_MIN_GB,2025,12,1,0.713551230261,0.703579811887,0.727596442641,2024
2025_12_IND_KC,2025,12,1,0.657475226196,0.65599364671,0.640126122622,2024
2025_12_SEA_TEN,2025,12,0,0.132283464567,0.105746536266,0.132385437014,2024
2025_12_JAX_ARI,2025,12,0,0.448558885283,0.424178640928,0.43823771986,2024
2025_12_CLE_LV,2025,12,0,0.593369754159,0.58173320677,0.593932439219,2024
2025_12_PHI_DAL,2025,12,1,0.406630245841,0.384417233952,0.431154358733,2024
2025_12_ATL_NO,2025,12,0,0.526086585262,0.509392497157,0.492111274721,2024
2025_12_TB_LA,2025,12,1,0.757188498403,0.760392091316,0.737066577455,2024
2025_12_CAR_SF,2025,12,1,0.765902104516,0.767223642067,0.757995449381,2024
2025_13_GB_DET,2025,13,0,0.582992641047,0.57098885812,0.567349322974,2024
2025_13_KC_DAL,2025,13,1,0.377533448139,0.351130527407,0.377980091029,2024
2025_13_CIN_BAL,2025,13,0,0.757188498403,0.761407798965,0.717186327139,2024
2025_13_CHI_PHI,2025,13,0,0.740871613663,0.742468700096,0.713683189406,2024
2025_13_LA_CAR,2025,13,1,0.182741116751,0.153497773349,0.194236116591,2024
2025_13_SF_CLE,2025,13,0,0.314606741573,0.291210173336,0.258263283253,2024
2025_13_HOU_IND,2025,13,0,0.603756970942,0.589060140812,0.635814416373,2024
2025_13_NO_MIA,2025,13,1,0.685393258427,0.667779621983,0.701258852411,2024
2025_13_ATL_NYJ,2025,13,1,0.400361228176,0.369517271912,0.407829808493,2024
2025_13_ARI_TB,2025,13,1,0.636904181694,0.627838212887,0.612518443854,2024
2025_13_JAX_TEN,2025,13,0,0.299837925446,0.276962257131,0.286317488411,2024
2025_13_MIN_SEA,2025,13,1,0.86301369863,0.875203150346,0.855697366438,2024
2025_13_LV_LAC,2025,13,1,0.822335025381,0.827585924007,0.824400645759,2024
2025_13_BUF_PIT,2025,13,0,0.400361228176,0.382129663432,0.364054842457,2024
2025_13_DEN_WAS,2025,13,0,0.274247491639,0.239058061045,0.302800410711,2024
2025_13_NYG_NE,2025,13,1,0.757188498403,0.754877201663,0.722630196046,2024
2025_14_DAL_DET,2025,14,1,0.630940343782,0.620296796374,0.592302216082,2024
2025_14_SEA_ATL,2025,14,0,0.2522172949,0.217779359656,0.257667360595,2024
2025_14_PIT_BAL,2025,14,0,0.700162074554,0.694882771237,0.681462589981,2024
2025_14_CIN_BUF,2025,14,1,0.709543568465,0.706044133142,0.684988545182,2024
2025_14_TEN_CLE,2025,14,0,0.6447291788,0.636408591707,0.588882235699,2024
2025_14_IND_JAX,2025,14,1,0.448558885283,0.428336350692,0.40577451449,2024
2025_14_WAS_MIN,2025,14,1,0.489165763814,0.467068982536,0.408299844994,2024
2025_14_MIA_NYJ,2025,14,0,0.42794036444,0.410930716342,0.417520820448,2024
2025_14_NO_TB,2025,14,0,0.776833156217,0.779952563124,0.776271426996,2024
2025_14_DEN_LV,2025,14,0,0.208638360176,0.179329825182,0.190896656671,2024
2025_14_LA_ARI,2025,14,0,0.2,0.16664375032,0.195352712001,2024
2025_14_CHI_GB,2025,14,1,0.722079258878,0.721422774971,0.711140262159,2024
2025_14_HOU_KC,2025,14,0,0.657475226196,0.645943213007,0.690310391356,2024
2025_14_PHI_LAC,2025,14,1,0.478260869565,0.452799506765,0.460660713642,2024
2025_15_ATL_TB,2025,15,0,0.705033164261,0.710935745489,0.686052293283,2024
2025_15_CLE_CHI,2025,15,1,0.757188498403,0.754397650073,0.782702290709,2024
2025_15_BAL_CIN,2025,15,0,0.406630245841,0.377468529122,0.415940617956,2024
2025_15_ARI_HOU,2025,15,1,0.827123695976,0.846551392314,0.784230226394,2024
2025_15_NYJ_JAX,2025,15,1,0.876177658143,0.89071109082,0.852321106232,2024
2025_15_LAC_KC,2025,15,0,0.690792883054,0.69299762298,0.695187971481,2024
2025_15_BUF_NE,2025,15,0,0.436507936508,0.41090674474,0.392784647054,2024
2025_15_WAS_NYG,2025,15,0,0.57205963556,0.569815957006,0.54374484748,2024
2025_15_LV_PHI,2025,15,1,0.872093023256,0.886264763457,0.868280784945,2024
2025_15_GB_DEN,2025,15,1,0.473913414738,0.456679495948,0.426879549345,2024
2025_15_DET_LA,2025,15,1,0.680555555556,0.680101326028,0.643251575985,2024
2025_15_CAR_NO,2025,15,1,0.42794036444,0.403280229882,0.373509498046,2024
2025_15_IND_SEA,2025,15,1,0.872093023256,0.889393332167,0.841981531751,2024
2025_15_TEN_SF,2025,15,1,0.86301369863,0.870395343805,0.863033236253,2024
2025_15_MIN_DAL,2025,15,0,0.695769952073,0.69272986759,0.737563031489,2024
2025_15_MIA_PIT,2025,15,1,0.609236234458,0.613796242577,0.588293566809,2024
2025_16_LA_SEA,2025,16,1,0.526086585262,0.510623811092,0.481482692886,2024
2025_16_PHI_WAS,2025,16,0,0.24,0.20576186865,0.257914566513,2024
2025_16_GB_CHI,2025,16,1,0.517364125716,0.520111009465,0.485359884815,2024
2025_16_TB_CAR,2025,16,1,0.417007358953,0.388590920332,0.415708630013,2024
2025_16_BUF_CLE,2025,16,0,0.182741116751,0.149930866323,0.134169467499,2024
2025_16_LAC_DAL,2025,16,0,0.526086585262,0.520788150431,0.558595823571,2024
2025_16_CIN_MIA,2025,16,0,0.3552708212,0.29852913469,0.321409758557,2024
2025_16_NYJ_NO,2025,16,1,0.717970521542,0.727437639429,0.66540212261,2024
2025_16_MIN_NYG,2025,16,0,0.42794036444,0.419676639811,0.456426435171,2024
2025_16_KC_TEN,2025,16,1,0.377533448139,0.370094223525,0.346850099847,2024
2025_16_ATL_ARI,2025,16,0,0.42794036444,0.39871118554,0.418443978563,2024
2025_16_JAX_DEN,2025,16,0,0.609236234458,0.591724735664,0.589166972826,2024
2025_16_PIT_DET,2025,16,0,0.776833156217,0.79069652433,0.772717236791,2024
2025_16_LV_HOU,2025,16,1,0.90395480226,0.916912474909,0.89021649297,2024
2025_16_NE_BAL,2025,16,0,0.622466551861,0.621961043367,0.603110805377,2024
2025_16_SF_IND,2025,16,0,0.336351875809,0.29394020392,0.317994753673,2024
2025_17_DAL_WAS,2025,17,0,0.2,0.158221955423,0.179535257984,2024
2025_17_DET_MIN,2025,17,1,0.249187432286,0.209738764111,0.200234173432,2024
2025_17_DEN_KC,2025,17,0,0.12,0.0842059322047,0.120322748094,2024
2025_17_HOU_LAC,2025,17,0,0.517364125716,0.486502081115,0.528072282587,2024
2025_17_BAL_GB,2025,17,0,0.563492063492,0.534541290677,0.560012067524,2024
2025_17_SEA_CAR,2025,17,0,0.277920741122,0.256760817433,0.297979226109,2024
2025_17_ARI_CIN,2025,17,1,0.744069015097,0.744530888385,0.743547653811,2024
2025_17_PIT_CLE,2025,17,1,0.3552708212,0.340857056575,0.291945778856,2024
2025_17_JAX_IND,2025,17,0,0.336351875809,0.304031245009,0.342326339801,2024
2025_17_TB_MIA,2025,17,1,0.314606741573,0.267450815752,0.309898186505,2024
2025_17_NE_NYJ,2025,17,0,0.132283464567,0.104106808113,0.131149014569,2024
2025_17_NO_TEN,2025,17,0,0.478260869565,0.466914138135,0.477841757292,2024
2025_17_NYG_LV,2025,17,0,0.406630245841,0.366610564126,0.355073190063,2024
2025_17_PHI_BUF,2025,17,0,0.603756970942,0.58372072772,0.621122042515,2024
2025_17_CHI_SF,2025,17,1,0.6447291788,0.634535180527,0.637574937353,2024
2025_17_LA_ATL,2025,17,1,0.24,0.212347969317,0.228858210977,2024
2025_18_CAR_TB,2025,18,1,0.582992641047,0.557517562123,0.553629041866,2024
2025_18_SEA_SF,2025,18,0,0.42794036444,0.392965043709,0.460070662187,2024
2025_18_NO_ATL,2025,18,1,0.6447291788,0.640797008767,0.649382154346,2024
2025_18_CLE_CIN,2025,18,0,0.78674351585,0.78647187415,0.824733440585,2024
2025_18_IND_HOU,2025,18,1,0.808157099698,0.819853984249,0.758011665996,2024
2025_18_TEN_JAX,2025,18,1,0.846501128668,0.851536906402,0.833250477865,2024
2025_18_GB_MIN,2025,18,1,0.83164983165,0.860604344276,0.784061062133,2024
2025_18_DAL_NYG,2025,18,1,0.400361228176,0.381640770345,0.354176971843,2024
2025_18_NYJ_BUF,2025,18,1,0.852459016393,0.86035811313,0.841058347437,2024
2025_18_DET_CHI,2025,18,0,0.616438356164,0.604991355666,0.59460208158,2024
2025_18_LAC_DEN,2025,18,1,0.90395480226,0.924695216702,0.898011725026,2024
2025_18_ARI_LA,2025,18,1,0.893382352941,0.905942072284,0.878481060211,2024
2025_18_KC_LV,2025,18,1,0.336351875809,0.314056965537,0.296404947886,2024
2025_18_MIA_NE,2025,18,1,0.872093023256,0.88678013147,0.858377468621,2024
2025_18_WAS_PHI,2025,18,0,0.616438356164,0.58984998449,0.552812678,2024
2025_18_BAL_PIT,2025,18,1,0.336351875809,0.29868128658,0.317732084743,2024
