game_id,season,week,home_win,market_prob,fst_prob,candidate_prob,fit_last_season,ablated_prob
2022_01_BUF_LA,2022,1,0,0.473778437623,0.434361357336,0.452304254744,2021,0.432959293921
2022_01_NO_ATL,2022,1,0,0.323382103561,0.286967701865,0.307724100323,2021,0.287635680555
2022_01_CLE_CAR,2022,1,0,0.543147208122,0.51470445801,0.45569829386,2021,0.499457502709
2022_01_SF_CHI,2022,1,1,0.30683501446,0.273968422925,0.295358187292,2021,0.269252925725
2022_01_PIT_CIN,2022,1,0,0.733179868159,0.707141403019,0.709894405965,2021,0.704900649417
2022_01_PHI_DET,2022,1,0,0.312960235641,0.277316466617,0.306241553308,2021,0.274922707752
2022_01_IND_HOU,2022,1,0,0.277580071174,0.246605389085,0.253189238723,2021,0.24347573247
2022_01_NE_MIA,2022,1,1,0.593301435407,0.568853197647,0.535639266606,2021,0.552962871033
2022_01_BAL_NYJ,2022,1,0,0.29384534879,0.26880285947,0.281014489606,2021,0.264575140963
2022_01_JAX_WAS,2022,1,1,0.598679827076,0.545973353838,0.54936286478,2021,0.546085098283
2022_01_KC_ARI,2022,1,0,0.30320780071,0.27494214734,0.308840003356,2021,0.269689996701
2022_01_LV_LAC,2022,1,1,0.626567084556,0.586720083417,0.57731183982,2021,0.577257568926
2022_01_GB_MIN,2022,1,1,0.541984732824,0.532217262261,0.462550387844,2021,0.537875928812
2022_01_NYG_TEN,2022,1,0,0.68538575048,0.630550292554,0.641268896937,2021,0.634098685119
2022_01_TB_DAL,2022,1,0,0.443302891933,0.394957061305,0.343097404253,2021,0.386129340911
2022_01_DEN_SEA,2022,1,1,0.30297048398,0.240081884273,0.2549191485,2021,0.220326944833
2022_02_LAC_KC,2022,2,1,0.63542457846,0.580331046614,0.555841566429,2021,0.562604226852
2022_02_MIA_BAL,2022,2,0,0.606393129771,0.576088287967,0.52952433723,2021,0.569720159547
2022_02_NYJ_CLE,2022,2,0,0.682900279237,0.640701916652,0.640179530518,2021,0.633891803561
2022_02_WAS_DET,2022,2,1,0.480445422298,0.443679913909,0.423131673312,2021,0.451822553417
2022_02_IND_JAX,2022,2,1,0.403491694665,0.381449093584,0.350823680718,2021,0.372508874983
2022_02_TB_NO,2022,2,0,0.435005117707,0.417102016265,0.375093215646,2021,0.419850982525
2022_02_CAR_NYG,2022,2,1,0.480445422298,0.442292905262,0.391682445811,2021,0.431052570095
2022_02_NE_PIT,2022,2,0,0.414937759336,0.379968033256,0.349708631909,2021,0.369734596561
2022_02_ATL_LA,2022,2,1,0.800143004133,0.780043523326,0.791874792344,2021,0.786840360316
2022_02_SEA_SF,2022,2,1,0.767838621184,0.75702263849,0.774417506101,2021,0.763443963044
2022_02_CIN_DAL,2022,2,1,0.269781764627,0.207940887406,0.214542265929,2021,0.208244626315
2022_02_HOU_DEN,2022,2,1,0.802562943681,0.79205080529,0.807889359058,2021,0.799507343221
2022_02_ARI_LV,2022,2,0,0.67218438867,0.646030023275,0.624853631435,2021,0.642460902843
2022_02_CHI_GB,2022,2,1,0.783477681546,0.755408652864,0.802877140952,2021,0.745679907174
2022_02_TEN_BUF,2022,2,1,0.773926149209,0.74835246038,0.758741488721,2021,0.745366507804
2022_02_MIN_PHI,2022,2,1,0.57046357852,0.52341079202,0.493757011802,2021,0.5084978077
2022_03_PIT_CLE,2022,3,1,0.655785282009,0.622220686941,0.582782119177,2021,0.616252973663
2022_03_NO_CAR,2022,3,1,0.460972383,0.440872444341,0.376364373689,2021,0.442565120769
2022_03_HOU_CHI,2022,3,1,0.594911070321,0.560301119233,0.524943200458,2021,0.561265408951
2022_03_KC_IND,2022,3,1,0.35166954824,0.330786649548,0.28731989784,2021,0.325550311442
2022_03_BUF_MIA,2022,3,1,0.354491017964,0.321398345442,0.294959109233,2021,0.317701933933
2022_03_DET_MIN,2022,3,1,0.706993723581,0.679903925187,0.72494956249,2021,0.691213158316
2022_03_BAL_NE,2022,3,0,0.425964555542,0.366798987585,0.365408295396,2021,0.376685766058
2022_03_CIN_NYJ,2022,3,0,0.30508176543,0.267283612626,0.247873937596,2021,0.263847290701
2022_03_LV_TEN,2022,3,1,0.449131029096,0.391351109337,0.345145876687,2021,0.396788682181
2022_03_PHI_WAS,2022,3,0,0.313653136531,0.278709534707,0.281237769752,2021,0.273832651886
2022_03_JAX_LAC,2022,3,0,0.696132596685,0.654111065313,0.687677496923,2021,0.66839842276
2022_03_LA_ARI,2022,3,0,0.385145602092,0.340559304802,0.302175025036,2021,0.334143600903
2022_03_ATL_SEA,2022,3,0,0.502322988292,0.437560754493,0.363925719008,2021,0.424270433294
2022_03_GB_TB,2022,3,0,0.539027617,0.49089058927,0.455497291663,2021,0.484794732083
2022_03_SF_DEN,2022,3,1,0.489612188366,0.463408089327,0.381071563624,2021,0.466959335503
2022_03_DAL_NYG,2022,3,0,0.532710280374,0.538512104955,0.49824024431,2021,0.549866709929
2022_04_MIA_CIN,2022,4,1,0.63799775309,0.625082928112,0.572626719823,2021,0.629424784262
2022_04_MIN_NO,2022,4,0,0.35166954824,0.300551203659,0.270433961003,2021,0.292910197227
2022_04_CLE_ATL,2022,4,1,0.495353375773,0.464419139764,0.454933059915,2021,0.475237403354
2022_04_BUF_BAL,2022,4,0,0.383703870895,0.360301140347,0.304028532539,2021,0.360882165884
2022_04_WAS_DAL,2022,4,1,0.593301435407,0.53240980461,0.488279789856,2021,0.510662572275
2022_04_SEA_DET,2022,4,0,0.611939006622,0.603052815771,0.560776114243,2021,0.59801121606
2022_04_LAC_HOU,2022,4,0,0.318793547771,0.285418628015,0.261344928343,2021,0.271884752529
2022_04_TEN_IND,2022,4,0,0.654625750198,0.639903539763,0.651611312357,2021,0.648339231325
2022_04_CHI_NYG,2022,4,1,0.575799721836,0.561947153504,0.540724551289,2021,0.570536619174
2022_04_JAX_PHI,2022,4,1,0.699039632084,0.6658536714,0.653542196008,2021,0.659126988513
2022_04_NYJ_PIT,2022,4,0,0.601800289877,0.550926831518,0.513378671205,2021,0.547087849485
2022_04_ARI_CAR,2022,4,0,0.51729139283,0.491704219902,0.451918610085,2021,0.501787457254
2022_04_NE_GB,2022,4,1,0.788311636925,0.76747414621,0.79183530713,2021,0.774761614093
2022_04_DEN_LV,2022,4,1,0.564242112231,0.525008167612,0.46160656173,2021,0.516604652612
2022_04_KC_TB,2022,4,0,0.541984732824,0.504655325293,0.442181001872,2021,0.495728383141
2022_04_LA_SF,2022,4,1,0.539927702925,0.50537713526,0.473855912679,2021,0.510306364395
2022_05_IND_DEN,2022,5,0,0.623826148142,0.604007578671,0.542946144336,2021,0.601559278441
2022_05_NYG_GB,2022,5,0,0.774916556087,0.738879362805,0.74878790217,2021,0.726254856167
2022_05_PIT_BUF,2022,5,1,0.854929327173,0.83308525452,0.864525261487,2021,0.822655234828
2022_05_LAC_CLE,2022,5,0,0.480445422298,0.437067653436,0.431785961502,2021,0.444624901037
2022_05_HOU_JAX,2022,5,0,0.730924978687,0.701045167258,0.724850804846,2021,0.70891400606
2022_05_CHI_MIN,2022,5,1,0.770109494241,0.747137574362,0.747373233325,2021,0.7465872643
2022_05_DET_NE,2022,5,1,0.581674650833,0.535440998996,0.55440132849,2021,0.556373599941
2022_05_SEA_NO,2022,5,1,0.676909328384,0.651163578753,0.646794711417,2021,0.646816300141
2022_05_MIA_NYJ,2022,5,1,0.396657179192,0.384514548666,0.438022862951,2021,0.402599461967
2022_05_ATL_TB,2022,5,1,0.786848984516,0.763518542589,0.800947267488,2021,0.764426181489
2022_05_TEN_WAS,2022,5,0,0.488372093023,0.473700450403,0.423929198574,2021,0.48293982657
2022_05_SF_CAR,2022,5,0,0.318083120643,0.295023216356,0.330837474723,2021,0.30701260902
2022_05_PHI_ARI,2022,5,0,0.328866737479,0.28785780271,0.271798025656,2021,0.281321420904
2022_05_DAL_LA,2022,5,0,0.669762641899,0.64779371478,0.631497898887,2021,0.648412907634
2022_05_CIN_BAL,2022,5,1,0.611413989096,0.577051479311,0.54693921408,2021,0.569649737526
2022_05_LV_KC,2022,5,1,0.740883212802,0.699119139539,0.728138960893,2021,0.677099564611
2022_06_WAS_CHI,2022,6,0,0.467289719626,0.415618707952,0.341041352612,2021,0.411931688477
2022_06_SF_ATL,2022,6,1,0.366748166259,0.331641327344,0.320905555428,2021,0.334812125262
2022_06_NE_CLE,2022,6,0,0.56973825744,0.537811985681,0.476356791824,2021,0.540583985172
2022_06_NYJ_GB,2022,6,0,0.760385872102,0.729524133254,0.745454702408,2021,0.738930991358
2022_06_JAX_IND,2022,6,1,0.535759096612,0.489048454482,0.400916140633,2021,0.483774494746
2022_06_MIN_MIA,2022,6,0,0.379441186616,0.33299817969,0.292084516197,2021,0.327257813855
2022_06_CIN_NO,2022,6,0,0.393606870229,0.346793276853,0.307669166485,2021,0.348737059881
2022_06_BAL_NYG,2022,6,1,0.318083120643,0.281291373018,0.306276462358,2021,0.291435701795
2022_06_TB_PIT,2022,6,1,0.229377283154,0.20177364395,0.19629658383,2021,0.193293824416
2022_06_CAR_LA,2022,6,1,0.781011615349,0.755857949092,0.778036136698,2021,0.743989217789
2022_06_ARI_SEA,2022,6,1,0.437620531078,0.382331814166,0.333570572221,2021,0.366972543034
2022_06_BUF_KC,2022,6,0,0.420714187987,0.373569490906,0.336205902443,2021,0.363305034656
2022_06_DAL_PHI,2022,6,1,0.723912553527,0.696829179618,0.69065758057,2021,0.690808962334
2022_06_DEN_LAC,2022,6,1,0.633690250525,0.586975740148,0.573897274145,2021,0.580062947507
2022_07_NO_ARI,2022,7,1,0.568655643422,0.542203092387,0.544256512805,2021,0.552658223926
2022_07_CLE_BAL,2022,7,1,0.717472338915,0.691756650571,0.681881644062,2021,0.688765550277
2022_07_TB_CAR,2022,7,1,0.155279503106,0.132840374726,0.18880052777,2021,0.128982660053
2022_07_ATL_CIN,2022,7,1,0.709895609337,0.685036628878,0.686440230759,2021,0.690645128348
2022_07_DET_DAL,2022,7,1,0.714927826966,0.677437769905,0.696900656277,2021,0.673039370253
2022_07_NYG_JAX,2022,7,0,0.606941560368,0.585224233166,0.552738122149,2021,0.595399158309
2022_07_IND_TEN,2022,7,1,0.574035444458,0.519821607547,0.483401031839,2021,0.510445165182
2022_07_GB_WAS,2022,7,1,0.356560101529,0.329635317155,0.347802678027,2021,0.344018030211
2022_07_NYJ_DEN,2022,7,0,0.45395460454,0.411492104238,0.387896374965,2021,0.398397728219
2022_07_HOU_LV,2022,7,1,0.742969458724,0.709801178144,0.74591073775,2021,0.716661908319
2022_07_SEA_LAC,2022,7,0,0.667940083483,0.646092879664,0.611502677744,2021,0.65285978694
2022_07_KC_SF,2022,7,0,0.497677011708,0.466147081022,0.429715857358,2021,0.452732918345
2022_07_PIT_MIA,2022,7,1,0.726461570262,0.704768276442,0.715516932871,2021,0.714664471009
2022_07_CHI_NE,2022,7,0,0.772836405275,0.742281275898,0.759816123471,2021,0.732490097929
2022_08_BAL_TB,2022,8,0,0.548049476689,0.500156552687,0.435509746029,2021,0.501706547252
2022_08_DEN_JAX,2022,8,0,0.504646624227,0.449324539479,0.406559597902,2021,0.439565908526
2022_08_CAR_ATL,2022,8,1,0.649910442206,0.605459192447,0.576184160969,2021,0.596566787057
2022_08_CHI_DAL,2022,8,1,0.786848984516,0.7652180989,0.778954899304,2021,0.771831198291
2022_08_MIA_DET,2022,8,0,0.36200224691,0.335444899825,0.367442932849,2021,0.3470995688
2022_08_ARI_MIN,2022,8,1,0.64833045176,0.60745295463,0.566029484457,2021,0.60532294006
2022_08_LV_NO,2022,8,1,0.46943325045,0.433020585859,0.373963913655,2021,0.43095218664
2022_08_NE_NYJ,2022,8,0,0.406698564593,0.374893396607,0.378704387176,2021,0.382653132368
2022_08_PIT_PHI,2022,8,1,0.804978018709,0.780502020312,0.814675996254,2021,0.776788115679
2022_08_TEN_HOU,2022,8,0,0.478202846975,0.46649510154,0.399362120462,2021,0.475342263877
2022_08_WAS_IND,2022,8,0,0.586736037935,0.548762881129,0.521437875744,2021,0.560151647517
2022_08_SF_LA,2022,8,0,0.502322988292,0.460139518489,0.366016700362,2021,0.454728175427
2022_08_NYG_SEA,2022,8,1,0.605428349375,0.57123775752,0.566984141783,2021,0.584416353534
2022_08_GB_BUF,2022,8,1,0.791527206656,0.761480685371,0.802205780654,2021,0.758780024194
2022_08_CIN_CLE,2022,8,1,0.395126275146,0.361319240651,0.314109185126,2021,0.347997294384
2022_09_PHI_HOU,2022,9,0,0.151670455276,0.132019987787,0.193426022945,2021,0.137272524302
2022_09_LAC_ATL,2022,9,0,0.424899457947,0.37334209764,0.332074571663,2021,0.376831702992
2022_09_MIA_CHI,2022,9,0,0.358208225341,0.315517086925,0.354971226826,2021,0.309207835306
2022_09_CAR_CIN,2022,9,1,0.745785705017,0.707867320963,0.740182715392,2021,0.705980971754
2022_09_GB_DET,2022,9,1,0.3607288955,0.332293420518,0.341439498142,2021,0.341972998947
2022_09_LV_JAX,2022,9,1,0.45110708376,0.416494907296,0.387714654862,2021,0.393020259853
2022_09_IND_NE,2022,9,1,0.661810613944,0.626381548048,0.619411688712,2021,0.633049019811
2022_09_BUF_NYJ,2022,9,1,0.193864229765,0.172948230076,0.176262155172,2021,0.16725450979
2022_09_MIN_WAS,2022,9,0,0.388060993378,0.363703892251,0.334849343727,2021,0.368082235696
2022_09_SEA_ARI,2022,9,0,0.548049476689,0.524597840169,0.447327439138,2021,0.526727062013
2022_09_LA_TB,2022,9,1,0.597101630333,0.554581173807,0.537510287383,2021,0.568215243282
2022_09_TEN_KC,2022,9,1,0.846189835663,0.832345804893,0.870959842273,2021,0.838911053261
2022_09_BAL_NO,2022,9,0,0.460072297075,0.419321216093,0.367865123156,2021,0.409689040698
2022_10_ATL_CAR,2022,10,1,0.44522913948,0.420879459659,0.372170833078,2021,0.41220570926
2022_10_SEA_TB,2022,10,1,0.564994882293,0.528272798087,0.510803518554,2021,0.526245847357
2022_10_MIN_BUF,2022,10,0,0.705310880829,0.668872753439,0.685655952804,2021,0.680381659287
2022_10_DET_CHI,2022,10,0,0.598679827076,0.554491956212,0.507603916491,2021,0.547360945536
2022_10_JAX_KC,2022,10,1,0.775898539074,0.741017849123,0.752344393569,2021,0.729462897259
2022_10_CLE_MIA,2022,10,1,0.622440912684,0.595007934954,0.568514721133,2021,0.59458627094
2022_10_HOU_NYG,2022,10,1,0.67007554345,0.622188450166,0.65691016178,2021,0.592087806797
2022_10_NO_PIT,2022,10,1,0.524019391803,0.493922474623,0.407501485135,2021,0.492322652986
2022_10_DEN_TEN,2022,10,1,0.560501215635,0.501016657432,0.450421679411,2021,0.496155184637
2022_10_IND_LV,2022,10,0,0.64833045176,0.612338721587,0.58910425693,2021,0.600349967464
2022_10_DAL_GB,2022,10,1,0.35166954824,0.322444444814,0.27011434716,2021,0.317752537275
2022_10_ARI_LA,2022,10,0,0.627042698998,0.592987633457,0.547710882331,2021,0.588559325487
2022_10_LAC_SF,2022,10,1,0.758474531483,0.733362119784,0.795950843579,2021,0.754476300137
2022_10_WAS_PHI,2022,10,0,0.808051612079,0.777798180963,0.817852057809,2021,0.762425255414
2022_11_TEN_GB,2022,11,0,0.614854397908,0.585861189688,0.534263460756,2021,0.580079884372
2022_11_CHI_ATL,2022,11,1,0.566089334549,0.526910530155,0.442483109515,2021,0.523511750723
2022_11_CAR_BAL,2022,11,1,0.83929988964,0.821091577449,0.864494458393,2021,0.829387986306
2022_11_CLE_BUF,2022,11,1,0.756181577446,0.719257963869,0.744349517144,2021,0.719353215232
2022_11_WAS_HOU,2022,11,0,0.414937759336,0.388472347137,0.341827410046,2021,0.387689624535
2022_11_PHI_IND,2022,11,0,0.290309925461,0.262681855558,0.331607290719,2021,0.273003663084
2022_11_NYJ_NE,2022,11,1,0.62926931875,0.587459789639,0.586853248086,2021,0.601156818064
2022_11_LA_NO,2022,11,1,0.539927702925,0.488392280699,0.44284287785,2021,0.479227784218
2022_11_DET_NYG,2022,11,0,0.598679827076,0.54607717507,0.481316085193,2021,0.53982903114
2022_11_LV_DEN,2022,11,0,0.577549788775,0.550433623786,0.509292634276,2021,0.559471821681
2022_11_DAL_MIN,2022,11,0,0.447171783654,0.406123218754,0.330864591798,2021,0.400788140523
2022_11_CIN_PIT,2022,11,0,0.37073068125,0.346722565527,0.334820753599,2021,0.347826023318
2022_11_KC_LAC,2022,11,0,0.321069325754,0.301818639748,0.262390461199,2021,0.296674968259
2022_11_SF_ARI,2022,11,0,0.2156133829,0.185226198029,0.178548154151,2021,0.177007625606
2022_12_BUF_DET,2022,12,0,0.219456160203,0.192989281694,0.2193056719,2021,0.179304181622
2022_12_NYG_DAL,2022,12,1,0.790539834213,0.765357724971,0.827936771106,2021,0.776500325541
2022_12_NE_MIN,2022,12,1,0.562379468922,0.532387739372,0.510599114978,2021,0.5381319694
2022_12_DEN_CAR,2022,12,1,0.475980608197,0.433694863189,0.373626872413,2021,0.438225304601
2022_12_TB_CLE,2022,12,1,0.388060993378,0.351084790414,0.321090374881,2021,0.349355135078
2022_12_BAL_JAX,2022,12,1,0.394571650625,0.366947530137,0.336027735076,2021,0.361278014008
2022_12_HOU_MIA,2022,12,1,0.864069138977,0.847159859662,0.89919713291,2021,0.852973393638
2022_12_CHI_NYJ,2022,12,1,0.766153846154,0.754284600112,0.759839465405,2021,0.753909017535
2022_12_CIN_TEN,2022,12,0,0.5,0.456108268784,0.430079861721,2021,0.448298432912
2022_12_ATL_WAS,2022,12,1,0.629721702495,0.594169705502,0.603533926185,2021,0.612200184905
2022_12_LAC_ARI,2022,12,0,0.437620531078,0.396238754412,0.346197425196,2021,0.395634966684
2022_12_LV_SEA,2022,12,0,0.644674925574,0.591877779973,0.575665453254,2021,0.589645138577
2022_12_LA_KC,2022,12,1,0.888260169453,0.874010298341,0.912486687819,2021,0.864429940841
2022_12_NO_SF,2022,12,1,0.772836405275,0.745319177854,0.794296680414,2021,0.727391825764
2022_12_GB_PHI,2022,12,1,0.714927826966,0.678011154417,0.674097459009,2021,0.665742391138
2022_12_PIT_IND,2022,12,0,0.548049476689,0.502083413618,0.436052650846,2021,0.490787790735
2022_13_BUF_NE,2022,13,0,0.367623347307,0.34061138772,0.342350528685,2021,0.337508024032
2022_13_PIT_ATL,2022,13,0,0.481475621058,0.445962507189,0.395018797425,2021,0.43871089328
2022_13_DEN_BAL,2022,13,1,0.753607690527,0.714012674534,0.721896308403,2021,0.70476799329
2022_13_GB_CHI,2022,13,0,0.37073068125,0.337222520679,0.299713311707,2021,0.325645920176
2022_13_JAX_DET,2022,13,1,0.528403928525,0.492043963486,0.432972895698,2021,0.49950297813
2022_13_CLE_HOU,2022,13,0,0.255478799428,0.233179459721,0.246563573444,2021,0.229792761469
2022_13_NYJ_MIN,2022,13,1,0.579285812013,0.534416825711,0.51824653024,2021,0.538546756358
2022_13_WAS_NYG,2022,13,0,0.458903548308,0.431286792852,0.391371824587,2021,0.443379279143
2022_13_TEN_PHI,2022,13,1,0.662922558342,0.630265943088,0.629176406353,2021,0.617352489621
2022_13_SEA_LA,2022,13,0,0.276087446473,0.251845443074,0.242505928472,2021,0.2451515749
2022_13_MIA_SF,2022,13,1,0.671133262521,0.644445266875,0.717114750629,2021,0.665306654012
2022_13_KC_CIN,2022,13,1,0.444104134763,0.413587466279,0.336653889435,2021,0.405449222882
2022_13_LAC_LV,2022,13,1,0.566832804712,0.528889978535,0.475605161801,2021,0.53017840434
2022_13_IND_DAL,2022,13,1,0.79633401222,0.763788220854,0.792182806785,2021,0.747565538291
2022_13_NO_TB,2022,13,1,0.63799775309,0.602331730452,0.546905634036,2021,0.600446275759
2022_14_LV_LA,2022,14,1,0.281752308088,0.240479554882,0.219505485216,2021,0.233743322457
2022_14_NYJ_BUF,2022,14,1,0.775408594004,0.740259049406,0.7543833148,2021,0.737986558568
2022_14_CLE_CIN,2022,14,1,0.65345857462,0.602452270047,0.581495556558,2021,0.586544914807
2022_14_HOU_DAL,2022,14,1,0.904626742271,0.89459883957,0.93492029966,2021,0.893438679907
2022_14_MIN_DET,2022,14,1,0.55477086052,0.524579733394,0.465609245371,2021,0.518722908297
2022_14_PHI_NYG,2022,14,0,0.269943593876,0.241244963231,0.25600060498,2021,0.227193483599
2022_14_BAL_PIT,2022,14,0,0.539927702925,0.519741469992,0.436399828771,2021,0.515492633655
2022_14_JAX_TEN,2022,14,0,0.611939006622,0.560496435846,0.514927865823,2021,0.56516877509
2022_14_KC_DEN,2022,14,0,0.226163551958,0.207095424355,0.224719403876,2021,0.197801518857
2022_14_CAR_SEA,2022,14,0,0.64953271028,0.595006180248,0.566389587352,2021,0.588260523029
2022_14_TB_SF,2022,14,1,0.645508982036,0.597122786255,0.567009122089,2021,0.585438282212
2022_14_MIA_LAC,2022,14,1,0.39609626796,0.359562242812,0.356336611551,2021,0.349159818951
2022_14_NE_ARI,2022,14,0,0.458015267176,0.426681847335,0.369403348697,2021,0.410746429099
2022_15_SF_SEA,2022,15,0,0.387117200092,0.349766713802,0.332049415664,2021,0.347111347576
2022_15_IND_MIN,2022,15,1,0.636290159628,0.592876477818,0.544574930358,2021,0.594631103125
2022_15_BAL_CLE,2022,15,1,0.592293548645,0.58094495895,0.529403949948,2021,0.576652528269
2022_15_MIA_BUF,2022,15,1,0.739712444224,0.704976348974,0.765156240462,2021,0.71674105583
2022_15_PIT_CAR,2022,15,0,0.576490924806,0.551921972874,0.512537546986,2021,0.559139507284
2022_15_PHI_CHI,2022,15,0,0.229377283154,0.205816092864,0.2321123616,2021,0.20749923841
2022_15_KC_HOU,2022,15,0,0.144216172452,0.124257075536,0.173341238749,2021,0.110714094279
2022_15_DAL_JAX,2022,15,1,0.363709840372,0.342483079759,0.30322077123,2021,0.341779283779
2022_15_ATL_NO,2022,15,1,0.678930674246,0.649397351078,0.627396556194,2021,0.646704728806
2022_15_DET_NYJ,2022,15,0,0.555895865237,0.523100015015,0.467300116028,2021,0.511418579605
2022_15_ARI_DEN,2022,15,1,0.534834771627,0.507921276118,0.45175171788,2021,0.517366431569
2022_15_NE_LV,2022,15,1,0.550036350775,0.518345088312,0.521706094578,2021,0.513940942349
2022_15_TEN_LAC,2022,15,1,0.597101630333,0.576332966193,0.528606506164,2021,0.576315961874
2022_15_CIN_TB,2022,15,0,0.390065741417,0.360702820665,0.340470135638,2021,0.37107682571
2022_15_NYG_WAS,2022,15,0,0.652283681432,0.607708164231,0.599355580346,2021,0.606627215149
2022_15_LA_GB,2022,15,1,0.757905243263,0.727255340964,0.736625538155,2021,0.719279763563
2022_16_JAX_NYJ,2022,16,0,0.562379468922,0.527387116051,0.495391261874,2021,0.53719723761
2022_16_ATL_BAL,2022,16,1,0.71233424607,0.675604767529,0.692609070322,2021,0.688079506733
2022_16_DET_CAR,2022,16,1,0.449963649225,0.424319297183,0.350463613868,2021,0.422053738163
2022_16_BUF_CHI,2022,16,0,0.24028416214,0.217475324084,0.280431769475,2021,0.192947193739
2022_16_NO_CLE,2022,16,0,0.627922989328,0.601668747,0.596417404457,2021,0.617169640238
2022_16_SEA_KC,2022,16,1,0.792369680659,0.765714111382,0.767061540974,2021,0.76396503575
2022_16_NYG_MIN,2022,16,1,0.665125179397,0.627633112456,0.629832197348,2021,0.630570437449
2022_16_CIN_NE,2022,16,0,0.413263962065,0.386790107805,0.392283629563,2021,0.390303190236
2022_16_HOU_TEN,2022,16,0,0.614340808456,0.551831536096,0.63879255182,2021,0.516737204691
2022_16_WAS_SF,2022,16,1,0.715121129894,0.668767027856,0.660506955032,2021,0.651708359994
2022_16_PHI_DAL,2022,16,1,0.64953271028,0.622197819028,0.614928168351,2021,0.632592051751
2022_16_LV_PIT,2022,16,1,0.57046357852,0.527598777916,0.445831801553,2021,0.525395560629
2022_16_GB_MIA,2022,16,0,0.62926931875,0.603065019595,0.552137369973,2021,0.599831505552
2022_16_DEN_LA,2022,16,1,0.3822726318,0.33740095258,0.3312875585,2021,0.343797100441
2022_16_TB_ARI,2022,16,0,0.260287555776,0.224552192191,0.23776425141,2021,0.21117374249
2022_16_LAC_IND,2022,16,0,0.367623347307,0.320273483521,0.282835310913,2021,0.309051752913
2022_17_DAL_TEN,2022,17,0,0.146163511956,0.125392358603,0.145852371984,2021,0.12446072146
2022_17_ARI_ATL,2022,17,1,0.715121129894,0.687333485987,0.684533091511,2021,0.688848776706
2022_17_CHI_DET,2022,17,1,0.668695345118,0.617196166441,0.588965764982,2021,0.610683218854
2022_17_JAX_HOU,2022,17,0,0.365005277951,0.326927513871,0.354479239984,2021,0.306624731756
2022_17_DEN_KC,2022,17,1,0.849531711516,0.824209332645,0.853270139725,2021,0.802344437379
2022_17_MIA_NE,2022,17,1,0.60024600246,0.562763472121,0.511307809992,2021,0.556921778917
2022_17_IND_NYG,2022,17,1,0.677634286386,0.646599573006,0.621950497676,2021,0.643993435221
2022_17_NO_PHI,2022,17,0,0.673530889001,0.625255193005,0.615653853664,2021,0.607631524627
2022_17_CAR_TB,2022,17,1,0.631053834962,0.593619937077,0.568578101471,2021,0.591053521988
2022_17_CLE_WAS,2022,17,0,0.526221562377,0.489487286796,0.427108400508,2021,0.496462873985
2022_17_SF_LV,2022,17,0,0.205834074659,0.18087899055,0.202762131438,2021,0.182448296253
2022_17_NYJ_SEA,2022,17,1,0.48270860717,0.423824513589,0.351715318674,2021,0.412356321601
2022_17_MIN_GB,2022,17,1,0.6177273682,0.58211913787,0.57970476473,2021,0.567665568235
2022_17_LA_LAC,2022,17,1,0.717659894436,0.693128419536,0.691844244938,2021,0.702296487282
2022_17_PIT_BAL,2022,17,0,0.534834771627,0.490956475966,0.414990115628,2021,0.49264922153
2022_18_KC_LV,2022,18,0,0.221430256021,0.196665604707,0.209208205205,2021,0.183948439196
2022_18_TEN_JAX,2022,18,1,0.702528507685,0.674369761583,0.671475602158,2021,0.677321272644
2022_18_TB_ATL,2022,18,1,0.682900279237,0.678139580669,0.664409013952,2021,0.676273995455
2022_18_NE_BUF,2022,18,1,0.765518882422,0.73020677097,0.754138494833,2021,0.739032240499
2022_18_MIN_CHI,2022,18,0,0.297471492315,0.274945580681,0.255468958046,2021,0.266681671754
2022_18_BAL_CIN,2022,18,1,0.831180869407,0.816219785045,0.840148540577,2021,0.815273664571
2022_18_HOU_IND,2022,18,0,0.57225678733,0.526751218286,0.514875604955,2021,0.538207531107
2022_18_NYJ_MIA,2022,18,1,0.64953271028,0.600683715737,0.604969874699,2021,0.577978112679
2022_18_CAR_NO,2022,18,0,0.625201504567,0.592334679196,0.565514059313,2021,0.597733505481
2022_18_CLE_PIT,2022,18,1,0.57225678733,0.523318719515,0.456979949779,2021,0.514631010202
2022_18_LAC_DEN,2022,18,1,0.697921288869,0.704061603205,0.700849453352,2021,0.716531572393
2022_18_NYG_PHI,2022,18,1,0.89869745305,0.893440436697,0.938775998672,2021,0.902581482613
2022_18_LA_SEA,2022,18,1,0.673228981765,0.637707403798,0.641187496755,2021,0.636568906036
2022_18_ARI_SF,2022,18,1,0.886302763695,0.871465823712,0.914594014417,2021,0.861780865493
2022_18_DAL_WAS,2022,18,1,0.259772389906,0.241520615941,0.255327662131,2021,0.248907254862
2022_18_DET_GB,2022,18,0,0.711525819599,0.694310790385,0.732126580207,2021,0.710874218275
2023_01_DET_KC,2023,1,0,0.636904181694,0.609770311175,0.585656616922,2022,0.60411265045
2023_01_CAR_ATL,2023,1,1,0.630940343782,0.622621519814,0.597076477168,2022,0.625196093186
2023_01_HOU_BAL,2023,1,1,0.8,0.797392114334,0.826505222272,2022,0.7927673546
2023_01_CIN_CLE,2023,1,1,0.49567024593,0.481043285097,0.429234985418,2022,0.479989634563
2023_01_JAX_IND,2023,1,0,0.3552708212,0.327491251757,0.339738778273,2022,0.312935488154
2023_01_TB_MIN,2023,1,0,0.6447291788,0.626280427863,0.629483646651,2022,0.634422250129
2023_01_TEN_NO,2023,1,1,0.57205963556,0.544238076456,0.548541096347,2022,0.562096477032
2023_01_SF_PIT,2023,1,0,0.478260869565,0.459815678271,0.422629600943,2022,0.471277283937
2023_01_ARI_WAS,2023,1,1,0.740871613663,0.730255250598,0.735507650492,2022,0.721796168206
2023_01_GB_CHI,2023,1,0,0.517364125716,0.521171920207,0.473620687178,2022,0.534250165378
2023_01_LV_DEN,2023,1,0,0.593369754159,0.584636754097,0.583562343661,2022,0.598691679285
2023_01_MIA_LAC,2023,1,0,0.593369754159,0.570476727237,0.545616500816,2022,0.56467456608
2023_01_PHI_NE,2023,1,0,0.377533448139,0.350224980411,0.320122796155,2022,0.351418472436
2023_01_LA_SEA,2023,1,0,0.657475226196,0.635978993525,0.615689701277,2022,0.630956137979
2023_01_DAL_NYG,2023,1,0,0.396243029058,0.368599662564,0.364910241253,2022,0.364538429462
2023_01_BUF_NYJ,2023,1,1,0.448558885283,0.448200688086,0.396968413405,2022,0.454753224986
2023_02_MIN_PHI,2023,2,1,0.675031246995,0.665559386417,0.661657303097,2022,0.660510254395
2023_02_GB_ATL,2023,2,1,0.57205963556,0.563761829031,0.549844697987,2022,0.577980571512
2023_02_LV_BUF,2023,2,1,0.7477827051,0.734933302585,0.737536187721,2022,0.729801065896
2023_02_BAL_CIN,2023,2,0,0.609236234458,0.587115006774,0.611650830145,2022,0.602724676312
2023_02_SEA_DET,2023,2,0,0.657475226196,0.638927973489,0.624599499769,2022,0.626934767127
2023_02_IND_HOU,2023,2,0,0.5,0.476354656763,0.406215726646,2022,0.481187967521
2023_02_KC_JAX,2023,2,0,0.396243029058,0.370467556262,0.358020668191,2022,0.380091939014
2023_02_CHI_TB,2023,2,1,0.551441114717,0.500916887451,0.4669588283,2022,0.475963922153
2023_02_LAC_TEN,2023,2,1,0.436507936508,0.420011589256,0.38368368065,2022,0.426528076526
2023_02_NYG_ARI,2023,2,0,0.336351875809,0.302116593555,0.291226619114,2022,0.301731808713
2023_02_SF_LA,2023,2,0,0.259128386337,0.232222113816,0.279017060041,2022,0.245235970066
2023_02_NYJ_DAL,2023,2,1,0.76,0.743771275728,0.763113011711,2022,0.729619584547
2023_02_WAS_DEN,2023,2,0,0.636904181694,0.631096185282,0.628657759986,2022,0.635991147463
2023_02_MIA_NE,2023,2,0,0.457256461233,0.432405733445,0.404115842312,2022,0.445507717465
2023_02_NO_CAR,2023,2,0,0.390763765542,0.358862284524,0.322595307582,2022,0.360691671777
2023_02_CLE_PIT,2023,2,1,0.42794036444,0.388657510907,0.381188296682,2022,0.402355907004
2023_03_NYG_SF,2023,3,1,0.808157099698,0.801585504975,0.845763648325,2022,0.789991725089
2023_03_IND_BAL,2023,3,0,0.76,0.748651570659,0.775496525455,2022,0.740366893053
2023_03_TEN_CLE,2023,3,1,0.622466551861,0.602816909433,0.575292709358,2022,0.603991990129
2023_03_ATL_DET,2023,3,1,0.599638771824,0.578764747286,0.531311527951,2022,0.575725914317
2023_03_NO_GB,2023,3,1,0.467532467532,0.422998407378,0.358409504963,2022,0.424545318506
2023_03_HOU_JAX,2023,3,0,0.76,0.744198902324,0.778462542688,2022,0.729994294023
2023_03_DEN_MIA,2023,3,1,0.685393258427,0.665943216281,0.655355442179,2022,0.662731731905
2023_03_LAC_MIN,2023,3,0,0.5,0.467843954177,0.420679761904,2022,0.470180918234
2023_03_NE_NYJ,2023,3,0,0.436507936508,0.413572350733,0.361810858394,2022,0.41200029804
2023_03_BUF_WAS,2023,3,0,0.319444444444,0.301155643766,0.343198295567,2022,0.325013015379
2023_03_CAR_SEA,2023,3,1,0.663648124191,0.645730602974,0.656186428286,2022,0.651309033385
2023_03_DAL_ARI,2023,3,1,0.16835016835,0.14308049479,0.187343856286,2022,0.151149869869
2023_03_CHI_KC,2023,3,1,0.846501128668,0.839199058247,0.877872430052,2022,0.823733619897
2023_03_PIT_LV,2023,3,0,0.57205963556,0.555816816817,0.527348897011,2022,0.549204152875
2023_03_PHI_TB,2023,3,0,0.309207116946,0.276017521755,0.302337921927,2022,0.289705149263
2023_03_LA_CIN,2023,3,1,0.593369754159,0.565087947266,0.548271408711,2022,0.557258793937
2023_04_DET_GB,2023,4,0,0.436507936508,0.391934448354,0.353612731191,2022,0.389280837791
2023_04_ATL_JAX,2023,4,1,0.622466551861,0.604937036021,0.599060812218,2022,0.614370438668
2023_04_MIA_BUF,2023,4,1,0.563492063492,0.531907386875,0.499750893482,2022,0.53748466461
2023_04_MIN_CAR,2023,4,0,0.336351875809,0.307057017941,0.339612041889,2022,0.314721787632
2023_04_DEN_CHI,2023,4,0,0.406630245841,0.380702331316,0.334233203482,2022,0.382261222186
2023_04_BAL_CLE,2023,4,0,0.448558885283,0.409081821806,0.343816923708,2022,0.409631775981
2023_04_PIT_HOU,2023,4,1,0.406630245841,0.383014950756,0.348258653716,2022,0.388978867148
2023_04_LA_IND,2023,4,0,0.489165763814,0.463280872797,0.396169994308,2022,0.460076061978
2023_04_TB_NO,2023,4,0,0.6447291788,0.629348916712,0.615087603902,2022,0.632992337697
2023_04_WAS_PHI,2023,4,1,0.78674351585,0.776615563664,0.811502319151,2022,0.763501142918
2023_04_CIN_TEN,2023,4,1,0.406630245841,0.375996896381,0.35525553186,2022,0.389516318345
2023_04_LV_LAC,2023,4,1,0.725752508361,0.712658092422,0.740160746858,2022,0.709915192844
2023_04_NE_DAL,2023,4,1,0.709543568465,0.692605335113,0.710073794786,2022,0.672655884844
2023_04_ARI_SF,2023,4,1,0.88,0.879956393929,0.913690330365,2022,0.869665026388
2023_04_KC_NYJ,2023,4,0,0.204224122884,0.182070704189,0.256509110621,2022,0.192736852339
2023_04_SEA_NYG,2023,4,0,0.436507936508,0.409302128192,0.375096497028,2022,0.406203363677
2023_05_CHI_WAS,2023,5,0,0.690792883054,0.669568421248,0.661978444238,2022,0.656080206357
2023_05_JAX_BUF,2023,5,0,0.685393258427,0.659136291272,0.649379629409,2022,0.641216900006
2023_05_HOU_ATL,2023,5,1,0.563492063492,0.538649931283,0.487610668429,2022,0.543090387782
2023_05_CAR_DET,2023,5,1,0.78674351585,0.774827568064,0.795919451377,2022,0.762213814626
2023_05_TEN_IND,2023,5,1,0.436507936508,0.410253447341,0.367939962983,2022,0.4134088592
2023_05_NYG_MIA,2023,5,1,0.846501128668,0.846890591872,0.875188912079,2022,0.837217266825
2023_05_NO_NE,2023,5,0,0.551441114717,0.537321687069,0.545933765013,2022,0.555545887192
2023_05_BAL_PIT,2023,5,1,0.330992978937,0.299709358386,0.299543490676,2022,0.298967639424
2023_05_CIN_ARI,2023,5,0,0.396243029058,0.367869441487,0.353076861405,2022,0.374815527342
2023_05_PHI_LA,2023,5,0,0.369059656218,0.343321830519,0.324847080716,2022,0.350835123576
2023_05_NYJ_DEN,2023,5,0,0.551441114717,0.523258953303,0.501825809123,2022,0.534373320777
2023_05_KC_MIN,2023,5,0,0.383561643836,0.362286710254,0.345643730582,2022,0.372643880279
2023_05_DAL_SF,2023,5,1,0.616438356164,0.584764184742,0.583589838562,2022,0.569120136085
2023_05_GB_LV,2023,5,1,0.517364125716,0.496708843461,0.45446932982,2022,0.503605931407
2023_06_DEN_KC,2023,6,1,0.83164983165,0.825323353002,0.864991402696,2022,0.820597859948
2023_06_BAL_TEN,2023,6,0,0.314606741573,0.279947387546,0.275939469916,2022,0.283733673991
2023_06_WAS_ATL,2023,6,0,0.532467532468,0.497325911593,0.422456467714,2022,0.495274132477
2023_06_MIN_CHI,2023,6,0,0.400361228176,0.379045949605,0.374142961187,2022,0.386171579235
2023_06_SEA_CIN,2023,6,1,0.582992641047,0.568716385909,0.537146537014,2022,0.560548326685
2023_06_SF_CLE,2023,6,1,0.208638360176,0.18378546395,0.229314664028,2022,0.197495100373
2023_06_NO_HOU,2023,6,1,0.457256461233,0.433901624105,0.402479544386,2022,0.435491834001
2023_06_IND_JAX,2023,6,1,0.6447291788,0.618796294011,0.622071862989,2022,0.62441055098
2023_06_CAR_MIA,2023,6,1,0.88,0.881943933929,0.91950143865,2022,0.872726764456
2023_06_NE_LV,2023,6,1,0.57205963556,0.533170707902,0.524721436396,2022,0.50304961839
2023_06_ARI_LA,2023,6,1,0.740871613663,0.729460921296,0.745256624407,2022,0.728294136746
2023_06_PHI_NYJ,2023,6,1,0.277920741122,0.259559487387,0.294505246363,2022,0.276929010608
2023_06_DET_TB,2023,6,0,0.406630245841,0.37555901834,0.34111188402,2022,0.36926073368
2023_06_NYG_BUF,2023,6,1,0.886956521739,0.886746620817,0.916214329795,2022,0.876064070502
2023_06_DAL_LAC,2023,6,0,0.457256461233,0.422803992483,0.408010240269,2022,0.414991410284
2023_07_JAX_NO,2023,7,0,0.57205963556,0.55591643419,0.497742378934,2022,0.554182553765
2023_07_DET_BAL,2023,7,1,0.593369754159,0.58373461351,0.561778263862,2022,0.582264546246
2023_07_LV_CHI,2023,7,1,0.436507936508,0.412932253118,0.400652558522,2022,0.423636716996
2023_07_CLE_IND,2023,7,0,0.383561643836,0.354270896548,0.34217163867,2022,0.366857023581
2023_07_BUF_NE,2023,7,1,0.234097895484,0.210195575809,0.280674697625,2022,0.215866164977
2023_07_WAS_NYG,2023,7,1,0.406630245841,0.369824407557,0.327020260719,2022,0.370653124482
2023_07_ATL_TB,2023,7,0,0.57205963556,0.543461515804,0.494170189931,2022,0.547569168066
2023_07_PIT_LA,2023,7,0,0.609236234458,0.586526201335,0.547587144765,2022,0.582294836478
2023_07_ARI_SEA,2023,7,1,0.78674351585,0.777961157,0.810846686835,2022,0.770292537754
2023_07_GB_DEN,2023,7,1,0.517364125716,0.508741040983,0.462287206582,2022,0.51830524443
2023_07_LAC_KC,2023,7,1,0.695769952073,0.669223922254,0.655314310534,2022,0.654233365771
2023_07_MIA_PHI,2023,7,1,0.582992641047,0.56808865814,0.543507708495,2022,0.572755419888
2023_07_SF_MIN,2023,7,1,0.266457680251,0.24191056724,0.28800651624,2022,0.258079091253
2023_08_TB_BUF,2023,8,1,0.795775877116,0.786007596966,0.819397890413,2022,0.779890587774
2023_08_HOU_CAR,2023,8,1,0.406630245841,0.377846639488,0.385840542711,2022,0.389550288534
2023_08_LA_DAL,2023,8,1,0.725752508361,0.709681815564,0.718497241605,2022,0.69981714641
2023_08_MIN_GB,2023,8,0,0.49567024593,0.470889590028,0.410232679682,2022,0.460692768923
2023_08_NO_IND,2023,8,0,0.457256461233,0.429482775737,0.435351661342,2022,0.449238193578
2023_08_NE_MIA,2023,8,1,0.76,0.745643543908,0.764519087264,2022,0.740425213526
2023_08_NYJ_NYG,2023,8,0,0.406630245841,0.370957710885,0.33548578452,2022,0.374716961351
2023_08_JAX_PIT,2023,8,0,0.448558885283,0.420770455311,0.36563044053,2022,0.417807835829
2023_08_ATL_TEN,2023,8,1,0.457256461233,0.425028364406,0.37138622761,2022,0.429226813341
2023_08_PHI_WAS,2023,8,0,0.277920741122,0.25536343254,0.282792464899,2022,0.260905850561
2023_08_CLE_SEA,2023,8,1,0.636904181694,0.605110454736,0.609285183246,2022,0.576674671364
2023_08_BAL_ARI,2023,8,0,0.2,0.176638771426,0.232233300135,2022,0.185644268743
2023_08_KC_DEN,2023,8,1,0.259128386337,0.237097587541,0.29516731289,2022,0.241855207714
2023_08_CIN_SF,2023,8,0,0.6447291788,0.614804354123,0.586160855085,2022,0.612509918826
2023_08_CHI_LAC,2023,8,1,0.781906300485,0.781829721436,0.809043230381,2022,0.778705276712
2023_08_LV_DET,2023,8,1,0.740871613663,0.726818868349,0.749547050985,2022,0.714238835251
2023_09_TEN_PIT,2023,9,1,0.609236234458,0.593074084413,0.598740832477,2022,0.606907183423
2023_09_MIA_KC,2023,9,1,0.510834236186,0.474750325656,0.473507792029,2022,0.496140844285
2023_09_MIN_ATL,2023,9,0,0.630940343782,0.631250580468,0.617905479479,2022,0.623172905985
2023_09_SEA_BAL,2023,9,1,0.700162074554,0.68891117047,0.684228863713,2022,0.678257768307
2023_09_ARI_CLE,2023,9,1,0.846501128668,0.848342778787,0.877984251758,2022,0.838485689225
2023_09_LA_GB,2023,9,1,0.633366141732,0.621084833256,0.593529940288,2022,0.622670752721
2023_09_TB_HOU,2023,9,1,0.57205963556,0.549631153022,0.52963284926,2022,0.560905709204
2023_09_WAS_NE,2023,9,0,0.582992641047,0.573325873186,0.530010410187,2022,0.565315024244
2023_09_CHI_NO,2023,9,1,0.781906300485,0.779904535928,0.796713729611,2022,0.774779223631
2023_09_IND_CAR,2023,9,0,0.457256461233,0.422832624133,0.368159971206,2022,0.425433511524
2023_09_NYG_LV,2023,9,1,0.517364125716,0.48418052235,0.445523773565,2022,0.494511334046
2023_09_DAL_PHI,2023,9,1,0.609236234458,0.585513869073,0.560836767056,2022,0.572945938451
2023_09_BUF_CIN,2023,9,1,0.532467532468,0.518618342134,0.461076003963,2022,0.510411403277
2023_09_LAC_NYJ,2023,9,0,0.396243029058,0.361099325689,0.334370652465,2022,0.357494774647
2023_10_CAR_CHI,2023,10,1,0.616438356164,0.598050429713,0.574447421828,2022,0.601258168534
2023_10_IND_NE,2023,10,0,0.482635874284,0.462147238331,0.419184418322,2022,0.463121722297
2023_10_CLE_BAL,2023,10,0,0.690792883054,0.664380097916,0.689079980655,2022,0.635238470201
2023_10_HOU_CIN,2023,10,0,0.685393258427,0.668434546264,0.675575403685,2022,0.671670404574
2023_10_SF_JAX,2023,10,0,0.396243029058,0.368585775688,0.351929558156,2022,0.374463460882
2023_10_NO_MIN,2023,10,1,0.417007358953,0.369080972517,0.335673505338,2022,0.363876994149
2023_10_GB_PIT,2023,10,1,0.599638771824,0.586334555664,0.578017191098,2022,0.599126620631
2023_10_TEN_TB,2023,10,1,0.563492063492,0.542662202532,0.497395672872,2022,0.532649876024
2023_10_ATL_ARI,2023,10,1,0.457256461233,0.441813195454,0.402352023285,2022,0.452504393119
2023_10_DET_LAC,2023,10,0,0.436507936508,0.408988823048,0.378757777858,2022,0.411396934927
2023_10_NYG_DAL,2023,10,1,0.919708029197,0.925118151081,0.953530260064,2022,0.920968608082
2023_10_WAS_SEA,2023,10,1,0.700162074554,0.689785285903,0.687810887273,2022,0.69101898715
2023_10_NYJ_LV,2023,10,1,0.489165763814,0.455226744906,0.404696923942,2022,0.457706218568
2023_10_DEN_BUF,2023,10,0,0.765902104516,0.755934452617,0.791024609658,2022,0.7495907342
2023_11_CIN_BAL,2023,11,1,0.6447291788,0.627660832171,0.606121789307,2022,0.62518296683
2023_11_DAL_CAR,2023,11,0,0.16835016835,0.143521960418,0.222896812982,2022,0.155960395282
2023_11_PIT_CLE,2023,11,1,0.563492063492,0.543284330062,0.509002994609,2022,0.552837751195
2023_11_CHI_DET,2023,11,1,0.781906300485,0.770281951009,0.788147911047,2022,0.760753098556
2023_11_LAC_GB,2023,11,1,0.406630245841,0.373353071169,0.338113372227,2022,0.372987609376
2023_11_ARI_HOU,2023,11,1,0.685393258427,0.662970003192,0.65568150031,2022,0.658548201028
2023_11_TEN_JAX,2023,11,1,0.713551230261,0.701096803936,0.705588710633,2022,0.694959247274
2023_11_LV_MIA,2023,11,1,0.88,0.885259339621,0.915962026881,2022,0.877675942207
2023_11_NYG_WAS,2023,11,0,0.765902104516,0.757275705145,0.777857554557,2022,0.755600551906
2023_11_TB_SF,2023,11,1,0.867716535433,0.868300596672,0.902259792049,2022,0.85819333532
2023_11_NYJ_BUF,2023,11,1,0.765902104516,0.752061636602,0.772395245635,2022,0.737690042364
2023_11_SEA_LA,2023,11,1,0.551441114717,0.545415318059,0.509988844237,2022,0.552089514719
2023_11_MIN_DEN,2023,11,1,0.563492063492,0.56343945528,0.524737490127,2022,0.575232238164
2023_11_PHI_KC,2023,11,0,0.57205963556,0.552760017349,0.541281505997,2022,0.564618954621
2023_12_GB_DET,2023,12,0,0.776833156217,0.768527901773,0.791758773471,2022,0.754233975776
2023_12_WAS_DAL,2023,12,1,0.852459016393,0.852122494068,0.892258234797,2022,0.84788348173
2023_12_SF_SEA,2023,12,0,0.2522172949,0.223124182602,0.239851852167,2022,0.228370031737
2023_12_MIA_NYJ,2023,12,0,0.2,0.171029023179,0.210387258843,2022,0.174576575934
2023_12_NO_ATL,2023,12,1,0.457256461233,0.43728075235,0.394054417253,2022,0.446567956406
2023_12_PIT_CIN,2023,12,0,0.448558885283,0.402134611038,0.353097509548,2022,0.403483781807
2023_12_JAX_HOU,2023,12,0,0.489165763814,0.46593029401,0.402998657369,2022,0.473142110113
2023_12_TB_IND,2023,12,1,0.582992641047,0.56514232476,0.516373516703,2022,0.559288851765
2023_12_NE_NYG,2023,12,1,0.342524773804,0.30071460278,0.337638465433,2022,0.316942184631
2023_12_CAR_TEN,2023,12,1,0.609236234458,0.578025563143,0.545997936666,2022,0.575831552022
2023_12_LA_ARI,2023,12,0,0.42794036444,0.402432756559,0.396329415419,2022,0.41752512177
2023_12_CLE_DEN,2023,12,1,0.532467532468,0.520121517029,0.482691913776,2022,0.530401014193
2023_12_KC_LV,2023,12,0,0.2,0.174754709762,0.263102638979,2022,0.195416470442
2023_12_BUF_PHI,2023,12,1,0.57205963556,0.54259472298,0.50346825287,2022,0.537763456396
2023_12_BAL_LAC,2023,12,0,0.396243029058,0.378515898041,0.335976486343,2022,0.38398153214
2023_12_CHI_MIN,2023,12,0,0.599638771824,0.557699986214,0.521367296518,2022,0.536271489873
2023_13_SEA_DAL,2023,13,1,0.8,0.791430394516,0.835739064206,2022,0.776201173786
2023_13_DEN_HOU,2023,13,1,0.603756970942,0.59218562626,0.556364834231,2022,0.594654430614
2023_13_LAC_NE,2023,13,0,0.336351875809,0.30662926849,0.324373593267,2022,0.317549240122
2023_13_DET_NO,2023,13,0,0.363095818306,0.333143713765,0.318873039253,2022,0.338231020849
2023_13_ATL_NYJ,2023,13,0,0.467532467532,0.444538842919,0.381594919424,2022,0.443369222273
2023_13_ARI_PIT,2023,13,0,0.709543568465,0.682233179885,0.708139553806,2022,0.64578807351
2023_13_IND_TEN,2023,13,0,0.473913414738,0.444728413342,0.405554420675,2022,0.450281636824
2023_13_MIA_WAS,2023,13,0,0.21325648415,0.181552473738,0.221815068696,2022,0.191629216392
2023_13_CAR_TB,2023,13,1,0.636904181694,0.605786096707,0.586447567564,2022,0.588685125847
2023_13_CLE_LA,2023,13,1,0.630940343782,0.623375781414,0.590233966974,2022,0.617888420769
2023_13_SF_PHI,2023,13,0,0.42794036444,0.393432313206,0.37121366474,2022,0.407712964186
2023_13_KC_GB,2023,13,1,0.304230047927,0.271162309582,0.292266460817,2022,0.274040455541
2023_13_CIN_JAX,2023,13,0,0.811866859624,0.815673428161,0.839536186179,2022,0.807903312136
2023_14_NE_PIT,2023,14,0,0.700162074554,0.678885369454,0.689533991986,2022,0.658769537425
2023_14_TB_ATL,2023,14,0,0.532467532468,0.50401158547,0.44543755467,2022,0.502210458538
2023_14_LA_BAL,2023,14,1,0.750812567714,0.737108868206,0.77418969837,2022,0.733364999377
2023_14_DET_CHI,2023,14,1,0.396243029058,0.3823032543,0.414766087279,2022,0.407799950064
2023_14_IND_CIN,2023,14,1,0.57205963556,0.544481555874,0.542612559776,2022,0.559498966302
2023_14_JAX_CLE,2023,14,1,0.563492063492,0.550783214689,0.505004672121,2022,0.55123728665
2023_14_CAR_NO,2023,14,1,0.680555555556,0.658775211274,0.671300486749,2022,0.637156806995
2023_14_HOU_NYJ,2023,14,1,0.390763765542,0.362531703387,0.337508067431,2022,0.356557206496
2023_14_MIN_LV,2023,14,0,0.417007358953,0.393290970727,0.355492303735,2022,0.392361621509
2023_14_SEA_SF,2023,14,1,0.872093023256,0.870907754643,0.901475580424,2022,0.856567801128
2023_14_BUF_KC,2023,14,0,0.532467532468,0.503033466595,0.436538091524,2022,0.501607729633
2023_14_DEN_LAC,2023,14,0,0.593369754159,0.574414116593,0.569440131187,2022,0.586967020155
2023_14_PHI_DAL,2023,14,1,0.609236234458,0.579104456376,0.552669496366,2022,0.563158216024
2023_14_TEN_MIA,2023,14,0,0.867716535433,0.868648303349,0.912644988257,2022,0.867742567162
2023_14_GB_NYG,2023,14,1,0.304230047927,0.279688341094,0.290164486506,2022,0.284737246417
2023_15_LAC_LV,2023,15,1,0.593369754159,0.589837668605,0.56986178801,2022,0.596188997387
2023_15_MIN_CIN,2023,15,1,0.609236234458,0.585405226399,0.557342372398,2022,0.588757437845
2023_15_PIT_IND,2023,15,1,0.526086585262,0.501882783941,0.439152354073,2022,0.498285993255
2023_15_DEN_DET,2023,15,1,0.690792883054,0.68357300537,0.684832179011,2022,0.684106357465
2023_15_ATL_CAR,2023,15,1,0.417007358953,0.393805007518,0.368866292457,2022,0.399068148727
2023_15_CHI_CLE,2023,15,1,0.57205963556,0.542006079198,0.501359496726,2022,0.54327955157
2023_15_TB_GB,2023,15,0,0.657475226196,0.63604235988,0.629234134311,2022,0.624749238311
2023_15_NYJ_MIA,2023,15,1,0.744069015097,0.725454617439,0.743409882368,2022,0.711548307967
2023_15_KC_NE,2023,15,0,0.204224122884,0.179311059125,0.231173787717,2022,0.186147171963
2023_15_NYG_NO,2023,15,1,0.685393258427,0.676474102789,0.674800542651,2022,0.673960240893
2023_15_HOU_TEN,2023,15,0,0.603756970942,0.581493323414,0.547353762242,2022,0.583921226038
2023_15_SF_ARI,2023,15,0,0.153498871332,0.133526006667,0.204157734977,2022,0.134315473783
2023_15_WAS_LA,2023,15,1,0.717970521542,0.70489752748,0.705921649783,2022,0.694437809078
2023_15_DAL_BUF,2023,15,1,0.551441114717,0.54440516723,0.496067285438,2022,0.540637159059
2023_15_BAL_JAX,2023,15,0,0.336351875809,0.310078713757,0.291914915927,2022,0.31233776752
2023_15_PHI_SEA,2023,15,1,0.324968753005,0.289722110501,0.291310408264,2022,0.29888148605
2023_16_NO_LA,2023,16,1,0.657475226196,0.652247946824,0.654263362722,2022,0.643599145672
2023_16_CIN_PIT,2023,16,1,0.417007358953,0.393428534088,0.369359654197,2022,0.386021568623
2023_16_BUF_LAC,2023,16,0,0.147540983607,0.11956017618,0.173660073537,2022,0.128387672312
2023_16_IND_ATL,2023,16,1,0.582992641047,0.575088705941,0.540156245489,2022,0.574037485958
2023_16_GB_CAR,2023,16,0,0.363095818306,0.342183038651,0.321433795397,2022,0.342018533684
2023_16_CLE_HOU,2023,16,0,0.406630245841,0.37429261528,0.355950206671,2022,0.385248505667
2023_16_DET_MIN,2023,16,0,0.42794036444,0.392986710001,0.349849885954,2022,0.388386808793
2023_16_WAS_NYJ,2023,16,1,0.599638771824,0.58268091572,0.562606242365,2022,0.589775107174
2023_16_SEA_TEN,2023,16,0,0.400361228176,0.371161427403,0.39229479627,2022,0.393159081127
2023_16_JAX_TB,2023,16,1,0.467532467532,0.433625075856,0.400085789697,2022,0.44562405208
2023_16_ARI_CHI,2023,16,1,0.657475226196,0.64474031625,0.620511898256,2022,0.638421644178
2023_16_DAL_MIA,2023,16,1,0.526086585262,0.507522701192,0.468175769842,2022,0.507219276706
2023_16_NE_DEN,2023,16,0,0.740871613663,0.72866645856,0.743712506898,2022,0.720237256126
2023_16_LV_KC,2023,16,0,0.822335025381,0.817705150685,0.844258188085,2022,0.805317718689
2023_16_NYG_PHI,2023,16,1,0.86301369863,0.866115206015,0.908850937967,2022,0.866766408875
2023_16_BAL_SF,2023,16,0,0.744069015097,0.732702023447,0.742224472056,2022,0.727287748271
2023_17_NYJ_CLE,2023,17,1,0.741504501888,0.724575737091,0.741524258401,2022,0.715464734939
2023_17_DET_DAL,2023,17,1,0.675031246995,0.655725887019,0.639514289695,2022,0.644453403159
2023_17_MIA_BAL,2023,17,1,0.616438356164,0.598204756934,0.602479497431,2022,0.610032569461
2023_17_NE_BUF,2023,17,1,0.886956521739,0.88789824238,0.915858057084,2022,0.879509239983
2023_17_ATL_CHI,2023,17,1,0.582992641047,0.577235339893,0.53974416527,2022,0.580006343537
2023_17_TEN_HOU,2023,17,1,0.669007021063,0.657971416683,0.643515772365,2022,0.648908026252
2023_17_LV_IND,2023,17,1,0.616438356164,0.59419679995,0.578784354347,2022,0.600890372994
2023_17_CAR_JAX,2023,17,1,0.630940343782,0.601949972607,0.580368042975,2022,0.600660207171
2023_17_LA_NYG,2023,17,0,0.282029478458,0.256691309792,0.267500491618,2022,0.26278767628
2023_17_ARI_PHI,2023,17,0,0.846501128668,0.842898794167,0.8784721518,2022,0.824075284095
2023_17_NO_TB,2023,17,0,0.57205963556,0.540467771433,0.490811291114,2022,0.539570745105
2023_17_SF_WAS,2023,17,0,0.123822341857,0.104575547786,0.185115710109,2022,0.109208015329
2023_17_PIT_SEA,2023,17,0,0.663648124191,0.654378485094,0.67793383334,2022,0.665950647366
2023_17_LAC_DEN,2023,17,1,0.636904181694,0.617716161951,0.587874356701,2022,0.613305877128
2023_17_CIN_KC,2023,17,1,0.744069015097,0.744704301336,0.769301315352,2022,0.744715642077
2023_17_GB_MIN,2023,17,0,0.50432975407,0.479448040085,0.415927709045,2022,0.484583483917
2023_18_PIT_BAL,2023,18,0,0.417007358953,0.351244002308,0.294774905821,2022,0.342627770085
2023_18_HOU_IND,2023,18,0,0.467532467532,0.430107315551,0.404001560047,2022,0.445934380675
2023_18_TB_CAR,2023,18,0,0.319444444444,0.289974387307,0.298758185118,2022,0.286026103551
2023_18_CLE_CIN,2023,18,1,0.750812567714,0.75539091725,0.802250348783,2022,0.764295560937
2023_18_MIN_DET,2023,18,1,0.6447291788,0.616472731183,0.615939947081,2022,0.595436426867
2023_18_NYJ_NE,2023,18,0,0.563492063492,0.543975439525,0.513631792354,2022,0.551598744731
2023_18_ATL_NO,2023,18,1,0.609236234458,0.5838318819,0.537701474077,2022,0.578433926067
2023_18_JAX_TEN,2023,18,1,0.377533448139,0.352890630947,0.336445319696,2022,0.362932530337
2023_18_SEA_ARI,2023,18,0,0.417007358953,0.39300398305,0.375321570255,2022,0.405672372824
2023_18_CHI_GB,2023,18,1,0.57205963556,0.534644570194,0.518054858539,2022,0.541041462266
2023_18_KC_LAC,2023,18,0,0.622466551861,0.630565611436,0.641378325413,2022,0.64117648212
2023_18_DEN_LV,2023,18,1,0.609236234458,0.600812264889,0.564636963054,2022,0.601943982114
2023_18_PHI_NYG,2023,18,1,0.328729819101,0.311843325376,0.335131932832,2022,0.327948709797
2023_18_LA_SF,2023,18,0,0.680555555556,0.652153793771,0.637714239157,2022,0.646860293622
2023_18_DAL_WAS,2023,18,0,0.142056074766,0.121356549434,0.200851976492,2022,0.134657257571
2023_18_BUF_MIA,2023,18,0,0.417007358953,0.384827332829,0.349863557593,2022,0.384787613402
2024_01_BAL_KC,2024,1,1,0.57205963556,0.591100073448,0.549040505465,2023,0.586046163787
2024_01_GB_PHI,2024,1,1,0.542743538767,0.537581528346,0.486164290978,2023,0.538654928606
2024_01_PIT_ATL,2024,1,0,0.630940343782,0.647734715736,0.627700715648,2023,0.651054872046
2024_01_ARI_BUF,2024,1,1,0.725752508361,0.706819906004,0.748025221445,2023,0.721723427899
2024_01_TEN_CHI,2024,1,1,0.636904181694,0.622212620808,0.616528775465,2023,0.625511754672
2024_01_NE_CIN,2024,1,0,0.757188498403,0.732931823926,0.754411964967,2023,0.71779479846
2024_01_HOU_IND,2024,1,0,0.417007358953,0.383486176633,0.382444269225,2023,0.391471896684
2024_01_JAX_MIA,2024,1,1,0.616438356164,0.580524258436,0.573173016321,2023,0.590526692425
2024_01_CAR_NO,2024,1,1,0.630940343782,0.581006193695,0.56610877442,2023,0.56870307191
2024_01_MIN_NYG,2024,1,0,0.489165763814,0.480377900415,0.448524431899,2023,0.482553196921
2024_01_LV_LAC,2024,1,1,0.582992641047,0.577737106346,0.553445477799,2023,0.581826992283
2024_01_DEN_SEA,2024,1,1,0.705033164261,0.705109425999,0.748580867217,2023,0.721418225996
2024_01_DAL_CLE,2024,1,0,0.542743538767,0.559122726201,0.551627972125,2023,0.570535425439
2024_01_WAS_TB,2024,1,1,0.636904181694,0.597889230522,0.578328978272,2023,0.589875877224
2024_01_LA_DET,2024,1,1,0.663648124191,0.66193064216,0.666605284108,2023,0.671414175974
2024_01_NYJ_SF,2024,1,1,0.616438356164,0.551604175021,0.515171022312,2023,0.542991140658
2024_02_BUF_MIA,2024,2,0,0.551441114717,0.555050624518,0.543890539713,2023,0.575025016541
2024_02_LV_BAL,2024,2,0,0.78674351585,0.773906471553,0.790719537178,2023,0.775704022709
2024_02_LAC_CAR,2024,2,0,0.336351875809,0.315973572585,0.310475536716,2023,0.319915398693
2024_02_NO_DAL,2024,2,0,0.713551230261,0.711984510797,0.751386609652,2023,0.727744550208
2024_02_TB_DET,2024,2,0,0.757188498403,0.765310275238,0.800140500655,2023,0.772870864841
2024_02_IND_GB,2024,2,1,0.436507936508,0.366039324994,0.355629428953,2023,0.353433238432
2024_02_CLE_JAX,2024,2,0,0.603756970942,0.584582459202,0.586355391797,2023,0.599582362092
2024_02_SF_MIN,2024,2,1,0.342524773804,0.342200513919,0.325682745126,2023,0.32952435236
2024_02_SEA_NE,2024,2,0,0.396243029058,0.382198211152,0.393331610589,2023,0.365098956971
2024_02_NYJ_TEN,2024,2,0,0.383561643836,0.342344150477,0.35135512139,2023,0.349948155301
2024_02_NYG_WAS,2024,2,1,0.532467532468,0.53320384639,0.535044180147,2023,0.538070288305
2024_02_LA_ARI,2024,2,1,0.49567024593,0.506221120111,0.447374168872,2023,0.501407608295
2024_02_PIT_DEN,2024,2,0,0.417007358953,0.392915804048,0.366569516919,2023,0.389101032052
2024_02_CIN_KC,2024,2,1,0.713551230261,0.710534085832,0.708336791336,2023,0.706438276236
2024_02_CHI_HOU,2024,2,1,0.690792883054,0.683207476869,0.693137413637,2023,0.682348201174
2024_02_ATL_PHI,2024,2,0,0.695769952073,0.668012230447,0.664561495818,2023,0.656750343091
2024_03_NE_NYJ,2024,3,1,0.709543568465,0.710624114973,0.722742575728,2023,0.722220770518
2024_03_NYG_CLE,2024,3,0,0.700162074554,0.69399942799,0.714819747779,2023,0.68729653002
2024_03_CHI_IND,2024,3,1,0.532467532468,0.521055583391,0.478243717111,2023,0.522357671567
2024_03_HOU_MIN,2024,3,1,0.448558885283,0.420917173221,0.407017736854,2023,0.424424232958
2024_03_PHI_NO,2024,3,0,0.563492063492,0.531073017995,0.537737622737,2023,0.554227376932
2024_03_LAC_PIT,2024,3,1,0.57205963556,0.534181789453,0.50049401582,2023,0.526105196498
2024_03_DEN_TB,2024,3,0,0.680555555556,0.657102565187,0.646939624586,2023,0.651112759116
2024_03_GB_TEN,2024,3,0,0.593369754159,0.622791037998,0.594251673298,2023,0.61325135773
2024_03_CAR_LV,2024,3,0,0.680555555556,0.641931741024,0.644354814056,2023,0.606361593522
2024_03_MIA_SEA,2024,3,1,0.6447291788,0.633904572883,0.62659557794,2023,0.631096016785
2024_03_DET_ARI,2024,3,0,0.42794036444,0.423851235409,0.388299359124,2023,0.413356403206
2024_03_BAL_DAL,2024,3,0,0.478260869565,0.460415117653,0.407763909288,2023,0.456411274576
2024_03_SF_LA,2024,3,1,0.309207116946,0.296634274718,0.287132286601,2023,0.293245195538
2024_03_KC_ATL,2024,3,0,0.396243029058,0.380101979282,0.350288270783,2023,0.37262532325
2024_03_JAX_BUF,2024,3,1,0.657475226196,0.614798270893,0.592561611636,2023,0.604622934803
2024_03_WAS_CIN,2024,3,0,0.7477827051,0.734513730504,0.737244438258,2023,0.734923017029
2024_04_DAL_NYG,2024,4,0,0.314606741573,0.299177625391,0.284580168297,2023,0.294181611817
2024_04_NO_ATL,2024,4,1,0.563492063492,0.601333964353,0.587549315573,2023,0.614170042007
2024_04_CIN_CAR,2024,4,0,0.3552708212,0.34479243388,0.351480065782,2023,0.342321259896
2024_04_LA_CHI,2024,4,1,0.593369754159,0.598742962739,0.572126053576,2023,0.60037806331
2024_04_MIN_GB,2024,4,0,0.551441114717,0.520779233419,0.498043171917,2023,0.516155342957
2024_04_JAX_HOU,2024,4,1,0.675031246995,0.660228390603,0.64370663941,2023,0.66020589225
2024_04_PIT_IND,2024,4,1,0.457256461233,0.450514202768,0.420884873955,2023,0.434663666939
2024_04_DEN_NYJ,2024,4,0,0.776833156217,0.788296889678,0.819954697311,2023,0.796334954455
2024_04_PHI_TB,2024,4,1,0.489165763814,0.466060867168,0.421296687963,2023,0.468886173644
2024_04_WAS_ARI,2024,4,0,0.616438356164,0.589075971703,0.568748921453,2023,0.586098861795
2024_04_NE_SF,2024,4,1,0.811866859624,0.797177812241,0.814693552506,2023,0.792991787876
2024_04_KC_LAC,2024,4,0,0.255930984903,0.231676165247,0.268702126246,2023,0.237491804645
2024_04_CLE_LV,2024,4,1,0.448558885283,0.408448991919,0.364292527749,2023,0.409693688285
2024_04_BUF_BAL,2024,4,1,0.551441114717,0.537788776038,0.500310101198,2023,0.542296457672
2024_04_TEN_MIA,2024,4,0,0.551441114717,0.512683873412,0.472505792375,2023,0.511590234661
2024_04_SEA_DET,2024,4,1,0.622466551861,0.619508579087,0.636356158454,2023,0.636466974793
2024_05_TB_ATL,2024,5,1,0.563492063492,0.58053026379,0.556439835938,2023,0.565260389166
2024_05_NYJ_MIN,2024,5,1,0.563492063492,0.515267047669,0.494557196263,2023,0.500223165353
2024_05_CAR_CHI,2024,5,1,0.636904181694,0.6019155497,0.578880471445,2023,0.598375126592
2024_05_BAL_CIN,2024,5,0,0.42794036444,0.422367390302,0.380180018855,2023,0.419779436317
2024_05_BUF_HOU,2024,5,1,0.517364125716,0.531247334452,0.496250259225,2023,0.54113052195
2024_05_IND_JAX,2024,5,1,0.622466551861,0.632466338138,0.615924881242,2023,0.630035671556
2024_05_MIA_NE,2024,5,0,0.457256461233,0.450066538847,0.432420661198,2023,0.456892225178
2024_05_CLE_WAS,2024,5,1,0.582992641047,0.569412146615,0.555719710053,2023,0.564435326658
2024_05_LV_DEN,2024,5,1,0.582992641047,0.589159671507,0.603604713684,2023,0.605907223648
2024_05_ARI_SF,2024,5,0,0.733542319749,0.716029756575,0.749974869832,2023,0.722864238063
2024_05_GB_LA,2024,5,0,0.417007358953,0.388500421341,0.353711740456,2023,0.38278774787
2024_05_NYG_SEA,2024,5,0,0.725752508361,0.71035527333,0.728468800581,2023,0.719009496508
2024_05_DAL_PIT,2024,5,0,0.551441114717,0.539324063063,0.495990192459,2023,0.540110953399
2024_05_NO_KC,2024,5,1,0.669007021063,0.664042867946,0.684665196313,2023,0.672565502119
2024_06_SF_SEA,2024,6,0,0.363095818306,0.343553335638,0.333411031538,2023,0.347630741936
2024_06_JAX_CHI,2024,6,1,0.478260869565,0.435023180941,0.383943935403,2023,0.434992950439
2024_06_WAS_BAL,2024,6,1,0.709543568465,0.690250139384,0.715420673191,2023,0.694515557347
2024_06_ARI_GB,2024,6,1,0.675031246995,0.657086676027,0.657540744947,2023,0.666146925085
2024_06_HOU_NE,2024,6,0,0.304230047927,0.278702349477,0.276309254977,2023,0.270802503895
2024_06_TB_NO,2024,6,0,0.390763765542,0.358906276038,0.370654159653,2023,0.374106147622
2024_06_CLE_PHI,2024,6,1,0.776833156217,0.765503434926,0.786309555382,2023,0.747929927104
2024_06_IND_TEN,2024,6,0,0.551441114717,0.547775687004,0.510508381542,2023,0.544462845855
2024_06_LAC_DEN,2024,6,0,0.417007358953,0.37353444766,0.355032627019,2023,0.353445363632
2024_06_PIT_LV,2024,6,0,0.383561643836,0.366954165617,0.345122996073,2023,0.360167831986
2024_06_ATL_CAR,2024,6,0,0.309207116946,0.284684696886,0.277930131545,2023,0.276365280527
2024_06_DET_DAL,2024,6,0,0.383561643836,0.348434153491,0.323877063607,2023,0.338022686719
2024_06_CIN_NYG,2024,6,0,0.330992978937,0.2985160837,0.299698488766,2023,0.287218929488
2024_06_BUF_NYJ,2024,6,0,0.473913414738,0.478011721739,0.441715445044,2023,0.478058744604
2024_07_DEN_NO,2024,7,0,0.42794036444,0.394745915412,0.355750559111,2023,0.384374158892
2024_07_NE_JAX,2024,7,1,0.717970521542,0.712511973738,0.723218736287,2023,0.706850560665
2024_07_SEA_ATL,2024,7,0,0.593369754159,0.593904844818,0.558508254498,2023,0.594107344003
2024_07_TEN_BUF,2024,7,1,0.808157099698,0.799633459993,0.816370574621,2023,0.792290189629
2024_07_CIN_CLE,2024,7,0,0.330992978937,0.316688634271,0.318496399773,2023,0.301124213329
2024_07_HOU_GB,2024,7,1,0.603756970942,0.58007140257,0.581144902796,2023,0.592895949555
2024_07_MIA_IND,2024,7,1,0.582992641047,0.557740300494,0.51717135916,2023,0.549322639535
2024_07_DET_MIN,2024,7,0,0.517364125716,0.506018096619,0.479412311661,2023,0.514174377404
2024_07_PHI_NYG,2024,7,0,0.400361228176,0.378772399031,0.342854096051,2023,0.379023515592
2024_07_LV_LA,2024,7,1,0.7477827051,0.745735073282,0.763573256822,2023,0.740252845655
2024_07_CAR_WAS,2024,7,1,0.808157099698,0.799259276362,0.837449953309,2023,0.790435701604
2024_07_KC_SF,2024,7,0,0.563492063492,0.552096981418,0.514843843716,2023,0.553226645915
2024_07_NYJ_PIT,2024,7,1,0.400361228176,0.324802930076,0.318373513842,2023,0.322964739787
2024_07_BAL_TB,2024,7,0,0.336351875809,0.309583231862,0.335891167578,2023,0.322166527546
2024_07_LAC_ARI,2024,7,1,0.473913414738,0.463869688844,0.425384085092,2023,0.467493404883
2024_08_MIN_LA,2024,8,1,0.417007358953,0.39913817444,0.369952376949,2023,0.393996503913
2024_08_PHI_CIN,2024,8,0,0.57205963556,0.554089033516,0.527164626278,2023,0.554127162392
2024_08_BAL_CLE,2024,8,1,0.24,0.223209621495,0.308530136166,2023,0.220193109301
2024_08_TEN_DET,2024,8,1,0.852459016393,0.848682586431,0.870425259916,2023,0.843418475849
2024_08_IND_HOU,2024,8,1,0.663648124191,0.654924835825,0.677932368711,2023,0.670493084453
2024_08_GB_JAX,2024,8,0,0.369059656218,0.350261359892,0.32876323679,2023,0.344805823131
2024_08_ARI_MIA,2024,8,0,0.636904181694,0.638731539544,0.623050297766,2023,0.636874550435
2024_08_NYJ_NE,2024,8,1,0.277920741122,0.256776287791,0.254847711805,2023,0.254409160859
2024_08_ATL_TB,2024,8,0,0.473913414738,0.428149471893,0.390431808531,2023,0.434476188086
2024_08_NO_LAC,2024,8,1,0.725752508361,0.734429988779,0.751027898319,2023,0.742427857402
2024_08_BUF_SEA,2024,8,0,0.396243029058,0.372639760861,0.364704264544,2023,0.378848636698
2024_08_CAR_DEN,2024,8,1,0.846501128668,0.843884300216,0.864667719511,2023,0.832793759019
2024_08_KC_LV,2024,8,0,0.218093699515,0.202013622899,0.232325157781,2023,0.208359293858
2024_08_CHI_WAS,2024,8,1,0.526086585262,0.497426568086,0.47442824243,2023,0.496720284942
2024_08_DAL_SF,2024,8,1,0.675031246995,0.665926670788,0.665241256107,2023,0.657417094779
2024_08_NYG_PIT,2024,8,1,0.700162074554,0.670485995999,0.679010322438,2023,0.659487588031
2024_09_HOU_NYJ,2024,9,1,0.57205963556,0.582208111542,0.555312293089,2023,0.572777270809
2024_09_DAL_ATL,2024,9,1,0.599638771824,0.592134082578,0.577001955914,2023,0.598211724027
2024_09_DEN_BAL,2024,9,1,0.777960526316,0.769554889753,0.786206055831,2023,0.770647950867
2024_09_MIA_BUF,2024,9,1,0.709543568465,0.66956455134,0.671604549783,2023,0.662230090867
2024_09_NO_CAR,2024,9,1,0.255930984903,0.224841215925,0.250620938736,2023,0.229689837969
2024_09_LV_CIN,2024,9,1,0.771505376344,0.767519071248,0.807009771469,2023,0.762074262588
2024_09_LAC_CLE,2024,9,0,0.457256461233,0.440139079909,0.392969561127,2023,0.430637080747
2024_09_WAS_NYG,2024,9,0,0.342524773804,0.321629670419,0.322617139559,2023,0.301766056182
2024_09_NE_TEN,2024,9,1,0.593369754159,0.578293276834,0.583089029295,2023,0.594128059249
2024_09_CHI_ARI,2024,9,1,0.521739130435,0.511216292967,0.541154575205,2023,0.537320132779
2024_09_JAX_PHI,2024,9,1,0.740871613663,0.740200603775,0.774068757283,2023,0.744855950624
2024_09_DET_GB,2024,9,0,0.417007358953,0.397685244012,0.368168317375,2023,0.398606015922
2024_09_LA_SEA,2024,9,0,0.467532467532,0.440126741575,0.399715552826,2023,0.441023421989
2024_09_IND_MIN,2024,9,1,0.717970521542,0.711600061596,0.717084042427,2023,0.715859028495
2024_09_TB_KC,2024,9,1,0.776833156217,0.777879200328,0.817480264587,2023,0.788688764773
2024_10_CIN_BAL,2024,10,1,0.700162074554,0.671042831263,0.673142926485,2023,0.651429803254
2024_10_NYG_CAR,2024,10,1,0.282029478458,0.248713856703,0.248552914184,2023,0.246958586399
2024_10_NE_CHI,2024,10,0,0.733542319749,0.723746762303,0.730994612828,2023,0.72661329344
2024_10_BUF_IND,2024,10,0,0.330992978937,0.333581495878,0.33621551077,2023,0.336780887367
2024_10_MIN_JAX,2024,10,0,0.253416856492,0.219658884665,0.233755161568,2023,0.22725810394
2024_10_DEN_KC,2024,10,1,0.76,0.74826651868,0.755514835826,2023,0.748683425701
2024_10_ATL_NO,2024,10,1,0.369059656218,0.351876825175,0.3336883764,2023,0.346634351665
2024_10_SF_TB,2024,10,0,0.282029478458,0.252325008242,0.250664580327,2023,0.243678419091
2024_10_PIT_WAS,2024,10,0,0.526086585262,0.497947985267,0.473400641537,2023,0.463832124424
2024_10_TEN_LAC,2024,10,1,0.76,0.763758501445,0.794843230121,2023,0.758645837859
2024_10_NYJ_ARI,2024,10,1,0.457256461233,0.410163781625,0.403369075051,2023,0.424737595978
2024_10_PHI_DAL,2024,10,0,0.249187432286,0.208978007096,0.221977968832,2023,0.213570235897
2024_10_DET_HOU,2024,10,0,0.330992978937,0.318763091255,0.340821660522,2023,0.334690665048
2024_10_MIA_LA,2024,10,0,0.563492063492,0.531285734608,0.506014489516,2023,0.542976302359
2024_11_WAS_PHI,2024,11,1,0.669007021063,0.674865083993,0.685751734196,2023,0.673792783644
2024_11_GB_CHI,2024,11,0,0.304230047927,0.288623858653,0.283391790359,2023,0.280371887237
2024_11_JAX_DET,2024,11,1,0.872093023256,0.873178755598,0.899288054476,2023,0.871920134112
2024_11_LV_MIA,2024,11,1,0.776833156217,0.780013173452,0.799656686304,2023,0.783972149159
2024_11_LA_NE,2024,11,0,0.363095818306,0.345321128563,0.325755372836,2023,0.339996841347
2024_11_CLE_NO,2024,11,1,0.489165763814,0.465742574553,0.463934230914,2023,0.485051621188
2024_11_IND_NYJ,2024,11,0,0.6447291788,0.64084656662,0.644025490361,2023,0.644084902098
2024_11_BAL_PIT,2024,11,1,0.390763765542,0.373516961269,0.356462181722,2023,0.366257726882
2024_11_MIN_TEN,2024,11,0,0.286448769739,0.27919204709,0.323286217144,2023,0.294527686471
2024_11_ATL_DEN,2024,11,1,0.551441114717,0.532867290875,0.51980547162,2023,0.54081720736
2024_11_SEA_SF,2024,11,0,0.695769952073,0.67125789821,0.663030391978,2023,0.66987396743
2024_11_KC_BUF,2024,11,1,0.563492063492,0.539485064205,0.500074773678,2023,0.540480897776
2024_11_CIN_LAC,2024,11,1,0.5,0.489936640881,0.438200855583,2023,0.491071147897
2024_11_HOU_DAL,2024,11,0,0.249187432286,0.208195539405,0.22476487169,2023,0.211488296231
2024_12_PIT_CLE,2024,12,1,0.3552708212,0.355673680837,0.335886300712,2023,0.348853275967
2024_12_KC_CAR,2024,12,0,0.16,0.148643798558,0.174406794843,2023,0.149656399988
2024_12_MIN_CHI,2024,12,0,0.390763765542,0.396840105826,0.377615808697,2023,0.397334613663
2024_12_TEN_HOU,2024,12,0,0.757188498403,0.746489529259,0.753868940958,2023,0.748350727584
2024_12_DET_IND,2024,12,0,0.242811501597,0.239158037024,0.269842540193,2023,0.241667338635
2024_12_NE_MIA,2024,12,1,0.750812567714,0.738251680339,0.743254791935,2023,0.739783637716
2024_12_TB_NYG,2024,12,0,0.282029478458,0.262224406758,0.279501166134,2023,0.258384850211
2024_12_DAL_WAS,2024,12,0,0.827123695976,0.829097275784,0.870407031523,2023,0.834941022762
2024_12_DEN_LV,2024,12,0,0.294966835739,0.276140766451,0.315054940953,2023,0.29328900472
2024_12_SF_GB,2024,12,1,0.713551230261,0.739595554799,0.755241103316,2023,0.741919671725
2024_12_ARI_SEA,2024,12,1,0.489165763814,0.472137172848,0.437122097969,2023,0.455071287673
2024_12_PHI_LA,2024,12,0,0.396243029058,0.378078940031,0.345747710957,2023,0.372597929268
2024_12_BAL_LAC,2024,12,0,0.400361228176,0.400759069364,0.384786488656,2023,0.392372252064
2024_13_CHI_DET,2024,13,1,0.804292929293,0.782374932255,0.806935794405,2023,0.760572549349
2024_13_NYG_DAL,2024,13,1,0.661450015969,0.629643752216,0.620364402769,2023,0.616780267705
2024_13_MIA_GB,2024,13,1,0.609236234458,0.591575254676,0.603018111648,2023,0.60509993327
2024_13_LV_KC,2024,13,1,0.852459016393,0.85152954307,0.870575336876,2023,0.849379512706
2024_13_LAC_ATL,2024,13,0,0.482635874284,0.462026672538,0.408974399072,2023,0.464524906487
2024_13_PIT_CIN,2024,13,0,0.582992641047,0.572140713327,0.558662747469,2023,0.584291930523
2024_13_HOU_JAX,2024,13,0,0.369059656218,0.344219487428,0.348890449955,2023,0.355940783582
2024_13_ARI_MIN,2024,13,1,0.622466551861,0.584997683149,0.565652027316,2023,0.573178844689
2024_13_IND_NE,2024,13,0,0.448558885283,0.420930722149,0.378387205507,2023,0.412213293448
2024_13_SEA_NYJ,2024,13,0,0.510834236186,0.492281239206,0.485306133058,2023,0.509391010383
2024_13_TEN_WAS,2024,13,1,0.685393258427,0.662628201576,0.660877685088,2023,0.664228228298
2024_13_TB_CAR,2024,13,0,0.286448769739,0.280537251197,0.295648825006,2023,0.289531292957
2024_13_LA_NO,2024,13,0,0.436507936508,0.419161568416,0.396612120633,2023,0.425407875796
2024_13_PHI_BAL,2024,13,0,0.593369754159,0.580317931998,0.564810671899,2023,0.589061829
2024_13_SF_BUF,2024,13,1,0.740871613663,0.725259518287,0.752526306992,2023,0.733009609068
2024_13_CLE_DEN,2024,13,1,0.713551230261,0.689152894821,0.694365147022,2023,0.67907705228
2024_14_GB_DET,2024,14,1,0.603756970942,0.581854412714,0.610100809499,2023,0.603046939583
2024_14_NYJ_MIA,2024,14,1,0.717970521542,0.693130744051,0.701101228874,2023,0.679467639429
2024_14_ATL_MIN,2024,14,1,0.685393258427,0.659387272035,0.651156894706,2023,0.651306060803
2024_14_NO_NYG,2024,14,0,0.319444444444,0.275754971236,0.268901107397,2023,0.272857007301
2024_14_CAR_PHI,2024,14,1,0.867716535433,0.864014977239,0.892428894486,2023,0.85929603666
2024_14_CLE_PIT,2024,14,1,0.690792883054,0.658349810219,0.653770459201,2023,0.654819032271
2024_14_LV_TB,2024,14,1,0.733542319749,0.713699442262,0.724539338437,2023,0.695347480505
2024_14_JAX_TEN,2024,14,0,0.603756970942,0.608177745654,0.59987981471,2023,0.618869957984
2024_14_SEA_ARI,2024,14,0,0.609236234458,0.594331938341,0.570515248297,2023,0.588781253639
2024_14_BUF_LA,2024,14,1,0.369059656218,0.352344417548,0.333035060186,2023,0.348620999894
2024_14_CHI_SF,2024,14,1,0.593369754159,0.556651727545,0.552398617147,2023,0.569170783892
2024_14_LAC_KC,2024,14,1,0.675031246995,0.650196381456,0.639556798433,2023,0.639790720728
2024_14_CIN_DAL,2024,14,0,0.330992978937,0.293542347965,0.288968061474,2023,0.294332152838
2024_15_LA_SF,2024,15,0,0.582992641047,0.569179854529,0.538154093629,2023,0.573213007612
2024_15_DAL_CAR,2024,15,0,0.563492063492,0.564294849881,0.524229041759,2023,0.559713527393
2024_15_KC_CLE,2024,15,0,0.330992978937,0.336621684117,0.339294688933,2023,0.336775779184
2024_15_MIA_HOU,2024,15,1,0.582992641047,0.583082631599,0.591595447704,2023,0.596205459455
2024_15_NYJ_JAX,2024,15,0,0.390763765542,0.351291752108,0.340626204876,2023,0.35744309925
2024_15_WAS_NO,2024,15,0,0.242811501597,0.213980019653,0.21649561487,2023,0.210988695969
2024_15_BAL_NYG,2024,15,0,0.0875576036866,0.0695859258165,0.100283427209,2023,0.0677650861973
2024_15_CIN_TEN,2024,15,0,0.314606741573,0.306842126894,0.336207579492,2023,0.318739842442
2024_15_NE_ARI,2024,15,1,0.690792883054,0.680980969464,0.676868081303,2023,0.684975050607
2024_15_IND_DEN,2024,15,1,0.675031246995,0.649126382328,0.645449788477,2023,0.637666182505
2024_15_BUF_DET,2024,15,0,0.542743538767,0.50607288776,0.517640780192,2023,0.519855733459
2024_15_TB_LAC,2024,15,0,0.593369754159,0.595508681001,0.594072257556,2023,0.602519093452
2024_15_PIT_PHI,2024,15,1,0.695769952073,0.679775480142,0.685839628228,2023,0.686451273396
2024_15_GB_SEA,2024,15,0,0.406630245841,0.39327663885,0.377874355811,2023,0.396385600129
2024_15_CHI_MIN,2024,15,1,0.733542319749,0.708290494416,0.727357341358,2023,0.704137645505
2024_15_ATL_LV,2024,15,0,0.255930984903,0.224900952326,0.236353132028,2023,0.223526931543
2024_16_DEN_LAC,2024,16,1,0.57205963556,0.58691031935,0.548834442776,2023,0.580181372528
2024_16_HOU_KC,2024,16,1,0.616438356164,0.58206048373,0.559412859868,2023,0.583030901307
2024_16_PIT_BAL,2024,16,1,0.744069015097,0.738206456208,0.754040110908,2023,0.734140129209
2024_16_NYG_ATL,2024,16,1,0.811866859624,0.814412082392,0.835222688004,2023,0.799347006445
2024_16_ARI_CAR,2024,16,1,0.319444444444,0.309101219997,0.3189565017,2023,0.318282109816
2024_16_DET_CHI,2024,16,0,0.259128386337,0.263281184265,0.283269055914,2023,0.258555312725
2024_16_CLE_CIN,2024,16,1,0.817258883249,0.809299877739,0.826143806368,2023,0.79967798755
2024_16_TEN_IND,2024,16,1,0.636904181694,0.626274211929,0.628373832601,2023,0.639081979855
2024_16_LA_NYJ,2024,16,0,0.406630245841,0.400095335762,0.382323756941,2023,0.406443860705
2024_16_PHI_WAS,2024,16,1,0.342524773804,0.319696335618,0.312210546675,2023,0.301983084761
2024_16_MIN_SEA,2024,16,0,0.42794036444,0.418599303042,0.402436200558,2023,0.427924227642
2024_16_NE_BUF,2024,16,1,0.88,0.880429756342,0.909755274225,2023,0.879865774448
2024_16_JAX_LV,2024,16,1,0.542743538767,0.536684925558,0.491072666016,2023,0.532994124379
2024_16_SF_MIA,2024,16,1,0.467532467532,0.424165891712,0.38295354141,2023,0.424103811342
2024_16_TB_DAL,2024,16,1,0.342524773804,0.321359205089,0.324413023518,2023,0.326370006227
2024_16_NO_GB,2024,16,1,0.867716535433,0.866923107798,0.888733412405,2023,0.861446487282
2024_17_KC_PIT,2024,17,0,0.406630245841,0.390089230732,0.373278589068,2023,0.395049361692
2024_17_BAL_HOU,2024,17,0,0.319444444444,0.308066664358,0.303782362591,2023,0.306007932978
2024_17_SEA_CHI,2024,17,0,0.369059656218,0.350305864996,0.341363593632,2023,0.34725130697
2024_17_LAC_NE,2024,17,0,0.277920741122,0.244271406505,0.239151186683,2023,0.236332161942
2024_17_DEN_CIN,2024,17,1,0.609236234458,0.592441004633,0.562784926293,2023,0.587315160323
2024_17_ARI_LA,2024,17,1,0.740871613663,0.739340214106,0.765231433168,2023,0.743810721641
2024_17_NYJ_BUF,2024,17,1,0.804292929293,0.792354576558,0.821912203797,2023,0.796768841368
2024_17_TEN_JAX,2024,17,1,0.50432975407,0.487587669487,0.477879992962,2023,0.507864479456
2024_17_LV_NO,2024,17,0,0.467532467532,0.423830774494,0.413341231836,2023,0.440770407668
2024_17_IND_NYG,2024,17,1,0.228494623656,0.191812107661,0.199844780469,2023,0.185733057082
2024_17_DAL_PHI,2024,17,1,0.733542319749,0.713316464381,0.727213228449,2023,0.717544232173
2024_17_CAR_TB,2024,17,1,0.8,0.785605231892,0.812618718718,2023,0.773396568459
2024_17_MIA_CLE,2024,17,0,0.396243029058,0.394745466835,0.376738125377,2023,0.368819380027
2024_17_GB_MIN,2024,17,1,0.49567024593,0.481101917625,0.428073002386,2023,0.474174292966
2024_17_ATL_WAS,2024,17,1,0.630940343782,0.585906797081,0.583609841946,2023,0.594082685603
2024_17_DET_SF,2024,17,0,0.330992978937,0.337475828462,0.337140238356,2023,0.339764630799
2024_18_CLE_BAL,2024,18,1,0.925816023739,0.928986688731,0.951116304704,2023,0.918705300338
2024_18_CIN_PIT,2024,18,0,0.42794036444,0.40307786637,0.367017321711,2023,0.40612451178
2024_18_CAR_ATL,2024,18,0,0.76,0.755491659874,0.769227823771,2023,0.748840215216
2024_18_WAS_DAL,2024,18,0,0.274247491639,0.239447532501,0.24005777775,2023,0.23190418764
2024_18_CHI_GB,2024,18,0,0.771505376344,0.745182620582,0.75130477237,2023,0.715272865575
2024_18_JAX_IND,2024,18,1,0.616438356164,0.613464172715,0.602887514051,2023,0.621018132462
2024_18_BUF_NE,2024,18,1,0.400361228176,0.426971218207,0.413710892123,2023,0.416892039328
2024_18_NYG_PHI,2024,18,1,0.582992641047,0.512960750718,0.500638838812,2023,0.49034020565
2024_18_NO_TB,2024,18,1,0.876177658143,0.876020403893,0.907756486622,2023,0.877378524217
2024_18_HOU_TEN,2024,18,0,0.563492063492,0.570232871233,0.537275472013,2023,0.550574072213
2024_18_SF_ARI,2024,18,1,0.630940343782,0.633264822184,0.623298208721,2023,0.629580342875
2024_18_KC_DEN,2024,18,1,0.795775877116,0.841523450563,0.871398734075,2023,0.84898345803
2024_18_SEA_LA,2024,18,0,0.249187432286,0.187221172631,0.196610161033,2023,0.189788434215
2024_18_LAC_LV,2024,18,0,0.255930984903,0.236522753484,0.283379278369,2023,0.252511818133
2024_18_MIA_NYJ,2024,18,1,0.526086585262,0.54215194273,0.516425356227,2023,0.544777452284
2024_18_MIN_DET,2024,18,1,0.57205963556,0.54041751879,0.518858802352,2023,0.518221543469
2025_01_DAL_PHI,2025,1,1,0.776833156217,0.778097766365,0.80912335759,2024,0.772516242877
2025_01_KC_LAC,2025,1,1,0.390763765542,0.345457913733,0.322881771478,2024,0.340438276868
2025_01_TB_ATL,2025,1,0,0.489165763814,0.485723646164,0.484362862107,2024,0.490258849271
2025_01_CIN_CLE,2025,1,0,0.324968753005,0.298027714172,0.388075288097,2024,0.343038640688
2025_01_MIA_IND,2025,1,1,0.50432975407,0.491569098841,0.45172487773,2024,0.491777674401
2025_01_CAR_JAX,2025,1,1,0.6447291788,0.645714696623,0.696146743048,2024,0.667075790626
2025_01_LV_NE,2025,1,0,0.582992641047,0.574987398749,0.553526176455,2024,0.561118969795
2025_01_ARI_NO,2025,1,0,0.299837925446,0.267955068029,0.27204884621,2024,0.266599808132
2025_01_PIT_NYJ,2025,1,0,0.417007358953,0.384935762884,0.384657696804,2024,0.39531546308
2025_01_NYG_WAS,2025,1,1,0.717970521542,0.713748749854,0.697018325879,2024,0.700772449362
2025_01_TEN_DEN,2025,1,1,0.78674351585,0.789310722164,0.802294353902,2024,0.783351395918
2025_01_SF_SEA,2025,1,0,0.448558885283,0.408152487267,0.372463422464,2024,0.404524908926
2025_01_DET_GB,2025,1,1,0.521739130435,0.513935871149,0.466293933832,2024,0.514317089458
2025_01_HOU_LA,2025,1,1,0.599638771824,0.577412019947,0.597073103618,2024,0.570164410536
2025_01_BAL_BUF,2025,1,1,0.457256461233,0.428706019746,0.418680369852,2024,0.447349621865
2025_01_MIN_CHI,2025,1,0,0.49567024593,0.501479025043,0.50010105681,2024,0.526652121268
2025_02_WAS_GB,2025,2,1,0.622466551861,0.611523465979,0.58637781575,2024,0.588108324395
2025_02_CLE_BAL,2025,2,1,0.86301369863,0.870616140733,0.866331232549,2024,0.84248282601
2025_02_JAX_CIN,2025,2,1,0.630940343782,0.607880075431,0.583650207744,2024,0.594644212924
2025_02_NYG_DAL,2025,2,1,0.675031246995,0.668276775382,0.644085761154,2024,0.6421805452
2025_02_CHI_DET,2025,2,1,0.700162074554,0.677959597261,0.681438101006,2024,0.675589887848
2025_02_NE_MIA,2025,2,0,0.532467532468,0.495995734727,0.493071030363,2024,0.514936544335
2025_02_SF_NO,2025,2,0,0.400361228176,0.387542784101,0.376532025566,2024,0.39997248435
2025_02_BUF_NYJ,2025,2,0,0.286448769739,0.253484321328,0.255824101365,2024,0.261075719569
2025_02_SEA_PIT,2025,2,0,0.630940343782,0.633877023198,0.62788594832,2024,0.636224711826
2025_02_LA_TEN,2025,2,0,0.314606741573,0.290617336231,0.316821180374,2024,0.295498083329
2025_02_CAR_ARI,2025,2,1,0.725752508361,0.723030117716,0.703953834705,2024,0.707180962328
2025_02_DEN_IND,2025,2,1,0.457256461233,0.440631791744,0.468362576137,2024,0.478373452466
2025_02_PHI_KC,2025,2,0,0.473913414738,0.463656136641,0.439229457285,2024,0.473681081381
2025_02_ATL_MIN,2025,2,0,0.616438356164,0.601392304727,0.59999453769,2024,0.610559423589
2025_02_TB_HOU,2025,2,0,0.551441114717,0.562737215505,0.533860084198,2024,0.552545680081
2025_02_LAC_LV,2025,2,0,0.363095818306,0.341682923345,0.369424778379,2024,0.359405762258
2025_03_MIA_BUF,2025,3,1,0.852459016393,0.864354049358,0.877071017347,2024,0.852505202326
2025_03_ATL_CAR,2025,3,1,0.336351875809,0.311289646353,0.338733219134,2024,0.336951672833
2025_03_GB_CLE,2025,3,1,0.208638360176,0.183344018552,0.230640376582,2024,0.19936889604
2025_03_HOU_JAX,2025,3,1,0.532467532468,0.509108365823,0.489661831584,2024,0.518189722849
2025_03_CIN_MIN,2025,3,1,0.593369754159,0.604854973582,0.60048365937,2024,0.616270940715
2025_03_PIT_NE,2025,3,0,0.478260869565,0.46095744458,0.435674566059,2024,0.474790388632
2025_03_LA_PHI,2025,3,1,0.636904181694,0.621183013873,0.585858282335,2024,0.604793332591
2025_03_NYJ_TB,2025,3,1,0.744069015097,0.741282627649,0.744678104847,2024,0.733257959818
2025_03_IND_TEN,2025,3,0,0.319444444444,0.289792445548,0.28004182876,2024,0.298084863159
2025_03_LV_WAS,2025,3,1,0.582992641047,0.557469403665,0.538245808867,2024,0.558453398743
2025_03_DEN_LAC,2025,3,1,0.582992641047,0.575948599177,0.569975198847,2024,0.580176943434
2025_03_NO_SEA,2025,3,1,0.757188498403,0.75552563052,0.748350799414,2024,0.732058446161
2025_03_DAL_CHI,2025,3,1,0.467532467532,0.454945799886,0.41446786301,2024,0.453300812313
2025_03_ARI_SF,2025,3,1,0.532467532468,0.513928218498,0.49063248995,2024,0.509181906594
2025_03_KC_NYG,2025,3,0,0.266457680251,0.23086993859,0.257344279277,2024,0.246359791892
2025_03_DET_BAL,2025,3,0,0.680555555556,0.686530215216,0.668063097891,2024,0.674189134256
2025_04_SEA_ARI,2025,4,0,0.467532467532,0.443904905451,0.424421904154,2024,0.445307446459
2025_04_MIN_PIT,2025,4,1,0.42794036444,0.405280667612,0.364060872965,2024,0.361941823181
2025_04_WAS_ATL,2025,4,1,0.563492063492,0.57640738482,0.538777889793,2024,0.577462545908
2025_04_NO_BUF,2025,4,1,0.893382352941,0.904233447334,0.924170607035,2024,0.899819786648
2025_04_CLE_DET,2025,4,1,0.811866859624,0.809557760341,0.819508038119,2024,0.787844844799
2025_04_TEN_HOU,2025,4,1,0.781906300485,0.796475480626,0.806853077284,2024,0.78462075085
2025_04_CAR_NE,2025,4,1,0.695769952073,0.707003809023,0.687045205219,2024,0.692745583364
2025_04_LAC_NYG,2025,4,1,0.290456431535,0.269735828036,0.289621751987,2024,0.282015881897
2025_04_PHI_TB,2025,4,0,0.377533448139,0.341853848255,0.338543502662,2024,0.353011632998
2025_04_IND_LA,2025,4,1,0.622466551861,0.623292398666,0.590343579155,2024,0.598588840111
2025_04_JAX_SF,2025,4,0,0.616438356164,0.599323847538,0.568750809579,2024,0.580449953651
2025_04_BAL_KC,2025,4,1,0.42794036444,0.411343580991,0.433368568473,2024,0.438025245852
2025_04_CHI_LV,2025,4,0,0.532467532468,0.51430174642,0.465268269002,2024,0.509375716448
2025_04_GB_DAL,2025,4,0,0.255930984903,0.225136047154,0.263820424037,2024,0.253322200667
2025_04_NYJ_MIA,2025,4,1,0.57205963556,0.561355630471,0.53522532006,2024,0.560557238295
2025_04_CIN_DEN,2025,4,1,0.791361639824,0.810345404818,0.811511188435,2024,0.796482882217
2025_05_SF_LA,2025,5,0,0.781906300485,0.793292952888,0.829366651989,2024,0.79404588228
2025_05_MIN_CLE,2025,5,0,0.363095818306,0.346696448315,0.352750022374,2024,0.365255095518
2025_05_HOU_BAL,2025,5,0,0.42794036444,0.361498224179,0.320450924437,2024,0.343512914929
2025_05_MIA_CAR,2025,5,1,0.478260869565,0.459537783895,0.431707525343,2024,0.474980761862
2025_05_LV_IND,2025,5,1,0.750812567714,0.75329512339,0.743593002184,2024,0.728070111332
2025_05_NYG_NO,2025,5,1,0.521739130435,0.495619914381,0.494988472109,2024,0.516797846681
2025_05_DAL_NYJ,2025,5,0,0.510834236186,0.487767559582,0.461222993972,2024,0.493832390472
2025_05_DEN_PHI,2025,5,0,0.657475226196,0.651918248731,0.638626091023,2024,0.65334789917
2025_05_TEN_ARI,2025,5,0,0.776833156217,0.773805500848,0.771026509674,2024,0.759160497272
2025_05_TB_SEA,2025,5,0,0.616438356164,0.608205987642,0.572119932652,2024,0.60282611617
2025_05_DET_CIN,2025,5,0,0.182741116751,0.15235564653,0.177805445324,2024,0.166274825586
2025_05_WAS_LAC,2025,5,0,0.582992641047,0.572214450178,0.562266093161,2024,0.580446390106
2025_05_NE_BUF,2025,5,0,0.765902104516,0.768569775287,0.754809183796,2024,0.743130228787
2025_05_KC_JAX,2025,5,1,0.363095818306,0.329765053362,0.324810754935,2024,0.337771948747
2025_06_PHI_NYG,2025,6,1,0.234097895484,0.208664953584,0.231452523413,2024,0.220489203305
2025_06_DEN_NYJ,2025,6,0,0.234097895484,0.197829881553,0.212079134574,2024,0.201613167566
2025_06_LA_BAL,2025,6,0,0.2522172949,0.202656780583,0.221506937036,2024,0.215907694475
2025_06_DAL_CAR,2025,6,1,0.390763765542,0.36111070336,0.340924684756,2024,0.37264302178
2025_06_ARI_IND,2025,6,1,0.791361639824,0.803028852991,0.818729997664,2024,0.796852694699
2025_06_SEA_JAX,2025,6,0,0.489165763814,0.481772086794,0.443322083269,2024,0.487293718172
2025_06_LAC_MIA,2025,6,0,0.3552708212,0.319938095796,0.320410022983,2024,0.320737520166
2025_06_NE_NO,2025,6,0,0.369059656218,0.336726043233,0.332095940733,2024,0.353549083403
2025_06_CLE_PIT,2025,6,1,0.705033164261,0.688710958984,0.674360335763,2024,0.674452722152
2025_06_TEN_LV,2025,6,1,0.622466551861,0.606697461013,0.56484339481,2024,0.592501367682
2025_06_CIN_GB,2025,6,1,0.872093023256,0.887920581529,0.893472061674,2024,0.872097309956
2025_06_SF_TB,2025,6,1,0.630940343782,0.626169514282,0.627305221474,2024,0.633705989197
2025_06_DET_KC,2025,6,1,0.563492063492,0.568755446152,0.559004136096,2024,0.573438129854
2025_06_BUF_ATL,2025,6,1,0.3552708212,0.331522357021,0.336522738041,2024,0.319930929182
2025_06_CHI_WAS,2025,6,0,0.690792883054,0.678009932796,0.664788193437,2024,0.666856948261
2025_07_PIT_CIN,2025,7,1,0.319444444444,0.279019371487,0.307063539266,2024,0.302996843687
2025_07_LA_JAX,2025,7,0,0.400361228176,0.37759842672,0.376108617395,2024,0.392931663556
2025_07_NO_CHI,2025,7,1,0.663648124191,0.658571321109,0.633268625958,2024,0.641998629629
2025_07_MIA_CLE,2025,7,1,0.57205963556,0.577938180771,0.545866715805,2024,0.580715513083
2025_07_LV_KC,2025,7,1,0.867716535433,0.883197587511,0.892785724963,2024,0.86666039486
2025_07_PHI_MIN,2025,7,0,0.42794036444,0.396359812495,0.377369387022,2024,0.3860408073
2025_07_CAR_NYJ,2025,7,0,0.50432975407,0.48831680606,0.467653712117,2024,0.498654843941
2025_07_NE_TEN,2025,7,0,0.286448769739,0.254721085015,0.292675062588,2024,0.266625692352
2025_07_NYG_DEN,2025,7,1,0.776833156217,0.781318437131,0.779680196719,2024,0.760757021178
2025_07_IND_LAC,2025,7,0,0.551441114717,0.550462808913,0.528985553899,2024,0.555131382887
2025_07_GB_ARI,2025,7,0,0.234097895484,0.200163621014,0.246991893684,2024,0.220689747837
2025_07_WAS_DAL,2025,7,1,0.532467532468,0.537497245816,0.497015480481,2024,0.525597364552
2025_07_ATL_SF,2025,7,1,0.510834236186,0.48636883348,0.460188992331,2024,0.479093089957
2025_07_TB_DET,2025,7,1,0.705033164261,0.699342190547,0.688897377647,2024,0.689123209235
2025_07_HOU_SEA,2025,7,1,0.599638771824,0.580885000933,0.572014175625,2024,0.581060071313
2025_08_MIN_LAC,2025,8,1,0.603756970942,0.599527742774,0.615370739082,2024,0.595825189078
2025_08_MIA_ATL,2025,8,0,0.7477827051,0.752580649118,0.748789447972,2024,0.730684784789
2025_08_CHI_BAL,2025,8,1,0.57205963556,0.553337011789,0.56841498916,2024,0.55064701051
2025_08_BUF_CAR,2025,8,0,0.234097895484,0.1969721404,0.24113301139,2024,0.221728003122
2025_08_NYJ_CIN,2025,8,0,0.690792883054,0.68711174618,0.674479332012,2024,0.658700789004
2025_08_SF_HOU,2025,8,1,0.582992641047,0.584565235461,0.566869812201,2024,0.587215981
2025_08_CLE_NE,2025,8,1,0.76,0.760536475091,0.776548191607,2024,0.741858182042
2025_08_NYG_PHI,2025,8,1,0.76,0.757927571399,0.741066105678,2024,0.72894656243
2025_08_TB_NO,2025,8,0,0.342524773804,0.319310785946,0.323009414254,2024,0.323571513256
2025_08_DAL_DEN,2025,8,1,0.630940343782,0.621195499632,0.593106933664,2024,0.597021231793
2025_08_TEN_IND,2025,8,1,0.908256880734,0.920286525735,0.931288457941,2024,0.909669703787
2025_08_GB_PIT,2025,8,0,0.417007358953,0.397226909443,0.378534410431,2024,0.407455411519
2025_08_WAS_KC,2025,8,1,0.84,0.857979608185,0.861992788298,2024,0.845750012634
2025_09_BAL_MIA,2025,9,0,0.21325648415,0.172176854194,0.195343230116,2024,0.187982904336
2025_09_CHI_CIN,2025,9,0,0.406630245841,0.365795497525,0.330817970006,2024,0.339813741102
2025_09_MIN_DET,2025,9,0,0.811866859624,0.819547932726,0.847503679578,2024,0.814567177682
2025_09_CAR_GB,2025,9,0,0.872093023256,0.883233974332,0.893884796259,2024,0.868981237556
2025_09_DEN_HOU,2025,9,0,0.532467532468,0.521915888578,0.483238846903,2024,0.518284899681
2025_09_ATL_NE,2025,9,1,0.685393258427,0.677290212371,0.681241123741,2024,0.675723482021
2025_09_SF_NYG,2025,9,0,0.42794036444,0.414949183649,0.40658030786,2024,0.429609135947
2025_09_IND_PIT,2025,9,1,0.377533448139,0.348381310718,0.330924738245,2024,0.358974118986
2025_09_LAC_TEN,2025,9,0,0.16835016835,0.13903558081,0.178601826042,2024,0.154034775757
2025_09_NO_LA,2025,9,1,0.886956521739,0.898475472918,0.898766595477,2024,0.883249958857
2025_09_JAX_LV,2025,9,0,0.457256461233,0.440334792725,0.416951505513,2024,0.435382821956
2025_09_KC_BUF,2025,9,1,0.448558885283,0.422574756468,0.386868847015,2024,0.429806681327
2025_09_SEA_WAS,2025,9,0,0.42794036444,0.404057613166,0.434361915541,2024,0.433089100375
2025_09_ARI_DAL,2025,9,0,0.609236234458,0.596541062941,0.606148545489,2024,0.603700755526
2025_10_LV_DEN,2025,10,1,0.8,0.804623609153,0.814772396664,2024,0.791795468336
2025_10_ATL_IND,2025,10,1,0.725752508361,0.724272743373,0.734061087882,2024,0.719048844863
2025_10_NO_CAR,2025,10,0,0.680555555556,0.672826424136,0.670773718259,2024,0.669344867353
2025_10_NYG_CHI,2025,10,1,0.657475226196,0.645298160869,0.626296101743,2024,0.647454355686
2025_10_JAX_HOU,2025,10,1,0.489165763814,0.4577216444,0.405167573016,2024,0.45471504636
2025_10_BUF_MIA,2025,10,1,0.21325648415,0.181168170546,0.20945576177,2024,0.191583806637
2025_10_BAL_MIN,2025,10,0,0.330992978937,0.289406661268,0.277848189564,2024,0.29226844808
2025_10_CLE_NYJ,2025,10,1,0.457256461233,0.416302713767,0.417873135128,2024,0.421380022402
2025_10_NE_TB,2025,10,0,0.57205963556,0.554770945008,0.537827443318,2024,0.538481077033
2025_10_ARI_SEA,2025,10,1,0.740871613663,0.736005898284,0.740476241503,2024,0.731095864258
2025_10_LA_SF,2025,10,0,0.309207116946,0.273480101185,0.277645679131,2024,0.283996994005
2025_10_DET_WAS,2025,10,0,0.21325648415,0.174985719012,0.189918014589,2024,0.185425621239
2025_10_PIT_LAC,2025,10,1,0.593369754159,0.576790157387,0.548539834567,2024,0.564244948855
2025_10_PHI_GB,2025,10,0,0.5,0.473141884809,0.439579116789,2024,0.47998250565
2025_11_NYJ_NE,2025,11,1,0.867716535433,0.883952349115,0.895968992412,2024,0.878307538998
2025_11_WAS_MIA,2025,11,1,0.57205963556,0.560821960464,0.529621851121,2024,0.559122664887
2025_11_CAR_ATL,2025,11,0,0.657475226196,0.660494817834,0.673039474945,2024,0.665120599302
2025_11_TB_BUF,2025,11,1,0.709543568465,0.707689758861,0.69356611754,2024,0.687665395622
2025_11_LAC_JAX,2025,11,1,0.417007358953,0.401992595568,0.383688122124,2024,0.403493337491
2025_11_CHI_MIN,2025,11,0,0.57205963556,0.556643674255,0.552485752944,2024,0.547028829731
2025_11_GB_NYG,2025,11,0,0.218093699515,0.189019367358,0.21881018539,2024,0.20394841247
2025_11_CIN_PIT,2025,11,1,0.685393258427,0.691462702028,0.726946647426,2024,0.704947819935
2025_11_HOU_TEN,2025,11,0,0.304230047927,0.286256687006,0.316316962987,2024,0.309994841199
2025_11_SF_ARI,2025,11,0,0.369059656218,0.337331714012,0.32133805836,2024,0.345982279797
2025_11_SEA_LA,2025,11,1,0.609236234458,0.596395680034,0.564862599521,2024,0.577859269404
2025_11_BAL_CLE,2025,11,0,0.218093699515,0.189448385307,0.248303374228,2024,0.228032466856
2025_11_KC_DEN,2025,11,1,0.342524773804,0.309037279694,0.33055854954,2024,0.331164836414
2025_11_DET_PHI,2025,11,1,0.582992641047,0.580735661909,0.555984003468,2024,0.588804127533
2025_11_DAL_LV,2025,11,0,0.363095818306,0.33178628244,0.370593295879,2024,0.3499798282
2025_12_BUF_HOU,2025,12,1,0.309207116946,0.276852043264,0.282284928818,2024,0.2958051533
2025_12_NYJ_BAL,2025,12,1,0.876177658143,0.891364112187,0.897728234102,2024,0.871992630036
2025_12_PIT_CHI,2025,12,1,0.582992641047,0.575220564406,0.544222234779,2024,0.576213654176
2025_12_NE_CIN,2025,12,0,0.234097895484,0.194484824252,0.213422388918,2024,0.185061415527
2025_12_NYG_DET,2025,12,1,0.876177658143,0.88889465502,0.898720725994,2024,0.87450250704
2025_12_MIN_GB,2025,12,1,0.713551230261,0.703579811887,0.698841093564,2024,0.681353507837
2025_12_IND_KC,2025,12,1,0.657475226196,0.65599364671,0.648108240182,2024,0.647552080382
2025_12_SEA_TEN,2025,12,0,0.132283464567,0.105746536266,0.172161690427,2024,0.130582778007
2025_12_JAX_ARI,2025,12,0,0.448558885283,0.424178640928,0.392585177059,2024,0.402939454312
2025_12_CLE_LV,2025,12,0,0.593369754159,0.58173320677,0.58693571433,2024,0.596536971276
2025_12_PHI_DAL,2025,12,1,0.406630245841,0.384417233952,0.390745445517,2024,0.404271494981
2025_12_ATL_NO,2025,12,0,0.526086585262,0.509392497157,0.485233885507,2024,0.486618508147
2025_12_TB_LA,2025,12,1,0.757188498403,0.760392091316,0.764635127026,2024,0.749996124105
2025_12_CAR_SF,2025,12,1,0.765902104516,0.767223642067,0.759177807123,2024,0.755610368218
2025_13_GB_DET,2025,13,0,0.582992641047,0.57098885812,0.539227593004,2024,0.558052471289
2025_13_KC_DAL,2025,13,1,0.377533448139,0.351130527407,0.378908979499,2024,0.381057248704
2025_13_CIN_BAL,2025,13,0,0.757188498403,0.761407798965,0.75169883393,2024,0.726872796215
2025_13_CHI_PHI,2025,13,0,0.740871613663,0.742468700096,0.755327742989,2024,0.715923088234
2025_13_LA_CAR,2025,13,1,0.182741116751,0.153497773349,0.214114510093,2024,0.183778981005
2025_13_SF_CLE,2025,13,0,0.314606741573,0.291210173336,0.358591474193,2024,0.325412293314
2025_13_HOU_IND,2025,13,0,0.603756970942,0.589060140812,0.604283885781,2024,0.600332060889
2025_13_NO_MIA,2025,13,1,0.685393258427,0.667779621983,0.658840386163,2024,0.658075303072
2025_13_ATL_NYJ,2025,13,1,0.400361228176,0.369517271912,0.357510868289,2024,0.371300847021
2025_13_ARI_TB,2025,13,1,0.636904181694,0.627838212887,0.632636306082,2024,0.640655182217
2025_13_JAX_TEN,2025,13,0,0.299837925446,0.276962257131,0.311913880716,2024,0.288155429657
2025_13_MIN_SEA,2025,13,1,0.86301369863,0.875203150346,0.886585017827,2024,0.862547265274
2025_13_LV_LAC,2025,13,1,0.822335025381,0.827585924007,0.824478551856,2024,0.797597791396
2025_13_BUF_PIT,2025,13,0,0.400361228176,0.382129663432,0.362568132781,2024,0.395366374962
2025_13_DEN_WAS,2025,13,0,0.274247491639,0.239058061045,0.248916573517,2024,0.244044492178
2025_13_NYG_NE,2025,13,1,0.757188498403,0.754877201663,0.738615917871,2024,0.739444271359
2025_14_DAL_DET,2025,14,1,0.630940343782,0.620296796374,0.590250459496,2024,0.588969805021
2025_14_SEA_ATL,2025,14,0,0.2522172949,0.217779359656,0.225873203682,2024,0.221821485939
2025_14_PIT_BAL,2025,14,0,0.700162074554,0.694882771237,0.685868919454,2024,0.668525679983
2025_14_CIN_BUF,2025,14,1,0.709543568465,0.706044133142,0.701587014522,2024,0.692159884626
2025_14_TEN_CLE,2025,14,0,0.6447291788,0.636408591707,0.638953688866,2024,0.628219728647
2025_14_IND_JAX,2025,14,1,0.448558885283,0.428336350692,0.416522401925,2024,0.442441771773
2025_14_WAS_MIN,2025,14,1,0.489165763814,0.467068982536,0.436514725261,2024,0.456174360318
2025_14_MIA_NYJ,2025,14,0,0.42794036444,0.410930716342,0.382925204643,2024,0.418679695996
2025_14_NO_TB,2025,14,0,0.776833156217,0.779952563124,0.782311713917,2024,0.758556161107
2025_14_DEN_LV,2025,14,0,0.208638360176,0.179329825182,0.200654930591,2024,0.190043158807
2025_14_LA_ARI,2025,14,0,0.2,0.16664375032,0.200612033725,2024,0.181169557495
2025_14_CHI_GB,2025,14,1,0.722079258878,0.721422774971,0.726101213315,2024,0.692109371813
2025_14_HOU_KC,2025,14,0,0.657475226196,0.645943213007,0.626775092839,2024,0.628107622268
2025_14_PHI_LAC,2025,14,1,0.478260869565,0.452799506765,0.414119653345,2024,0.460579187228
2025_15_ATL_TB,2025,15,0,0.705033164261,0.710935745489,0.736469353734,2024,0.719170644028
2025_15_CLE_CHI,2025,15,1,0.757188498403,0.754397650073,0.753068291313,2024,0.722546131395
2025_15_BAL_CIN,2025,15,0,0.406630245841,0.377468529122,0.367711361577,2024,0.364205220591
2025_15_ARI_HOU,2025,15,1,0.827123695976,0.846551392314,0.851318617727,2024,0.831595365825
2025_15_NYJ_JAX,2025,15,1,0.876177658143,0.89071109082,0.902808217334,2024,0.877396855413
2025_15_LAC_KC,2025,15,0,0.690792883054,0.69299762298,0.688094092811,2024,0.69600858144
2025_15_BUF_NE,2025,15,0,0.436507936508,0.41090674474,0.408652735197,2024,0.430473045825
2025_15_WAS_NYG,2025,15,0,0.57205963556,0.569815957006,0.549211875792,2024,0.565104714154
2025_15_LV_PHI,2025,15,1,0.872093023256,0.886264763457,0.905832814218,2024,0.866278164656
2025_15_GB_DEN,2025,15,1,0.473913414738,0.456679495948,0.426640203051,2024,0.467279268331
2025_15_DET_LA,2025,15,1,0.680555555556,0.680101326028,0.692934382135,2024,0.692846063981
2025_15_CAR_NO,2025,15,1,0.42794036444,0.403280229882,0.374206468121,2024,0.41120424937
2025_15_IND_SEA,2025,15,1,0.872093023256,0.889393332167,0.898654558101,2024,0.881303562487
2025_15_TEN_SF,2025,15,1,0.86301369863,0.870395343805,0.877510921741,2024,0.852258354905
2025_15_MIN_DAL,2025,15,0,0.695769952073,0.69272986759,0.680690459167,2024,0.673481497335
2025_15_MIA_PIT,2025,15,1,0.609236234458,0.613796242577,0.591216134762,2024,0.607177572426
2025_16_LA_SEA,2025,16,1,0.526086585262,0.510623811092,0.475065799189,2024,0.500413220877
2025_16_PHI_WAS,2025,16,0,0.24,0.20576186865,0.259991971481,2024,0.238880958912
2025_16_GB_CHI,2025,16,1,0.517364125716,0.520111009465,0.480176187015,2024,0.518752749674
2025_16_TB_CAR,2025,16,1,0.417007358953,0.388590920332,0.407767710784,2024,0.411313577931
2025_16_BUF_CLE,2025,16,0,0.182741116751,0.149930866323,0.27986159505,2024,0.190013150308
2025_16_LAC_DAL,2025,16,0,0.526086585262,0.520788150431,0.502174470704,2024,0.526780914128
2025_16_CIN_MIA,2025,16,0,0.3552708212,0.29852913469,0.288074156721,2024,0.30005420544
2025_16_NYJ_NO,2025,16,1,0.717970521542,0.727437639429,0.741987423887,2024,0.727159023462
2025_16_MIN_NYG,2025,16,0,0.42794036444,0.419676639811,0.393984607409,2024,0.420771175481
2025_16_KC_TEN,2025,16,1,0.377533448139,0.370094223525,0.385875190994,2024,0.397190796982
2025_16_ATL_ARI,2025,16,0,0.42794036444,0.39871118554,0.372521503856,2024,0.405507849865
2025_16_JAX_DEN,2025,16,0,0.609236234458,0.591724735664,0.571085991995,2024,0.591811551906
2025_16_PIT_DET,2025,16,0,0.776833156217,0.79069652433,0.789836410708,2024,0.766511808195
2025_16_LV_HOU,2025,16,1,0.90395480226,0.916912474909,0.938118046823,2024,0.907587822406
2025_16_NE_BAL,2025,16,0,0.622466551861,0.621961043367,0.589929485711,2024,0.614127770168
2025_16_SF_IND,2025,16,0,0.336351875809,0.29394020392,0.280699328595,2024,0.300362009177
2025_17_DAL_WAS,2025,17,0,0.2,0.158221955423,0.188778598295,2024,0.173501669366
2025_17_DET_MIN,2025,17,1,0.249187432286,0.209738764111,0.251086353992,2024,0.23514461941
2025_17_DEN_KC,2025,17,0,0.12,0.0842059322047,0.105320765734,2024,0.091133255976
2025_17_HOU_LAC,2025,17,0,0.517364125716,0.486502081115,0.445215948061,2024,0.480582979116
2025_17_BAL_GB,2025,17,0,0.563492063492,0.534541290677,0.522208943182,2024,0.531480482176
2025_17_SEA_CAR,2025,17,0,0.277920741122,0.256760817433,0.321865458351,2024,0.2760544427
2025_17_ARI_CIN,2025,17,1,0.744069015097,0.744530888385,0.734111880966,2024,0.733555250653
2025_17_PIT_CLE,2025,17,1,0.3552708212,0.340857056575,0.406788842101,2024,0.386546050265
2025_17_JAX_IND,2025,17,0,0.336351875809,0.304031245009,0.314440359477,2024,0.283064734914
2025_17_TB_MIA,2025,17,1,0.314606741573,0.267450815752,0.273750342325,2024,0.272048618254
2025_17_NE_NYJ,2025,17,0,0.132283464567,0.104106808113,0.140436846382,2024,0.107014471639
2025_17_NO_TEN,2025,17,0,0.478260869565,0.466914138135,0.465643242028,2024,0.487291856174
2025_17_NYG_LV,2025,17,0,0.406630245841,0.366610564126,0.368695046458,2024,0.341600218298
2025_17_PHI_BUF,2025,17,0,0.603756970942,0.58372072772,0.559591608382,2024,0.573990577229
2025_17_CHI_SF,2025,17,1,0.6447291788,0.634535180527,0.623602717839,2024,0.63888098326
2025_17_LA_ATL,2025,17,1,0.24,0.212347969317,0.268217901264,2024,0.232983906816
2025_18_CAR_TB,2025,18,1,0.582992641047,0.557517562123,0.524787468098,2024,0.539307452302
2025_18_SEA_SF,2025,18,0,0.42794036444,0.392965043709,0.422103472398,2024,0.421972295138
2025_18_NO_ATL,2025,18,1,0.6447291788,0.640797008767,0.621865758529,2024,0.628337315835
2025_18_CLE_CIN,2025,18,0,0.78674351585,0.78647187415,0.781413850576,2024,0.759700362024
2025_18_IND_HOU,2025,18,1,0.808157099698,0.819853984249,0.819678865798,2024,0.81000144026
2025_18_TEN_JAX,2025,18,1,0.846501128668,0.851536906402,0.851705858676,2024,0.832332514678
2025_18_GB_MIN,2025,18,1,0.83164983165,0.860604344276,0.881251779105,2024,0.860389785032
2025_18_DAL_NYG,2025,18,1,0.400361228176,0.381640770345,0.366456280138,2024,0.381996660744
2025_18_NYJ_BUF,2025,18,1,0.852459016393,0.86035811313,0.872943313638,2024,0.839725218791
2025_18_DET_CHI,2025,18,0,0.616438356164,0.604991355666,0.595642373725,2024,0.600019903638
2025_18_LAC_DEN,2025,18,1,0.90395480226,0.924695216702,0.935354854503,2024,0.916696746862
2025_18_ARI_LA,2025,18,1,0.893382352941,0.905942072284,0.909329810292,2024,0.891114429485
2025_18_KC_LV,2025,18,1,0.336351875809,0.314056965537,0.345478781538,2024,0.33801918213
2025_18_MIA_NE,2025,18,1,0.872093023256,0.88678013147,0.902719623471,2024,0.884137800508
2025_18_WAS_PHI,2025,18,0,0.616438356164,0.58984998449,0.584143108771,2024,0.559473098737
2025_18_BAL_PIT,2025,18,1,0.336351875809,0.29868128658,0.299151980183,2024,0.310973749954
