game_id,season,lock_timestamp_utc,locked_home_moneyline,locked_away_moneyline,bet_price_source,bet_price_verified_utc
2026_01_ARI_LAC,2026,2026-09-13T18:43:29.746900+00:00,-500.0,380.0,nflverse_git:55430687825bbdd8640d639b9aaaa0d886778e95_verified_against_locked_market_probability,2026-09-14T16:59:32.816976+00:00
2026_01_ATL_PIT,2026,2026-09-13T15:37:41.752256+00:00,-298.0,240.0,nflverse_moneyline_verified_against_locked_market_probability,2026-09-14T16:59:19.313878+00:00
2026_01_BAL_IND,2026,2026-09-13T15:37:41.752256+00:00,145.0,-175.0,nflverse_git:ab0052e8536b2d810f9b0d9b20440f830f0e8d5d_verified_against_locked_market_probability,2026-09-14T16:59:30.834265+00:00
2026_01_BUF_HOU,2026,2026-09-13T15:37:41.752256+00:00,-108.0,-112.0,nflverse_moneyline_verified_against_locked_market_probability,2026-09-14T16:59:19.313878+00:00
2026_01_CHI_CAR,2026,2026-09-13T15:37:41.752256+00:00,142.0,-170.0,nflverse_git:73c15d167dd2a103f110105e95a2cbc57de1defe_verified_against_locked_market_probability,2026-09-14T17:31:54.080998+00:00
2026_01_CLE_JAX,2026,2026-09-13T15:37:41.752256+00:00,-470.0,360.0,nflverse_moneyline_verified_against_locked_market_probability,2026-09-14T16:59:19.313878+00:00
2026_01_DAL_NYG,2026,2026-09-13T22:40:33.180637+00:00,140.0,-166.0,nflverse_moneyline_verified_against_locked_market_probability,2026-09-14T16:59:19.313878+00:00
2026_01_DEN_KC,2026,2026-09-14T22:40:25.863509+00:00,-130.0,110.0,nflverse_moneyline_verified_against_locked_market_probability,2026-09-14T22:47:43.863449+00:00
2026_01_GB_MIN,2026,2026-09-13T18:43:29.746900+00:00,-130.0,110.0,nflverse_git:55430687825bbdd8640d639b9aaaa0d886778e95_verified_against_locked_market_probability,2026-09-14T16:59:32.823893+00:00
2026_01_MIA_LV,2026,2026-09-13T18:43:29.746900+00:00,-170.0,142.0,nflverse_moneyline_verified_against_locked_market_probability,2026-09-14T16:59:19.313878+00:00
2026_01_NE_SEA,2026,2026-09-09T22:43:57.537836+00:00,-170.0,142.0,nflverse_git:0a68b791a4f731590d4d8c003089addc356a516f_verified_against_locked_market_probability,2026-09-14T16:59:24.742719+00:00
2026_01_NO_DET,2026,2026-09-13T15:37:41.752256+00:00,-325.0,260.0,nflverse_moneyline_verified_against_locked_market_probability,2026-09-14T16:59:19.313878+00:00
2026_01_NYJ_TEN,2026,2026-09-13T15:37:41.752256+00:00,-118.0,-102.0,nflverse_moneyline_verified_against_locked_market_probability,2026-09-14T16:59:19.313878+00:00
2026_01_SF_LA,2026,2026-09-10T22:41:08.100535+00:00,-198.0,164.0,nflverse_git:47a0659e4ea389957d576c7259355604ff9a6f7b_verified_against_locked_market_probability,2026-09-14T17:44:57.914763+00:00
2026_01_TB_CIN,2026,2026-09-13T15:37:41.752256+00:00,-205.0,170.0,nflverse_moneyline_verified_against_locked_market_probability,2026-09-14T16:59:19.313878+00:00
2026_01_WAS_PHI,2026,2026-09-13T18:43:29.746900+00:00,-265.0,215.0,nflverse_git:55430687825bbdd8640d639b9aaaa0d886778e95_verified_against_locked_market_probability,2026-09-14T16:59:32.830595+00:00
2026_02_CAR_ATL,2026,2026-09-20T15:42:31.653559+00:00,130.0,-155.0,nflverse_moneyline_verified_against_locked_market_probability,2026-09-20T15:45:08.420739+00:00
2026_02_CIN_HOU,2026,2026-09-20T15:42:31.653559+00:00,-148.0,124.0,nflverse_moneyline_verified_against_locked_market_probability,2026-09-20T15:45:08.420739+00:00
2026_02_CLE_TB,2026,2026-09-20T15:42:31.653559+00:00,-425.0,330.0,nflverse_moneyline_verified_against_locked_market_probability,2026-09-20T15:45:08.420739+00:00
2026_02_DET_BUF,2026,2026-09-17T22:36:25.721707+00:00,-245.0,200.0,nflverse_moneyline_verified_against_locked_market_probability,2026-09-17T22:56:06.627224+00:00
2026_02_GB_NYJ,2026,2026-09-20T15:42:31.653559+00:00,154.0,-185.0,nflverse_moneyline_verified_against_locked_market_probability,2026-09-20T15:45:08.420739+00:00
2026_02_IND_KC,2026,2026-09-20T22:44:18.680200+00:00,-265.0,215.0,nflverse_moneyline_verified_against_locked_market_probability,2026-09-20T22:45:06.444070+00:00
2026_02_JAX_DEN,2026,2026-09-20T18:39:49.917609+00:00,-148.0,124.0,nflverse_moneyline_verified_against_locked_market_probability,2026-09-20T18:46:28.804576+00:00
2026_02_LV_LAC,2026,2026-09-20T18:39:49.917609+00:00,-340.0,270.0,nflverse_git:4989f647691d69e829b85fb0f6f1be93392a8937_verified_against_locked_market_probability,2026-09-20T18:46:30.421134+00:00
2026_02_MIA_SF,2026,2026-09-20T18:39:49.917609+00:00,-950.0,625.0,nflverse_moneyline_verified_against_locked_market_probability,2026-09-20T18:46:28.804576+00:00
2026_02_MIN_CHI,2026,2026-09-20T15:42:31.653559+00:00,-218.0,180.0,nflverse_moneyline_verified_against_locked_market_probability,2026-09-20T15:45:08.420739+00:00
2026_02_NO_BAL,2026,2026-09-20T15:42:31.653559+00:00,-375.0,295.0,nflverse_moneyline_verified_against_locked_market_probability,2026-09-20T15:45:08.420739+00:00
2026_02_NYG_LA,2026,2026-09-21T22:42:37.986388+00:00,-298.0,240.0,nflverse_moneyline_verified_against_locked_market_probability,2026-09-21T22:43:38.000998+00:00
2026_02_PHI_TEN,2026,2026-09-20T15:42:31.653559+00:00,260.0,-325.0,nflverse_moneyline_verified_against_locked_market_probability,2026-09-20T15:45:08.420739+00:00
2026_02_PIT_NE,2026,2026-09-20T15:42:31.653559+00:00,-230.0,190.0,nflverse_moneyline_verified_against_locked_market_probability,2026-09-20T15:45:08.420739+00:00
2026_02_SEA_ARI,2026,2026-09-20T18:39:49.917609+00:00,180.0,-218.0,nflverse_moneyline_verified_against_locked_market_probability,2026-09-20T18:46:28.804576+00:00
2026_02_WAS_DAL,2026,2026-09-20T18:39:49.917609+00:00,-225.0,185.0,nflverse_moneyline_verified_against_locked_market_probability,2026-09-20T18:46:28.804576+00:00
2026_03_ARI_SF,2026,2026-09-27T18:45:36.363844+00:00,-395.0,310.0,nflverse_moneyline_verified_against_locked_market_probability,2026-09-27T18:48:40.882614+00:00
2026_03_ATL_GB,2026,2026-09-24T22:44:42.277956+00:00,-245.0,200.0,nflverse_moneyline_verified_against_locked_market_probability,2026-09-24T22:45:24.670482+00:00
2026_03_BAL_DAL,2026,2026-09-27T18:45:36.363844+00:00,140.0,-166.0,nflverse_moneyline_verified_against_locked_market_probability,2026-09-27T18:48:40.882614+00:00
2026_03_CAR_CLE,2026,2026-09-27T15:45:19.953975+00:00,114.0,-135.0,nflverse_moneyline_verified_against_locked_market_probability,2026-09-27T15:46:00.167794+00:00
2026_03_CIN_PIT,2026,2026-09-27T15:45:19.953975+00:00,150.0,-180.0,nflverse_moneyline_verified_against_locked_market_probability,2026-09-27T15:46:00.167794+00:00
2026_03_HOU_IND,2026,2026-09-27T15:45:19.953975+00:00,102.0,-122.0,nflverse_moneyline_verified_against_locked_market_probability,2026-09-27T15:46:00.167794+00:00
2026_03_KC_MIA,2026,2026-09-27T15:45:19.953975+00:00,440.0,-600.0,nflverse_moneyline_verified_against_locked_market_probability,2026-09-27T15:46:00.167794+00:00
2026_03_LAC_BUF,2026,2026-09-27T15:45:19.953975+00:00,-340.0,270.0,nflverse_moneyline_verified_against_locked_market_probability,2026-09-27T15:46:00.167794+00:00
2026_03_LA_DEN,2026,2026-09-27T22:43:46.914089+00:00,-105.0,-115.0,nflverse_moneyline_verified_against_locked_market_probability,2026-09-27T22:47:10.138911+00:00
2026_03_LV_NO,2026,2026-09-27T18:45:36.363844+00:00,-192.0,160.0,nflverse_moneyline_verified_against_locked_market_probability,2026-09-27T18:48:40.882614+00:00
2026_03_MIN_TB,2026,2026-09-27T18:45:36.363844+00:00,-105.0,-115.0,nflverse_moneyline_verified_against_locked_market_probability,2026-09-27T18:48:40.882614+00:00
2026_03_NE_JAX,2026,2026-09-27T15:45:19.953975+00:00,-155.0,130.0,nflverse_moneyline_verified_against_locked_market_probability,2026-09-27T15:46:00.167794+00:00
2026_03_NYJ_DET,2026,2026-09-27T15:45:19.953975+00:00,-310.0,250.0,nflverse_moneyline_verified_against_locked_market_probability,2026-09-27T15:46:00.167794+00:00
2026_03_PHI_CHI,2026,2026-09-28T22:39:54.993011+00:00,164.0,-198.0,nflverse_moneyline_verified_against_locked_market_probability,2026-09-28T22:47:24.644826+00:00
2026_03_SEA_WAS,2026,2026-09-27T15:45:19.953975+00:00,330.0,-425.0,nflverse_moneyline_verified_against_locked_market_probability,2026-09-27T15:46:00.167794+00:00
2026_03_TEN_NYG,2026,2026-09-27T15:45:19.953975+00:00,-130.0,110.0,nflverse_moneyline_verified_against_locked_market_probability,2026-09-27T15:46:00.167794+00:00
2026_04_ARI_NYG,2026,2026-10-04T15:58:47.967542+00:00,114.0,-135.0,nflverse_moneyline_verified_against_locked_market_probability,2026-10-04T15:59:41.617118+00:00
2026_04_ATL_NO,2026,2026-10-05T22:40:47.156532+00:00,-122.0,102.0,nflverse_git:e69821f59004c66a6617ddb86525ab615d1847d1_verified_against_locked_market_probability,2026-10-05T22:48:45.101499+00:00
2026_04_DAL_HOU,2026,2026-10-04T15:58:47.967542+00:00,-148.0,124.0,nflverse_moneyline_verified_against_locked_market_probability,2026-10-04T15:59:41.617118+00:00
2026_04_DEN_SF,2026,2026-10-04T19:43:46.915197+00:00,-166.0,140.0,nflverse_moneyline_verified_against_locked_market_probability,2026-10-04T19:44:35.523558+00:00
2026_04_DET_CAR,2026,2026-10-04T22:44:11.857961+00:00,164.0,-198.0,nflverse_moneyline_verified_against_locked_market_probability,2026-10-04T22:48:34.884089+00:00
2026_04_GB_TB,2026,2026-10-04T15:58:47.967542+00:00,145.0,-175.0,nflverse_moneyline_verified_against_locked_market_probability,2026-10-04T15:59:41.617118+00:00
2026_04_JAX_CIN,2026,2026-10-04T15:58:47.967542+00:00,-148.0,124.0,nflverse_moneyline_verified_against_locked_market_probability,2026-10-04T15:59:41.617118+00:00
2026_04_KC_LV,2026,2026-10-04T19:43:46.915197+00:00,185.0,-225.0,nflverse_moneyline_verified_against_locked_market_probability,2026-10-04T19:44:35.523558+00:00
2026_04_LAC_SEA,2026,2026-10-04T19:43:46.915197+00:00,-355.0,280.0,nflverse_moneyline_verified_against_locked_market_probability,2026-10-04T19:44:35.523558+00:00
2026_04_LA_PHI,2026,2026-10-04T15:58:47.967542+00:00,170.0,-205.0,nflverse_moneyline_verified_against_locked_market_probability,2026-10-04T15:59:41.617118+00:00
2026_04_MIA_MIN,2026,2026-10-04T18:07:25.914244+00:00,-535.0,400.0,nflverse_git:0656081dc2b0f8eb7dcd2310a82a2297dc4645dd_verified_against_locked_market_probability,2026-10-04T18:08:18.892436+00:00
2026_04_NE_BUF,2026,2026-10-04T15:58:47.967542+00:00,-340.0,270.0,nflverse_moneyline_verified_against_locked_market_probability,2026-10-04T15:59:41.617118+00:00
2026_04_NYJ_CHI,2026,2026-10-04T15:58:47.967542+00:00,-185.0,154.0,nflverse_moneyline_verified_against_locked_market_probability,2026-10-04T15:59:41.617118+00:00
2026_04_PIT_CLE,2026,2026-10-01T22:44:03.329384+00:00,124.0,-148.0,nflverse_moneyline_verified_against_locked_market_probability,2026-10-01T22:49:49.028566+00:00
2026_04_TEN_BAL,2026,2026-10-04T15:58:47.967542+00:00,-800.0,550.0,nflverse_moneyline_verified_against_locked_market_probability,2026-10-04T15:59:41.617118+00:00
2026_05_TB_DAL,2026,2026-10-08T23:55:39.504985+00:00,-500.0,380.0,nflverse_moneyline_verified_against_locked_market_probability,2026-10-08T23:56:41.389064+00:00
