game_id,season,week,gameday,gametime,away_team,home_team,kickoff_utc,target_timestamp_utc,snapshot_timestamp_utc,minutes_to_kickoff_at_snapshot,staleness_minutes_vs_t120,no_lookahead,market_home_prob,pure_home_prob,final_home_prob,spread_line,total_line,snapshot_type,prediction_id,actual_home_score,actual_away_score,actual_home_win,graded
2026_01_ARI_LAC,2026,1,2026-09-13,16:25,ARI,LAC,2026-09-13T20:25:00+00:00,2026-09-13T18:25:00+00:00,2026-09-13T17:44:38.537468+00:00,160.35770886666666,40.35770886666667,True,0.7999999999999999,0.6562901939168295,0.8122064136854329,9.5,47.5,MARKET,2026_01_ARI_LAC__MARKET__2026-09-13T17:44:38.537468+00:00,14.0,26.0,False,True
2026_01_ATL_PIT,2026,1,2026-09-13,13:00,ATL,PIT,2026-09-13T17:00:00+00:00,2026-09-13T15:00:00+00:00,2026-09-13T14:44:39.607706+00:00,135.33987156666666,15.339871566666666,True,0.7179705215419501,0.6420368649045199,0.7206777703475559,6.5,40.5,MARKET,2026_01_ATL_PIT__MARKET__2026-09-13T14:44:39.607706+00:00,20.0,13.0,True,True
2026_01_BAL_IND,2026,1,2026-09-13,13:00,BAL,IND,2026-09-13T17:00:00+00:00,2026-09-13T15:00:00+00:00,2026-09-13T14:44:39.607706+00:00,135.33987156666666,15.339871566666666,True,0.3907637655417407,0.4136245530722152,0.3701903651782164,-3.5,48.5,MARKET,2026_01_BAL_IND__MARKET__2026-09-13T14:44:39.607706+00:00,23.0,41.0,False,True
2026_01_BUF_HOU,2026,1,2026-09-13,13:00,BUF,HOU,2026-09-13T17:00:00+00:00,2026-09-13T15:00:00+00:00,2026-09-13T14:44:39.607706+00:00,135.33987156666666,15.339871566666666,True,0.4956702459300312,0.529875172888545,0.4738279785158564,-1.5,44.5,MARKET,2026_01_BUF_HOU__MARKET__2026-09-13T14:44:39.607706+00:00,31.0,36.0,False,True
2026_01_CHI_CAR,2026,1,2026-09-13,13:00,CHI,CAR,2026-09-13T17:00:00+00:00,2026-09-13T15:00:00+00:00,2026-09-13T14:44:39.607706+00:00,135.33987156666666,15.339871566666666,True,0.3907637655417407,0.4361715747693297,0.3675904068594795,-3.0,47.5,MARKET,2026_01_CHI_CAR__MARKET__2026-09-13T14:44:39.607706+00:00,37.0,59.0,False,True
2026_01_CLE_JAX,2026,1,2026-09-13,13:00,CLE,JAX,2026-09-13T17:00:00+00:00,2026-09-13T15:00:00+00:00,2026-09-13T14:44:39.607706+00:00,135.33987156666666,15.339871566666666,True,0.7867435158501441,0.790514299773732,0.775709759262896,8.5,40.5,MARKET,2026_01_CLE_JAX__MARKET__2026-09-13T14:44:39.607706+00:00,34.0,10.0,True,True
2026_01_DAL_NYG,2026,1,2026-09-13,20:20,DAL,NYG,2026-09-14T00:20:00+00:00,2026-09-13T22:20:00+00:00,2026-09-13T21:44:19.211906+00:00,155.67980156666667,35.67980156666667,True,0.4003612281757977,0.4878249259279924,0.3697945699183353,-3.0,47.5,MARKET,2026_01_DAL_NYG__MARKET__2026-09-13T21:44:19.211906+00:00,28.0,20.0,True,True
2026_01_DEN_KC,2026,1,2026-09-14,20:15,DEN,KC,2026-09-15T00:15:00+00:00,2026-09-14T22:15:00+00:00,2026-09-14T21:47:00.417278+00:00,147.99304536666665,27.993045366666667,True,0.5427435387673957,0.3278013510970457,0.5705918293336842,2.5,42.5,MARKET,2026_01_DEN_KC__MARKET__2026-09-14T21:47:00.417278+00:00,31.0,10.0,True,True
2026_01_GB_MIN,2026,1,2026-09-13,16:25,GB,MIN,2026-09-13T20:25:00+00:00,2026-09-13T18:25:00+00:00,2026-09-13T17:44:38.537468+00:00,160.35770886666666,40.35770886666667,True,0.5427435387673957,0.6212593768414575,0.5143072225475234,1.5,46.5,MARKET,2026_01_GB_MIN__MARKET__2026-09-13T17:44:38.537468+00:00,39.0,22.0,True,True
2026_01_MIA_LV,2026,1,2026-09-13,16:25,MIA,LV,2026-09-13T20:25:00+00:00,2026-09-13T18:25:00+00:00,2026-09-13T17:44:38.537468+00:00,160.35770886666666,40.35770886666667,True,0.6037569709421778,0.3665047163305802,0.6338599528153582,3.0,40.5,MARKET,2026_01_MIA_LV__MARKET__2026-09-13T17:44:38.537468+00:00,27.0,13.0,True,True
2026_01_NE_SEA,2026,1,2026-09-09,20:20,NE,SEA,2026-09-10T00:20:00+00:00,2026-09-09T22:20:00+00:00,2026-09-09T21:45:26.116558+00:00,154.56472403333333,34.56472403333333,True,0.5996387718242023,0.6043603621246422,0.6031799645495323,3.0,44.5,MARKET,2026_01_NE_SEA__MARKET__2026-09-09T21:45:26.116558+00:00,13.0,10.0,True,True
2026_01_NO_DET,2026,1,2026-09-13,13:00,NO,DET,2026-09-13T17:00:00+00:00,2026-09-13T15:00:00+00:00,2026-09-13T14:44:39.607706+00:00,135.33987156666666,15.339871566666666,True,0.7335423197492164,0.5663263643818013,0.7439940570102664,7.0,49.5,MARKET,2026_01_NO_DET__MARKET__2026-09-13T14:44:39.607706+00:00,31.0,30.0,True,True
2026_01_NYJ_TEN,2026,1,2026-09-13,13:00,NYJ,TEN,2026-09-13T17:00:00+00:00,2026-09-13T15:00:00+00:00,2026-09-13T14:44:39.607706+00:00,135.33987156666666,15.339871566666666,True,0.5173641257162701,0.5631056542142745,0.4906339393482854,1.5,38.5,MARKET,2026_01_NYJ_TEN__MARKET__2026-09-13T14:44:39.607706+00:00,10.0,23.0,False,True
2026_01_SF_LA,2026,1,2026-09-10,20:35,SF,LA,2026-09-11T00:35:00+00:00,2026-09-10T22:35:00+00:00,2026-09-10T21:45:12.042260+00:00,169.79929566666667,49.799295666666666,True,0.6369041816941223,0.610007812004758,0.616731904427099,3.5,48.5,MARKET,2026_01_SF_LA__MARKET__2026-09-10T21:45:12.042260+00:00,7.0,27.0,False,True
2026_01_TB_CIN,2026,1,2026-09-13,13:00,TB,CIN,2026-09-13T17:00:00+00:00,2026-09-13T15:00:00+00:00,2026-09-13T14:44:39.607706+00:00,135.33987156666666,15.339871566666666,True,0.644729178800233,0.6551169580017852,0.629141520299997,3.5,50.5,MARKET,2026_01_TB_CIN__MARKET__2026-09-13T14:44:39.607706+00:00,33.0,27.0,True,True
2026_01_WAS_PHI,2026,1,2026-09-13,16:25,WAS,PHI,2026-09-13T20:25:00+00:00,2026-09-13T18:25:00+00:00,2026-09-13T17:44:38.537468+00:00,160.35770886666666,40.35770886666667,True,0.6957699520733487,0.6730890695342621,0.6863521643162134,6.0,44.5,MARKET,2026_01_WAS_PHI__MARKET__2026-09-13T17:44:38.537468+00:00,24.0,22.0,True,True
2026_02_CAR_ATL,2026,2,2026-09-20,13:00,CAR,ATL,2026-09-20T17:00:00+00:00,2026-09-20T15:00:00+00:00,2026-09-20T14:44:46.084118+00:00,135.23193136666666,15.231931366666666,True,0.4170073589533933,0.6148084629238258,0.3660395930423845,-2.5,43.5,MARKET,2026_02_CAR_ATL__MARKET__2026-09-20T14:44:46.084118+00:00,3.0,34.0,False,True
2026_02_CIN_HOU,2026,2,2026-09-20,13:00,CIN,HOU,2026-09-20T17:00:00+00:00,2026-09-20T15:00:00+00:00,2026-09-20T14:44:46.084118+00:00,135.23193136666666,15.231931366666666,True,0.5720596355604638,0.6082466648192564,0.5487541279976302,3.0,45.5,MARKET,2026_02_CIN_HOU__MARKET__2026-09-20T14:44:46.084118+00:00,6.0,20.0,False,True
2026_02_CLE_TB,2026,2,2026-09-20,13:00,CLE,TB,2026-09-20T17:00:00+00:00,2026-09-20T15:00:00+00:00,2026-09-20T14:44:46.084118+00:00,135.23193136666666,15.231931366666666,True,0.7768331562167907,0.6986091347498086,0.7802833639005522,8.5,41.5,MARKET,2026_02_CLE_TB__MARKET__2026-09-20T14:44:46.084118+00:00,19.0,23.0,False,True
2026_02_DET_BUF,2026,2,2026-09-17,20:15,DET,BUF,2026-09-18T00:15:00+00:00,2026-09-17T22:15:00+00:00,2026-09-17T21:43:23.363845+00:00,151.61060258333333,31.610602583333332,True,0.6805555555555556,0.6671971876262375,0.671677288450873,5.5,54.5,MARKET,2026_02_DET_BUF__MARKET__2026-09-17T21:43:23.363845+00:00,41.0,31.0,True,True
2026_02_GB_NYJ,2026,2,2026-09-20,13:00,GB,NYJ,2026-09-20T17:00:00+00:00,2026-09-20T15:00:00+00:00,2026-09-20T14:44:46.084118+00:00,135.23193136666666,15.231931366666666,True,0.3690596562184025,0.3541209689940088,0.3598189974157934,-3.5,44.5,MARKET,2026_02_GB_NYJ__MARKET__2026-09-20T14:44:46.084118+00:00,17.0,20.0,False,True
2026_02_IND_KC,2026,2,2026-09-20,20:20,IND,KC,2026-09-21T00:20:00+00:00,2026-09-20T22:20:00+00:00,2026-09-20T21:44:26.875662+00:00,155.5520723,35.5520723,True,0.6957699520733487,0.6252626210720174,0.6974787584471299,6.0,46.5,MARKET,2026_02_IND_KC__MARKET__2026-09-20T21:44:26.875662+00:00,33.0,30.0,True,True
2026_02_JAX_DEN,2026,2,2026-09-20,16:05,JAX,DEN,2026-09-20T20:05:00+00:00,2026-09-20T18:05:00+00:00,2026-09-20T17:43:49.392413+00:00,141.1767931166667,21.176793116666666,True,0.5720596355604638,0.4631065553453672,0.5808613333840711,2.5,45.5,MARKET,2026_02_JAX_DEN__MARKET__2026-09-20T17:43:49.392413+00:00,20.0,13.0,True,True
2026_02_LV_LAC,2026,2,2026-09-20,16:05,LV,LAC,2026-09-20T20:05:00+00:00,2026-09-20T18:05:00+00:00,2026-09-20T17:43:49.392413+00:00,141.1767931166667,21.176793116666666,True,0.740871613663133,0.6388658098948223,0.746296231818268,7.0,43.5,MARKET,2026_02_LV_LAC__MARKET__2026-09-20T17:43:49.392413+00:00,14.0,26.0,False,True
2026_02_MIA_SF,2026,2,2026-09-20,16:25,MIA,SF,2026-09-20T20:25:00+00:00,2026-09-20T18:25:00+00:00,2026-09-20T17:43:49.392413+00:00,161.1767931166667,41.176793116666666,True,0.8677165354330709,0.7529346495580731,0.8767567460051576,13.5,44.5,MARKET,2026_02_MIA_SF__MARKET__2026-09-20T17:43:49.392413+00:00,35.0,13.0,True,True
2026_02_MIN_CHI,2026,2,2026-09-20,13:00,MIN,CHI,2026-09-20T17:00:00+00:00,2026-09-20T15:00:00+00:00,2026-09-20T14:44:46.084118+00:00,135.23193136666666,15.231931366666666,True,0.6574752261956054,0.5212401457063012,0.6687537970532262,4.5,47.5,MARKET,2026_02_MIN_CHI__MARKET__2026-09-20T14:44:46.084118+00:00,3.0,9.0,False,True
2026_02_NO_BAL,2026,2,2026-09-20,13:00,NO,BAL,2026-09-20T17:00:00+00:00,2026-09-20T15:00:00+00:00,2026-09-20T14:44:46.084118+00:00,135.23193136666666,15.231931366666666,True,0.7600000000000001,0.7170430459210391,0.7572095093699677,8.5,45.5,MARKET,2026_02_NO_BAL__MARKET__2026-09-20T14:44:46.084118+00:00,17.0,24.0,False,True
2026_02_NYG_LA,2026,2,2026-09-21,20:15,NYG,LA,2026-09-22T00:15:00+00:00,2026-09-21T22:15:00+00:00,2026-09-21T21:44:17.633286+00:00,150.7061119,30.7061119,True,0.7179705215419501,0.6293517877706879,0.7192865864904078,6.5,47.5,MARKET,2026_02_NYG_LA__MARKET__2026-09-21T21:44:17.633286+00:00,28.0,6.0,True,True
2026_02_PHI_TEN,2026,2,2026-09-20,13:00,PHI,TEN,2026-09-20T17:00:00+00:00,2026-09-20T15:00:00+00:00,2026-09-20T14:44:46.084118+00:00,135.23193136666666,15.231931366666666,True,0.2664576802507837,0.3164125881738368,0.2467655025844445,-7.0,39.5,MARKET,2026_02_PHI_TEN__MARKET__2026-09-20T14:44:46.084118+00:00,20.0,24.0,False,True
2026_02_PIT_NE,2026,2,2026-09-20,13:00,PIT,NE,2026-09-20T17:00:00+00:00,2026-09-20T15:00:00+00:00,2026-09-20T14:44:46.084118+00:00,135.23193136666666,15.231931366666666,True,0.6690070210631895,0.6916696095264007,0.6525502117235813,5.5,41.5,MARKET,2026_02_PIT_NE__MARKET__2026-09-20T14:44:46.084118+00:00,20.0,3.0,True,True
2026_02_SEA_ARI,2026,2,2026-09-20,16:25,SEA,ARI,2026-09-20T20:25:00+00:00,2026-09-20T18:25:00+00:00,2026-09-20T17:43:49.392413+00:00,161.1767931166667,41.176793116666666,True,0.3425247738043946,0.3123997497902011,0.3356440716279844,-3.5,41.5,MARKET,2026_02_SEA_ARI__MARKET__2026-09-20T17:43:49.392413+00:00,7.0,31.0,False,True
2026_02_WAS_DAL,2026,2,2026-09-20,16:25,WAS,DAL,2026-09-20T20:25:00+00:00,2026-09-20T18:25:00+00:00,2026-09-20T17:43:49.392413+00:00,161.1767931166667,41.176793116666666,True,0.6636481241914618,0.532968715400338,0.6760215529671655,4.5,51.5,MARKET,2026_02_WAS_DAL__MARKET__2026-09-20T17:43:49.392413+00:00,37.0,20.0,True,True
2026_03_ARI_SF,2026,3,2026-09-27,16:05,ARI,SF,2026-09-27T20:05:00+00:00,2026-09-27T18:05:00+00:00,2026-09-27T17:45:13.440935+00:00,139.77598441666666,19.775984416666667,True,0.7659021045164341,0.754391012475123,0.7562453136920286,7.5,48.5,MARKET,2026_03_ARI_SF__MARKET__2026-09-27T17:45:13.440935+00:00,36.0,30.0,True,True
2026_03_ATL_GB,2026,3,2026-09-24,20:15,ATL,GB,2026-09-25T00:15:00+00:00,2026-09-24T22:15:00+00:00,2026-09-24T21:44:31.465845+00:00,150.47556924999998,30.47556925,True,0.6805555555555556,0.6694409815717243,0.6681304936254949,5.5,43.5,MARKET,2026_03_ATL_GB__MARKET__2026-09-24T21:44:31.465845+00:00,14.0,35.0,False,True
2026_03_BAL_DAL,2026,3,2026-09-27,16:25,BAL,DAL,2026-09-27T20:25:00+00:00,2026-09-27T18:25:00+00:00,2026-09-27T17:45:13.440935+00:00,159.77598441666666,39.77598441666667,True,0.3907637655417407,0.4863617406930461,0.3639115298123119,-3.5,53.5,MARKET,2026_03_BAL_DAL__MARKET__2026-09-27T17:45:13.440935+00:00,31.0,34.0,False,True
2026_03_CAR_CLE,2026,3,2026-09-27,13:00,CAR,CLE,2026-09-27T17:00:00+00:00,2026-09-27T15:00:00+00:00,2026-09-27T14:45:15.612858+00:00,134.7397857,14.7397857,True,0.448558885283451,0.4411965123249068,0.4352101650354345,-1.5,41.5,MARKET,2026_03_CAR_CLE__MARKET__2026-09-27T14:45:15.612858+00:00,21.0,18.0,True,True
2026_03_CIN_PIT,2026,3,2026-09-27,13:00,CIN,PIT,2026-09-27T17:00:00+00:00,2026-09-27T15:00:00+00:00,2026-09-27T14:45:15.612858+00:00,134.7397857,14.7397857,True,0.3775334481388264,0.4564516479556239,0.3483187911049162,-3.5,42.5,MARKET,2026_03_CIN_PIT__MARKET__2026-09-27T14:45:15.612858+00:00,30.0,27.0,True,True
2026_03_HOU_IND,2026,3,2026-09-27,13:00,HOU,IND,2026-09-27T17:00:00+00:00,2026-09-27T15:00:00+00:00,2026-09-27T14:45:15.612858+00:00,134.7397857,14.7397857,True,0.4675324675324675,0.4154110956585302,0.464109885805296,-1.5,42.5,MARKET,2026_03_HOU_IND__MARKET__2026-09-27T14:45:15.612858+00:00,19.0,17.0,True,True
2026_03_KC_MIA,2026,3,2026-09-27,13:00,KC,MIA,2026-09-27T17:00:00+00:00,2026-09-27T15:00:00+00:00,2026-09-27T14:45:15.612858+00:00,134.7397857,14.7397857,True,0.1918429003021148,0.3867535583779151,0.1549705043233829,-9.5,45.5,MARKET,2026_03_KC_MIA__MARKET__2026-09-27T14:45:15.612858+00:00,10.0,24.0,False,True
2026_03_LAC_BUF,2026,3,2026-09-27,13:00,LAC,BUF,2026-09-27T17:00:00+00:00,2026-09-27T15:00:00+00:00,2026-09-27T14:45:15.612858+00:00,134.7397857,14.7397857,True,0.7335423197492164,0.7271989601517685,0.721449878125867,7.0,50.5,MARKET,2026_03_LAC_BUF__MARKET__2026-09-27T14:45:15.612858+00:00,24.0,16.0,True,True
2026_03_LA_DEN,2026,3,2026-09-27,20:20,LA,DEN,2026-09-28T00:20:00+00:00,2026-09-27T22:20:00+00:00,2026-09-27T21:44:45.492343+00:00,155.24179428333335,35.241794283333334,True,0.4739134147382802,0.4739022376136932,0.460344877669545,-1.5,44.5,MARKET,2026_03_LA_DEN__MARKET__2026-09-27T21:44:45.492343+00:00,30.0,26.0,True,True
2026_03_LV_NO,2026,3,2026-09-27,16:25,LV,NO,2026-09-27T20:25:00+00:00,2026-09-27T18:25:00+00:00,2026-09-27T17:45:13.440935+00:00,159.77598441666666,39.77598441666667,True,0.6224665518611737,0.6207269261765596,0.6082292181415857,3.5,43.5,MARKET,2026_03_LV_NO__MARKET__2026-09-27T17:45:13.440935+00:00,27.0,35.0,False,True
2026_03_MIN_TB,2026,3,2026-09-27,16:05,MIN,TB,2026-09-27T20:05:00+00:00,2026-09-27T18:05:00+00:00,2026-09-27T17:45:13.440935+00:00,139.77598441666666,19.775984416666667,True,0.4782608695652174,0.3935883124269626,0.4785461900005037,-1.5,42.5,MARKET,2026_03_MIN_TB__MARKET__2026-09-27T17:45:13.440935+00:00,16.0,23.0,False,True
2026_03_NE_JAX,2026,3,2026-09-27,13:00,NE,JAX,2026-09-27T17:00:00+00:00,2026-09-27T15:00:00+00:00,2026-09-27T14:45:15.612858+00:00,134.7397857,14.7397857,True,0.5829926410466066,0.5589230045234385,0.5704333242034582,3.0,45.5,MARKET,2026_03_NE_JAX__MARKET__2026-09-27T14:45:15.612858+00:00,35.0,6.0,True,True
2026_03_NYJ_DET,2026,3,2026-09-27,13:00,NYJ,DET,2026-09-27T17:00:00+00:00,2026-09-27T15:00:00+00:00,2026-09-27T14:45:15.612858+00:00,134.7397857,14.7397857,True,0.7220792588780237,0.7210676860915748,0.7088234906619105,6.5,48.5,MARKET,2026_03_NYJ_DET__MARKET__2026-09-27T14:45:15.612858+00:00,31.0,24.0,True,True
2026_03_PHI_CHI,2026,3,2026-09-28,20:15,PHI,CHI,2026-09-29T00:15:00+00:00,2026-09-28T22:15:00+00:00,2026-09-28T21:46:53.505355+00:00,148.10824408333335,28.108244083333332,True,0.3630958183058778,0.5247457562831994,0.3208737387427798,-3.5,42.5,MARKET,2026_03_PHI_CHI__MARKET__2026-09-28T21:46:53.505355+00:00,27.0,7.0,True,True
2026_03_SEA_WAS,2026,3,2026-09-27,13:00,SEA,WAS,2026-09-27T17:00:00+00:00,2026-09-27T15:00:00+00:00,2026-09-27T14:45:15.612858+00:00,134.7397857,14.7397857,True,0.2284946236559139,0.2879988406214045,0.2077192521628396,-8.5,40.5,MARKET,2026_03_SEA_WAS__MARKET__2026-09-27T14:45:15.612858+00:00,33.0,31.0,True,True
2026_03_TEN_NYG,2026,3,2026-09-27,13:00,TEN,NYG,2026-09-27T17:00:00+00:00,2026-09-27T15:00:00+00:00,2026-09-27T14:45:15.612858+00:00,134.7397857,14.7397857,True,0.5427435387673957,0.6891557889166975,0.4983147380583642,2.5,37.5,MARKET,2026_03_TEN_NYG__MARKET__2026-09-27T14:45:15.612858+00:00,12.0,7.0,True,True
2026_04_ARI_NYG,2026,4,2026-10-04,13:00,ARI,NYG,2026-10-04T17:00:00+00:00,2026-10-04T15:00:00+00:00,2026-10-03T08:52:02.345453+00:00,1927.9609091166667,1807.9609091166667,True,0.4365079365079364,0.5722437919413627,0.3929536209923872,-2.5,44.5,MARKET,2026_04_ARI_NYG__MARKET__2026-10-03T08:52:02.345453+00:00,,,,False
2026_04_ATL_NO,2026,4,2026-10-05,20:15,ATL,NO,2026-10-06T00:15:00+00:00,2026-10-05T22:15:00+00:00,2026-10-03T08:52:02.345453+00:00,3802.9609091166667,3682.9609091166667,True,0.551441114716549,0.4875068084655053,0.5452141168273354,2.5,47.5,MARKET,2026_04_ATL_NO__MARKET__2026-10-03T08:52:02.345453+00:00,,,,False
2026_04_DAL_HOU,2026,4,2026-10-04,13:00,DAL,HOU,2026-10-04T17:00:00+00:00,2026-10-04T15:00:00+00:00,2026-10-03T08:52:02.345453+00:00,1927.9609091166667,1807.9609091166667,True,0.593369754159424,0.6364748247872865,0.572655309614055,3.0,48.5,MARKET,2026_04_DAL_HOU__MARKET__2026-10-03T08:52:02.345453+00:00,,,,False
2026_04_DEN_SF,2026,4,2026-10-04,16:25,DEN,SF,2026-10-04T20:25:00+00:00,2026-10-04T18:25:00+00:00,2026-10-03T08:52:02.345453+00:00,2132.9609091166667,2012.9609091166667,True,0.5720596355604638,0.6808605674581288,0.5353733509235051,3.0,47.5,MARKET,2026_04_DEN_SF__MARKET__2026-10-03T08:52:02.345453+00:00,,,,False
2026_04_DET_CAR,2026,4,2026-10-04,20:20,DET,CAR,2026-10-05T00:20:00+00:00,2026-10-04T22:20:00+00:00,2026-10-03T08:52:02.345453+00:00,2367.9609091166667,2247.9609091166667,True,0.3835616438356164,0.3426099328411925,0.3794545706680731,-3.5,50.5,MARKET,2026_04_DET_CAR__MARKET__2026-10-03T08:52:02.345453+00:00,,,,False
2026_04_GB_TB,2026,4,2026-10-04,13:00,GB,TB,2026-10-04T17:00:00+00:00,2026-10-04T15:00:00+00:00,2026-10-03T08:52:02.345453+00:00,1927.9609091166667,1807.9609091166667,True,0.3907637655417407,0.5094055349661457,0.3560119702146955,-3.0,39.5,MARKET,2026_04_GB_TB__MARKET__2026-10-03T08:52:02.345453+00:00,,,,False
2026_04_IND_WAS,2026,4,2026-10-04,09:30,IND,WAS,2026-10-04T13:30:00+00:00,2026-10-04T11:30:00+00:00,2026-10-03T08:52:02.345453+00:00,1717.9609091166667,1597.9609091166667,True,0.355270821199767,0.55288786786103,0.3075711492071518,-4.5,47.5,MARKET,2026_04_IND_WAS__MARKET__2026-10-03T08:52:02.345453+00:00,,,,False
2026_04_JAX_CIN,2026,4,2026-10-04,13:00,JAX,CIN,2026-10-04T17:00:00+00:00,2026-10-04T15:00:00+00:00,2026-10-03T08:52:02.345453+00:00,1927.9609091166667,1807.9609091166667,True,0.5634920634920635,0.4275187421340324,0.573936153200025,2.5,51.5,MARKET,2026_04_JAX_CIN__MARKET__2026-10-03T08:52:02.345453+00:00,,,,False
2026_04_KC_LV,2026,4,2026-10-04,16:25,KC,LV,2026-10-04T20:25:00+00:00,2026-10-04T18:25:00+00:00,2026-10-03T08:52:02.345453+00:00,2132.9609091166667,2012.9609091166667,True,0.3425247738043946,0.3659437019873532,0.3234525618587379,-4.5,47.5,MARKET,2026_04_KC_LV__MARKET__2026-10-03T08:52:02.345453+00:00,,,,False
2026_04_LAC_SEA,2026,4,2026-10-04,16:25,LAC,SEA,2026-10-04T20:25:00+00:00,2026-10-04T18:25:00+00:00,2026-10-03T08:52:02.345453+00:00,2132.9609091166667,2012.9609091166667,True,0.7571884984025559,0.7781105103353857,0.7409915362454816,7.0,42.5,MARKET,2026_04_LAC_SEA__MARKET__2026-10-03T08:52:02.345453+00:00,,,,False
2026_04_LA_PHI,2026,4,2026-10-04,13:00,LA,PHI,2026-10-04T17:00:00+00:00,2026-10-04T15:00:00+00:00,2026-10-03T08:52:02.345453+00:00,1927.9609091166667,1807.9609091166667,True,0.3775334481388264,0.4776433442647614,0.3477863403947915,-3.5,42.5,MARKET,2026_04_LA_PHI__MARKET__2026-10-03T08:52:02.345453+00:00,,,,False
2026_04_MIA_MIN,2026,4,2026-10-04,16:05,MIA,MIN,2026-10-04T20:05:00+00:00,2026-10-04T18:05:00+00:00,2026-10-03T08:52:02.345453+00:00,2112.9609091166667,1992.9609091166667,True,0.8118668596237336,0.7027426923593404,0.818003159822237,10.0,38.5,MARKET,2026_04_MIA_MIN__MARKET__2026-10-03T08:52:02.345453+00:00,,,,False
2026_04_NE_BUF,2026,4,2026-10-04,13:00,NE,BUF,2026-10-04T17:00:00+00:00,2026-10-04T15:00:00+00:00,2026-10-03T08:52:02.345453+00:00,1927.9609091166667,1807.9609091166667,True,0.7220792588780237,0.6800916814692317,0.7163005532548312,7.0,49.5,MARKET,2026_04_NE_BUF__MARKET__2026-10-03T08:52:02.345453+00:00,,,,False
2026_04_NYJ_CHI,2026,4,2026-10-04,13:00,NYJ,CHI,2026-10-04T17:00:00+00:00,2026-10-04T15:00:00+00:00,2026-10-03T08:52:02.345453+00:00,1927.9609091166667,1807.9609091166667,True,0.6224665518611737,0.7180446991798827,0.5882584808909193,3.5,43.5,MARKET,2026_04_NYJ_CHI__MARKET__2026-10-03T08:52:02.345453+00:00,,,,False
2026_04_PIT_CLE,2026,4,2026-10-01,20:15,PIT,CLE,2026-10-02T00:15:00+00:00,2026-10-01T22:15:00+00:00,2026-10-01T21:49:45.235059+00:00,145.24608235,25.24608235,True,0.4279403644395361,0.4463173026783141,0.4074540312294496,-2.5,38.5,MARKET,2026_04_PIT_CLE__MARKET__2026-10-01T21:49:45.235059+00:00,27.0,24.0,True,True
2026_04_TEN_BAL,2026,4,2026-10-04,13:00,TEN,BAL,2026-10-04T17:00:00+00:00,2026-10-04T15:00:00+00:00,2026-10-03T08:52:02.345453+00:00,1927.9609091166667,1807.9609091166667,True,0.8370993168681029,0.8040771176236998,0.8341137951790517,11.5,42.5,MARKET,2026_04_TEN_BAL__MARKET__2026-10-03T08:52:02.345453+00:00,,,,False
