model,games,winner_pct,brier,log_loss,margin_mae,total_mae,status,brier_rank
Market,1087,0.6761729530818767,0.2101992905677052,0.6076472081285538,9.494480220791168,10.189052437902484,Closing-line benchmark,1
Final Ensemble,1087,0.6513339466421343,0.2182949881362064,0.6265595264621434,9.961987009785293,10.853913707422718,Legacy 75% PURE / 25% market; OOS 2022–25,2
Sujar Baseline,1087,0.6596136154553818,0.2211534857122611,0.6332896265932295,,,Walk-forward OOS 2022–25,3
Core Sujar+,1087,0.6320147194112236,0.2234205250218917,0.6377979733834942,9.961987009785293,10.853913707422718,Walk-forward OOS 2022–25,4
Elo+,1087,0.6301747930082797,0.22403437805274562,0.6395716345880962,,,Independent benchmark,5
Extra Trees,1087,0.6366145354185833,0.22417061897702242,0.6402433614437539,,,Walk-forward OOS 2022–25,6
Logistic,1087,0.6366145354185833,0.22494852152642172,0.6417610688930654,,,Walk-forward OOS 2022–25,7
CatBoost,1087,0.6283348666053358,0.22769745397038488,0.6485006455977799,,,Walk-forward OOS 2022–25,8
XGBoost,1087,0.6117755289788408,0.23223671317100525,0.6607100367546082,,,Walk-forward OOS 2022–25,9
