rank,team,elo_plus,off_epa,def_epa_allowed,pass_epa,recent_win_pct,rank_change,movement,as_of
1,SEA,1644.1288277698634,0.04452819469278739,-0.13989109949595221,0.15110947415438059,0.7861629270233621,1,▲1,2026-10-04T22:02:43.045275+00:00
2,BUF,1635.8065834054532,0.12929562727407412,0.03327096558617201,0.17110250675092353,0.6990450281571127,-1,▼1,2026-10-04T22:02:43.045275+00:00
3,MIN,1615.468455432422,-0.05582040564030766,-0.14099132730766437,-0.17327987194285147,0.8074180935025208,0,→,2026-10-04T22:02:43.045275+00:00
4,SF,1612.068987598936,0.15639214617642858,0.02242269810323403,0.37753638666218836,0.8013542870080876,0,→,2026-10-04T22:02:43.045275+00:00
5,DEN,1611.7849333131758,-0.0027608192149138804,-0.027240847436755086,0.0319930332567143,0.7917168352601637,0,→,2026-10-04T22:02:43.045275+00:00
6,JAX,1610.9082324309004,0.11620138846283339,-0.0798037798534849,0.22862328226347675,0.8113058252084699,0,→,2026-10-04T22:02:43.045275+00:00
7,LA,1586.9791521976003,0.03557521775074294,-0.04468657069305444,0.14376704790366213,0.5924951984377056,0,→,2026-10-04T22:02:43.045275+00:00
8,CHI,1567.8289607755953,0.08026038432676331,-0.017414765481826352,0.1337818820816013,0.6533238591893658,2,▲2,2026-10-04T22:02:43.045275+00:00
9,NE,1565.387003146308,0.05547717826609204,-0.020043615499700435,0.13541524335428998,0.6940630157213803,4,▲4,2026-10-04T22:02:43.045275+00:00
10,KC,1563.8744508199047,0.017972366127617007,-0.03067964310834692,0.014744201972229323,0.526323549166798,-2,▼2,2026-10-04T22:02:43.045275+00:00
11,BAL,1561.818361162506,0.08500175648955115,0.026630852400922115,0.21943305279223654,0.6266225094506679,1,▲1,2026-10-04T22:02:43.045275+00:00
12,DET,1560.6076630039036,0.07814175570048229,0.07339762108152414,0.2037504734461017,0.5521992885515286,-3,▼3,2026-10-04T22:02:43.045275+00:00
13,PHI,1539.6759593458387,-0.03230640278916842,-0.021989870004422336,-0.06132538623420204,0.5090496848939913,-2,▼2,2026-10-04T22:02:43.045275+00:00
14,PIT,1519.3072663625735,0.002710582460226041,0.020950191581956986,-0.03543870421415914,0.5344363684170652,1,▲1,2026-10-04T22:02:43.045275+00:00
15,HOU,1509.998279759407,-0.00041073206858802114,-0.00633689695314529,0.06042474639783111,0.45493686815397266,-1,▼1,2026-10-04T22:02:43.045275+00:00
16,CIN,1502.7125722821006,0.06162700860970534,0.05199536240421733,0.08158278139370807,0.409686646852226,0,→,2026-10-04T22:02:43.045275+00:00
17,GB,1501.1661160915203,0.017113940705398196,0.06724901905851788,0.07875260701659846,0.4591246793828587,0,→,2026-10-04T22:02:43.045275+00:00
18,IND,1474.4481309171574,0.023770935997424324,0.0315278951872458,-0.12109550929995078,0.39797565799797546,0,→,2026-10-04T22:02:43.045275+00:00
19,DAL,1470.2541563305138,0.11617614951963495,0.13950747610592346,0.19371976617170192,0.4614975904554415,3,▲3,2026-10-04T22:02:43.045275+00:00
20,LAC,1462.3349487418088,-0.1018798275101486,-0.053938314164812144,-0.096596149537604,0.35356354582512095,-1,▼1,2026-10-04T22:02:43.045275+00:00
21,ATL,1450.9546898582025,-0.05748271443611724,-0.016174628184766972,-0.090195413536905,0.5251103116763348,-1,▼1,2026-10-04T22:02:43.045275+00:00
22,CLE,1449.8245013445471,-0.0735231216107842,-0.014026480316281011,-0.10830879129116353,0.5884759144032367,-1,▼1,2026-10-04T22:02:43.045275+00:00
23,NYG,1449.021410993379,0.005240652567736818,-0.00027755715323139404,-0.0268494815346422,0.5433275357559747,3,▲3,2026-10-04T22:02:43.045275+00:00
24,LV,1438.0688948566342,-0.10767951618869782,-0.06022055649762143,-0.08596466810097089,0.5118719402408413,-1,▼1,2026-10-04T22:02:43.045275+00:00
25,NO,1429.3992280785715,-0.03451022206875106,-0.028384035682974984,0.013953890972480086,0.42914878963705017,0,→,2026-10-04T22:02:43.045275+00:00
26,CAR,1428.4385413298444,-0.021680308403959507,0.006930503095161697,0.02325619074737198,0.3725434167675162,1,▲1,2026-10-04T22:02:43.045275+00:00
27,TB,1420.7861507513871,-0.04474504101378184,0.004805282972626147,-0.10826467851724152,0.19842458898086246,-3,▼3,2026-10-04T22:02:43.045275+00:00
28,WAS,1402.10077870621,-0.01855337299513881,0.0878033933942304,-0.009790125406479139,0.30316410512225767,0,→,2026-10-04T22:02:43.045275+00:00
29,MIA,1391.1129437248558,-0.055163803128672986,0.09863187455528029,-0.02885468126123963,0.28435875884533707,1,▲1,2026-10-04T22:02:43.045275+00:00
30,ARI,1381.7498021246154,-0.029609747260686565,0.11942907950241784,-0.05737480652244964,0.1376461533158254,-1,▼1,2026-10-04T22:02:43.045275+00:00
31,NYJ,1357.5616201598698,-0.05830659508752708,0.09244845964383616,-0.09567177417906425,0.17750623294380052,0,→,2026-10-04T22:02:43.045275+00:00
32,TEN,1293.5833780286182,-0.07616754429446645,0.05958721739186441,-0.15762709433749875,0.11294041346244965,0,→,2026-10-04T22:02:43.045275+00:00
