rank,team,elo_plus,off_epa,def_epa_allowed,pass_epa,recent_win_pct,as_of,next_game_id,next_opponent,next_site,next_win_prob,next_projected_points,next_expected_margin,next_game_date
1,BUF,1654.4856641305935,0.1302892062049072,0.010887445677873017,0.18756617055039645,0.8224059154789561,2026-09-27T23:38:08.798526+00:00,,,,,,,
2,SEA,1644.1288277698634,0.04452819469278739,-0.13989109949595221,0.15110947415438059,0.7861629270233621,2026-09-27T23:38:08.798526+00:00,,,,,,,
3,MIN,1615.468455432422,-0.03744301413652674,-0.12179449153823053,-0.13716411422108135,0.8074180935025208,2026-09-27T23:38:08.798526+00:00,,,,,,,
4,SF,1612.068987598936,0.1239701120599895,-0.008011549407063986,0.2942892580959256,0.8013542870080876,2026-09-27T23:38:08.798526+00:00,,,,,,,
5,DEN,1598.578576373478,-0.004055962280865671,-0.030797089355102794,0.04275544672404488,0.7549609826590161,2026-09-27T23:38:08.798526+00:00,2026_03_LA_DEN,LA,HOME,0.47851085647235997,23.162383390696917,0.2689301025369398,2026-09-27
6,JAX,1595.1707923365225,0.11012299299675794,-0.10000174199270703,0.2104579243398441,0.7780068531864353,2026-09-27T23:38:08.798526+00:00,,,,,,,
7,PHI,1588.1413497710996,0.027422088909743257,-0.03517089539652617,0.09649118143603615,0.704567037915559,2026-09-27T23:38:08.798526+00:00,2026_03_PHI_CHI,CHI,AWAY,0.6879063234263394,22.412751274985563,-0.1596157462922869,2026-09-28
8,LA,1582.6780660870074,0.06533342206654054,-0.029926957869857884,0.19668298113917976,0.6124501016438831,2026-09-27T23:38:08.798526+00:00,2026_03_LA_DEN,DEN,AWAY,0.5214891435276401,22.893453288159975,-0.2689301025369398,2026-09-27
9,KC,1563.8744508199047,0.017972366127617007,-0.03067964310834692,0.014744201972229323,0.526323549166798,2026-09-27T23:38:08.798526+00:00,,,,,,,
10,DET,1560.6076630039036,0.07814175570048229,0.07339762108152414,0.2037504734461017,0.5521992885515286,2026-09-27T23:38:08.798526+00:00,,,,,,,
11,NE,1546.7079224211677,0.03701240177189657,-0.04540402058776878,0.10941791945305014,0.6400741361428004,2026-09-27T23:38:08.798526+00:00,,,,,,,
12,BAL,1544.7524531386323,0.07594086700005542,0.016228836643160004,0.1180999810346212,0.4832145459524815,2026-09-27T23:38:08.798526+00:00,2026_03_BAL_DAL,DAL,AWAY,0.6297200604398131,23.551443176761005,1.5376482089444223,2026-09-27
13,PIT,1534.654664034104,-0.011421499618076085,0.0020353323046304952,-0.050989128442002464,0.6287486687259591,2026-09-27T23:38:08.798526+00:00,,,,,,,
14,HOU,1530.9346983192938,-0.023031749915078316,-0.038420540402211205,-0.010099480215144244,0.5352198448870267,2026-09-27T23:38:08.798526+00:00,,,,,,,
15,CHI,1527.5496816978543,0.08065778814782974,0.03275686605118342,0.10044841744366215,0.5201714314039665,2026-09-27T23:38:08.798526+00:00,2026_03_PHI_CHI,PHI,HOME,0.31209367657366055,22.572367021277852,0.1596157462922869,2026-09-28
16,CIN,1518.4500123764785,0.06638742090516384,0.03458649175132729,0.0726952438241307,0.48198429041438356,2026-09-27T23:38:08.798526+00:00,,,,,,,
17,GB,1487.9866603711537,0.020632271978979287,0.09182737150072298,0.05199997297576822,0.36367609339159845,2026-09-27T23:38:08.798526+00:00,,,,,,,
18,LAC,1462.3349487418088,-0.1018798275101486,-0.053938314164812144,-0.096596149537604,0.35356354582512095,2026-09-27T23:38:08.798526+00:00,,,,,,,
19,DAL,1461.197404853616,0.10885888043614148,0.14093124461936238,0.1902573706365708,0.4311385335023412,2026-09-27T23:38:08.798526+00:00,2026_03_BAL_DAL,BAL,HOME,0.3702799395601869,22.01379496781658,-1.5376482089444223,2026-09-27
20,NO,1456.4026700954325,-0.025965114250172543,-0.04506069679779406,0.044886655222303125,0.5048809289847649,2026-09-27T23:38:08.798526+00:00,2026_03_LV_NO,LV,HOME,0.6184845804822511,23.9472249562801,3.3849290294668615,2026-09-27
21,ATL,1450.9546898582025,-0.05748271443611724,-0.016174628184766972,-0.090195413536905,0.5251103116763348,2026-09-27T23:38:08.798526+00:00,,,,,,,
22,IND,1442.6699742307637,0.021000729085994103,0.07102045052058113,-0.07699747217884365,0.2917360682329123,2026-09-27T23:38:08.798526+00:00,,,,,,,
23,CLE,1434.4771036730167,-0.1091097420397709,-0.031112161708084382,-0.17372317798360065,0.5158540169449843,2026-09-27T23:38:08.798526+00:00,,,,,,,
24,TB,1433.9656064717537,-0.0028992196837952138,0.035465107999974106,-0.0734113365544455,0.23344069291866174,2026-09-27T23:38:08.798526+00:00,,,,,,,
25,WAS,1433.8789353926036,0.01210131148248159,0.09633303190576598,0.03125493177384493,0.356663653085009,2026-09-27T23:38:08.798526+00:00,,,,,,,
26,NYG,1428.8551516874627,0.0018601781334591418,0.023704474138107643,-0.05174425608851434,0.4627382773599703,2026-09-27T23:38:08.798526+00:00,,,,,,,
27,CAR,1428.4385413298444,-0.021680308403959507,0.006930503095161697,0.02325619074737198,0.3725434167675162,2026-09-27T23:38:08.798526+00:00,,,,,,,
28,LV,1411.0654528397731,-0.13834949739276212,-0.0562125665194318,-0.1428440864098513,0.4257316944009898,2026-09-27T23:38:08.798526+00:00,2026_03_LV_NO,NO,AWAY,0.3815154195177489,20.56229592681324,-3.3849290294668615,2026-09-27
29,ARI,1401.9160614305317,-0.047101764601268276,0.10021406236885733,-0.010421247147748544,0.16193665095979456,2026-09-27T23:38:08.798526+00:00,,,,,,,
30,MIA,1391.1129437248558,-0.055163803128672986,0.09863187455528029,-0.02885468126123963,0.28435875884533707,2026-09-27T23:38:08.798526+00:00,,,,,,,
31,NYJ,1366.8829518626405,-0.053759736309232774,0.0995397477689414,-0.06495179918615739,0.20883086228682415,2026-09-27T23:38:08.798526+00:00,,,,,,,
32,TEN,1298.769618969503,-0.09396237200578465,0.05643662802242225,-0.1701904955841278,0.13287107466170547,2026-09-27T23:38:08.798526+00:00,,,,,,,
