program_id,schema_version,game_id,research_only,production_authorized,completed_2026_outcomes_used,t60_consensus_spread,t60_spread_home_no_vig,t60_moneyline_home_no_vig,t30_consensus_spread,t30_spread_home_no_vig,t30_moneyline_home_no_vig,latest_prekick_consensus_spread,latest_prekick_spread_home_no_vig,latest_prekick_moneyline_home_no_vig
FV2-PROS-M1-MARKETSTATE-01,levline-m1-market-state-v1-diagnostic,2026_03_ARI_SF,True,False,0,,,,,,,,,
FV2-PROS-M1-MARKETSTATE-01,levline-m1-market-state-v1-diagnostic,2026_03_BAL_DAL,True,False,0,,,,,,,,,
FV2-PROS-M1-MARKETSTATE-01,levline-m1-market-state-v1-diagnostic,2026_03_CAR_CLE,True,False,0,1.5,0.4919675668131504,0.4572564612326044,,,,,,
FV2-PROS-M1-MARKETSTATE-01,levline-m1-market-state-v1-diagnostic,2026_03_CIN_PIT,True,False,0,3.0,0.4891657638136511,0.3883523069698828,,,,,,
FV2-PROS-M1-MARKETSTATE-01,levline-m1-market-state-v1-diagnostic,2026_03_HOU_IND,True,False,0,1.5,0.4989025408058969,0.4675324675324675,,,,,,
FV2-PROS-M1-MARKETSTATE-01,levline-m1-market-state-v1-diagnostic,2026_03_KC_MIA,True,False,0,9.5,0.4943504616655399,0.17387275357313445,,,,,,
FV2-PROS-M1-MARKETSTATE-01,levline-m1-market-state-v1-diagnostic,2026_03_LAC_BUF,True,False,0,-7.0,0.5065142074024032,0.7446808510638298,,,,,,
FV2-PROS-M1-MARKETSTATE-01,levline-m1-market-state-v1-diagnostic,2026_03_LA_DEN,True,False,0,,,,,,,,,
FV2-PROS-M1-MARKETSTATE-01,levline-m1-market-state-v1-diagnostic,2026_03_LV_NO,True,False,0,,,,,,,,,
FV2-PROS-M1-MARKETSTATE-01,levline-m1-market-state-v1-diagnostic,2026_03_MIN_TB,True,False,0,,,,,,,,,
FV2-PROS-M1-MARKETSTATE-01,levline-m1-market-state-v1-diagnostic,2026_03_NE_JAX,True,False,0,-2.5,0.5280385504862469,0.589630230779073,,,,,,
FV2-PROS-M1-MARKETSTATE-01,levline-m1-market-state-v1-diagnostic,2026_03_NYJ_DET,True,False,0,-6.5,0.513806287170773,0.7310792495898424,,,,,,
FV2-PROS-M1-MARKETSTATE-01,levline-m1-market-state-v1-diagnostic,2026_03_SEA_WAS,True,False,0,8.5,0.5,0.22727272727272727,,,,,,
FV2-PROS-M1-MARKETSTATE-01,levline-m1-market-state-v1-diagnostic,2026_03_TEN_NYG,True,False,0,-2.5,0.5061933404246298,0.5544863303306125,,,,,,
