program_id,schema_version,game_id,event_id,home_team,away_team,kickoff_timestamp_utc,decision_horizon,favorite_side,consensus_spread_t120,spread_favorite_no_vig_t120,moneyline_favorite_no_vig_t120,consensus_total_t120,spread_dispersion_t120,active_book_count_t120,median_quote_age_minutes_t120,stale_book_share_t120,favorite_spread_strength_move_t360_to_t120,spread_price_move_unchanged_number_t360_to_t120,movement_breadth_t360_to_t120,key_number_crossing_3_or_7_t360_to_t120,spread_moneyline_logit_residual_t120,research_only,production_authorized,completed_2026_outcomes_used
FV2-PROS-M1-MARKETSTATE-01,levline-m1-market-state-v1,2026_03_CAR_CLE,32657,CLE,CAR,2026-09-27T17:00:00+00:00,T-120m,away,1.5,0.5108342361863489,0.5427435387673956,41.75,2.220311678710285,18,1.8274292500000002,0.0,-0.5,0.001127982704760666,0.05555555555555555,0,-0.1280487570452916,True,False,0
FV2-PROS-M1-MARKETSTATE-01,levline-m1-market-state-v1,2026_03_CIN_PIT,32649,PIT,CIN,2026-09-27T17:00:00+00:00,T-120m,away,3.0,0.5108342361863489,0.613328135418918,42.5,1.208253509496197,18,1.8068745333333331,0.0,-0.5,-0.005455288189238572,-0.6666666666666666,1,-0.41797991959802294,True,False,0
FV2-PROS-M1-MARKETSTATE-01,levline-m1-market-state-v1,2026_03_HOU_IND,32654,IND,HOU,2026-09-27T17:00:00+00:00,T-120m,away,1.5,0.5010974591941031,0.5315711300547319,42.5,0.7617394000445604,18,1.8200417666666666,0.0,0.0,0.0,-0.3333333333333333,0,-0.122062908829384,True,False,0
FV2-PROS-M1-MARKETSTATE-01,levline-m1-market-state-v1,2026_03_KC_MIA,32650,MIA,KC,2026-09-27T17:00:00+00:00,T-120m,away,9.5,0.5,0.8252247574627493,45.0,3.848300089682055,18,1.807188833333333,0.0,-0.5,-0.013806287170773035,-0.7777777777777778,0,-1.552154962411219,True,False,0
FV2-PROS-M1-MARKETSTATE-01,levline-m1-market-state-v1,2026_03_LAC_BUF,32655,BUF,LAC,2026-09-27T17:00:00+00:00,T-120m,home,-7.0,0.5102490849123759,0.7446808510638298,50.0,2.3971011138456384,16,1.7644987416666666,0.0,-0.25,-0.005113646435318697,-0.6875,1,-1.0294393287253774,True,False,0
FV2-PROS-M1-MARKETSTATE-01,levline-m1-market-state-v1,2026_03_NE_JAX,32651,JAX,NE,2026-09-27T17:00:00+00:00,T-120m,home,-2.5,0.5226722194326864,0.5832230748875364,45.5,1.4677605348469895,18,1.8121120583333334,0.0,0.0,0.0,0.05555555555555555,0,-0.24526750880779585,True,False,0
FV2-PROS-M1-MARKETSTATE-01,levline-m1-market-state-v1,2026_03_NYJ_DET,32656,DET,NYJ,2026-09-27T17:00:00+00:00,T-120m,home,-6.5,0.5108342361863488,0.7264931992903608,48.5,2.6940277406010553,17,1.7673424666666666,0.0,0.0,0.0,0.23529411764705882,0,-0.9335589057922824,True,False,0
FV2-PROS-M1-MARKETSTATE-01,levline-m1-market-state-v1,2026_03_SEA_WAS,32652,WAS,SEA,2026-09-27T17:00:00+00:00,T-120m,away,8.5,0.5,0.7733061640346409,40.5,3.5737412186080086,17,1.7156957000000002,0.0,1.0,0.003487462148276721,0.5882352941176471,0,-1.2270746757893354,True,False,0
FV2-PROS-M1-MARKETSTATE-01,levline-m1-market-state-v1,2026_03_TEN_NYG,32653,NYG,TEN,2026-09-27T17:00:00+00:00,T-120m,home,-2.5,0.5015687905440749,0.552594002855783,37.5,1.6348821077291291,18,1.8070164833333333,0.0,0.0,0.0,0.3888888888888889,0,-0.2048819236656536,True,False,0
