home_win,season,market_prob,pure_prob,game_index
0,2022,0.47377843762281124,0.42180878869174626,2576
0,2022,0.3233821035611469,0.36751610027943593,2577
0,2022,0.5431472081218274,0.44735713884480827,2578
1,2022,0.30683501446004086,0.33361614055002364,2579
0,2022,0.7331798681594643,0.6401371609254434,2580
0,2022,0.312960235640648,0.378862137694958,2581
0,2022,0.2775800711743772,0.3276764102282506,2582
1,2022,0.5933014354066986,0.4474717260090799,2583
0,2022,0.29384534879040375,0.2825874885254943,2584
1,2022,0.5986798270759409,0.7040150009251586,2585
0,2022,0.30320780070978187,0.306009758993969,2586
1,2022,0.6265670845558816,0.6294056585644703,2587
1,2022,0.5419847328244275,0.3521020379318664,2588
0,2022,0.685385750480274,0.761882329801319,2589
0,2022,0.4433028919330289,0.5102420225942691,2590
1,2022,0.3029704839803284,0.6525101021859355,2591
1,2022,0.6354245784596689,0.7335831893407733,2592
0,2022,0.6063931297709924,0.515613860523987,2593
0,2022,0.6829002792370676,0.672041512735171,2594
1,2022,0.48044542229805576,0.4898017031362856,2595
1,2022,0.4034916946651176,0.3449522876310063,2596
0,2022,0.43500511770726713,0.2966215091862195,2597
1,2022,0.48044542229805576,0.42009308185049543,2598
0,2022,0.41493775933609955,0.35256277231283445,2599
1,2022,0.8001430041331682,0.6410067658168436,2600
1,2022,0.7678386211843623,0.5241282551391704,2601
1,2022,0.26978176462712544,0.6524285603230066,2602
1,2022,0.8025629436811645,0.5506350500540801,2603
0,2022,0.6721843886695558,0.5159929378817206,2604
1,2022,0.7834776815456361,0.6640768072391394,2605
1,2022,0.7739261492087415,0.6168882735062315,2606
1,2022,0.5704635785196144,0.5812611018322817,2607
1,2022,0.6557852820085941,0.5775288373643623,2608
1,2022,0.46097238299983456,0.3784275766598869,2609
1,2022,0.5949110703209063,0.5357966447467696,2610
1,2022,0.35166954823988805,0.2948953593902654,2611
1,2022,0.35449101796407184,0.3969419432839393,2612
1,2022,0.7069937235814012,0.5591020463081445,2613
0,2022,0.4259645555419216,0.6217947821350056,2614
0,2022,0.3050817654299279,0.3900837799111182,2615
1,2022,0.4491310290958797,0.6844611670889043,2616
0,2022,0.3136531365313653,0.40855716177234397,2617
0,2022,0.696132596685083,0.6376370557015011,2618
0,2022,0.38514560209200854,0.4420083085854562,2619
0,2022,0.5023229882921391,0.6543779758093015,2620
0,2022,0.5390276170001653,0.5984547968685492,2621
1,2022,0.489612188365651,0.3719524481889276,2622
0,2022,0.5327102803738317,0.22109808927233518,2623
1,2022,0.6379977530895019,0.3716558261897242,2624
0,2022,0.35166954823988805,0.5937858287943505,2625
1,2022,0.4953533757725013,0.383867912452544,2626
0,2022,0.3837038708949329,0.32490971423761794,2627
1,2022,0.5933014354066986,0.7047690317200044,2628
0,2022,0.6119390066215612,0.32860212138187095,2629
0,2022,0.3187935477713086,0.38952829442820286,2630
0,2022,0.6546257501981656,0.3601016404013378,2631
1,2022,0.5757997218358832,0.3690292060133885,2632
1,2022,0.6990396320844041,0.6380092314281077,2633
0,2022,0.6018002898771837,0.6552924944435377,2634
0,2022,0.5172913928296243,0.4941893041863311,2635
1,2022,0.7883116369247813,0.6097597153187603,2636
1,2022,0.5642421122306391,0.5489475435739185,2637
0,2022,0.5419847328244275,0.5075796745421699,2638
1,2022,0.5399277029247453,0.47365357771367955,2639
0,2022,0.6238261481421341,0.43722255555242273,2640
0,2022,0.7749165560874428,0.7571787134699466,2641
1,2022,0.8549293271728136,0.778702703026115,2642
0,2022,0.48044542229805576,0.5774829525380476,2643
0,2022,0.730924978687127,0.6619912649705924,2644
1,2022,0.7701094942408874,0.6518748235918808,2645
1,2022,0.5816746508332771,0.6218920105741027,2646
1,2022,0.6769093283838592,0.600525668339036,2647
1,2022,0.3966571791921516,0.2713997981277949,2648
1,2022,0.7868489845163884,0.6590896232312231,2649
0,2022,0.48837209302325585,0.3287853736229726,2650
0,2022,0.31808312064302313,0.3443133995680149,2651
0,2022,0.32886673747855216,0.4341338256427075,2652
0,2022,0.6697626418988648,0.49632053003963256,2653
1,2022,0.6114139890963924,0.5793950818509165,2654
1,2022,0.7408832128019694,0.7544539003977733,2655
0,2022,0.4672897196261682,0.5607090249601417,2656
1,2022,0.36674816625916873,0.4105922417751633,2657
0,2022,0.5697382574399427,0.5062452098385701,2658
0,2022,0.7603858721020694,0.7187968370256228,2659
1,2022,0.5357590966122961,0.5868437454582175,2660
0,2022,0.3794411866160745,0.4909679566768326,2661
0,2022,0.39360687022900764,0.5985243023492299,2662
1,2022,0.31808312064302313,0.4165851598027445,2663
1,2022,0.22937728315351283,0.37224336059586965,2664
1,2022,0.7810116153488234,0.665877185197346,2665
1,2022,0.43762053107847504,0.5911965781123952,2666
0,2022,0.4207141879874127,0.4816496532943239,2667
1,2022,0.723912553527158,0.598079269766492,2668
1,2022,0.6336902505251294,0.6736960656940312,2669
1,2022,0.5686556434219986,0.4522358831283067,2670
1,2022,0.7174723389148571,0.59635516881312,2671
1,2022,0.15527950310559005,0.2667545022424447,2672
1,2022,0.7098956093365133,0.5828187164330612,2673
1,2022,0.7149278269657159,0.664265754256111,2674
0,2022,0.6069415603678434,0.45844555305789775,2675
1,2022,0.5740354444580784,0.6428481608374201,2676
1,2022,0.35656010152897805,0.30511619834628423,2677
0,2022,0.453954604539546,0.5196475100831542,2678
1,2022,0.7429694587239188,0.6778870401767662,2679
0,2022,0.6679400834834022,0.497669004874632,2680
0,2022,0.497677011707861,0.4530099244076076,2681
1,2022,0.7264615702621697,0.5933177143238582,2682
0,2022,0.7728364052746279,0.6907533886870268,2683
0,2022,0.5480494766888677,0.6301678167238468,2684
0,2022,0.5046466242274987,0.6356976002584146,2685
1,2022,0.6499104422061458,0.6778151282860985,2686
1,2022,0.7868489845163884,0.597794873411134,2687
0,2022,0.36200224691049804,0.326783282621102,2688
1,2022,0.648330451760112,0.6163289138570105,2689
1,2022,0.46943325045014145,0.4577496283388854,2690
0,2022,0.4066985645933015,0.37416907615570083,2691
1,2022,0.8049780187088884,0.7050999255652546,2692
0,2022,0.478202846975089,0.2611996878090888,2693
0,2022,0.586736037934668,0.5819608175997858,2694
0,2022,0.5023229882921391,0.4963365929490248,2695
1,2022,0.6054283493752616,0.5299423499757911,2696
1,2022,0.7915272066558287,0.723250942558798,2697
1,2022,0.3951262751461066,0.3779016023672284,2698
0,2022,0.15167045527612721,0.22194309066823675,2699
0,2022,0.4248994579471935,0.5792303520090951,2700
0,2022,0.3582082253410925,0.4867377274689292,2701
1,2022,0.745785705017046,0.7588719016988557,2702
1,2022,0.36072889550018594,0.36523252588251104,2703
1,2022,0.451107083760145,0.4278834967544208,2704
1,2022,0.6618106139438086,0.5898994733638298,2705
1,2022,0.19386422976501305,0.23267902841436713,2706
0,2022,0.3880609933784388,0.3568739927935693,2707
0,2022,0.5480494766888677,0.40413699853563023,2708
1,2022,0.5971016303329377,0.6540642305915413,2709
1,2022,0.8461898356629043,0.698815098656333,2710
0,2022,0.4600722970752547,0.4747696312321054,2711
1,2022,0.4452291394795425,0.3206178108937231,2712
1,2022,0.5649948822927329,0.5474874000172123,2713
0,2022,0.7053108808290155,0.6451715080327115,2714
0,2022,0.5986798270759409,0.6224362504689931,2715
1,2022,0.7758985390740433,0.740382798363751,2716
1,2022,0.6224409126843496,0.5093011036710738,2717
1,2022,0.6700755434503315,0.7072615741513718,2718
1,2022,0.5240193918025562,0.43126260656003185,2719
1,2022,0.5605012156349355,0.6120300899557908,2720
0,2022,0.648330451760112,0.5949744894413483,2721
1,2022,0.35166954823988805,0.32088864078859747,2722
0,2022,0.6270426989984186,0.5514984690749012,2723
1,2022,0.7584745314828713,0.676614291189935,2724
0,2022,0.808051612079015,0.770959143558444,2725
0,2022,0.6148543979079913,0.5307095383188035,2726
1,2022,0.5660893345487694,0.47528622664311176,2727
1,2022,0.8392998896396833,0.7239374366601246,2728
1,2022,0.7561815774459886,0.7451560937752775,2729
0,2022,0.41493775933609955,0.3188057931491605,2730
0,2022,0.290309925460965,0.3413391677879144,2731
1,2022,0.629269318749507,0.6016836842388346,2732
1,2022,0.5399277029247453,0.6182985408916942,2733
0,2022,0.5986798270759409,0.671237353940114,2734
0,2022,0.5775497887748944,0.4477496283079134,2735
0,2022,0.4471717836540324,0.4219611673133782,2736
0,2022,0.37073068125049297,0.339817880767869,2737
0,2022,0.32106932575441594,0.2405745384784905,2738
0,2022,0.21561338289962823,0.31878502080086246,2739
0,2022,0.21945616020299694,0.2632380409824594,2740
1,2022,0.7905398342128594,0.7013815555031666,2741
1,2022,0.562379468921525,0.47845578126966154,2742
1,2022,0.4759806081974437,0.5029762389387445,2743
1,2022,0.3880609933784388,0.43307496292421344,2744
1,2022,0.3945716506247385,0.37090768896182175,2745
1,2022,0.8640691389767738,0.7661324013364971,2746
1,2022,0.7661538461538461,0.5014723933283608,2747
0,2022,0.5,0.46424120125833795,2748
1,2022,0.6297217024951262,0.5484111082808841,2749
0,2022,0.43762053107847504,0.47733545211903755,2750
0,2022,0.644674925573802,0.6754989153319713,2751
1,2022,0.8882601694532649,0.7784225263261937,2752
1,2022,0.7728364052746279,0.6780865721491606,2753
1,2022,0.7149278269657159,0.6999193137208124,2754
0,2022,0.5480494766888677,0.5842283709687462,2755
0,2022,0.3676233473073202,0.3197919985969135,2756
0,2022,0.48147562105834224,0.44406206157263256,2757
1,2022,0.7536076905268497,0.7468095699394446,2758
0,2022,0.37073068125049297,0.37459464321440783,2759
1,2022,0.5284039285250725,0.5408811773186362,2760
0,2022,0.25547879942829915,0.2625370063584432,2761
1,2022,0.5792858120125872,0.5942853331962378,2762
0,2022,0.45890354830779323,0.41048532545847494,2763
1,2022,0.6629225583423975,0.5675041955910598,2764
0,2022,0.276087446472842,0.28153569355365493,2765
1,2022,0.6711332625214478,0.5694355136220389,2766
1,2022,0.444104134762634,0.437770571288804,2767
1,2022,0.5668328047122791,0.5745764912058974,2768
1,2022,0.7963340122199594,0.771084483654517,2769
1,2022,0.6379977530895019,0.5530016385488637,2770
1,2022,0.2817523080884246,0.42805434380056473,2771
1,2022,0.7754085940036801,0.7490487240743217,2772
1,2022,0.6534585746204004,0.6922202377983728,2773
1,2022,0.90462674227086,0.7667952738075265,2774
1,2022,0.5547708605204575,0.3979279250057276,2775
0,2022,0.26994359387590655,0.34093224514754117,2776
0,2022,0.5399277029247453,0.4012436690880047,2777
0,2022,0.6119390066215612,0.6794671858547038,2778
0,2022,0.22616355195810023,0.22769488370289762,2779
0,2022,0.6495327102803738,0.6934460226438534,2780
1,2022,0.6455089820359281,0.6599684937739047,2781
1,2022,0.3960962679598783,0.43256630370068816,2782
0,2022,0.45801526717557256,0.37246651866655683,2783
0,2022,0.3871172000921022,0.4401228877097934,2784
1,2022,0.6362901596282077,0.6294818261533685,2785
1,2022,0.5922935486449755,0.30861399741532775,2786
1,2022,0.7397124442240952,0.736024331922361,2787
0,2022,0.5764909248055315,0.427761171597496,2788
0,2022,0.22937728315351283,0.2557362333282051,2789
0,2022,0.14421617245218096,0.23572271878014323,2790
1,2022,0.36370984037179227,0.26107714770554247,2791
1,2022,0.6789306742455842,0.5777781313821785,2792
0,2022,0.555895865237366,0.5397055065540035,2793
1,2022,0.534834771627026,0.3855514800432185,2794
1,2022,0.5500363507751557,0.4493584988614223,2795
1,2022,0.5971016303329377,0.4013756186509649,2796
0,2022,0.3900657414170928,0.4239280665090371,2797
0,2022,0.6522836814321781,0.6230440401996937,2798
1,2022,0.7579052432627578,0.7128220174254601,2799
0,2022,0.562379468921525,0.5303505831908085,2800
1,2022,0.7123342460695936,0.6639189662954587,2801
1,2022,0.4499636492248442,0.3869975767172163,2802
0,2022,0.2402841621395737,0.2741414860136121,2803
0,2022,0.6279229893276131,0.5037149695478602,2804
1,2022,0.7923696806592547,0.7105123495366705,2805
1,2022,0.6651251793972254,0.6054043248976615,2806
0,2022,0.4132639620653319,0.32854848440272577,2807
0,2022,0.6143408084559349,0.7353401942711042,2808
1,2022,0.7151211298942416,0.7236716242490416,2809
1,2022,0.6495327102803738,0.5503040637287517,2810
1,2022,0.5704635785196144,0.6270024106847577,2811
0,2022,0.629269318749507,0.5124492501992359,2812
1,2022,0.38227263180004206,0.49562637127596476,2813
0,2022,0.26028755577590484,0.3931994043681161,2814
0,2022,0.3676233473073202,0.49422858715662327,2815
0,2022,0.14616351195638383,0.2419890734588962,2816
1,2022,0.7151211298942416,0.5847338227864156,2817
1,2022,0.6686953451176703,0.7254218613447241,2818
0,2022,0.3650052779508833,0.4374640959251186,2819
1,2022,0.8495317115164828,0.7945514011014276,2820
1,2022,0.6002460024600246,0.5314163029300358,2821
1,2022,0.6776342863861725,0.5976276971839837,2822
0,2022,0.6735308890005023,0.7039885100920894,2823
1,2022,0.6310538349615464,0.5957242735788378,2824
0,2022,0.5262215623771888,0.5210648419139932,2825
0,2022,0.20583407465858716,0.26252961903804917,2826
1,2022,0.4827086071703758,0.646253398407229,2827
1,2022,0.617727368199958,0.5734672214816025,2828
1,2022,0.7176598944357621,0.5486338982169525,2829
0,2022,0.534834771627026,0.5219836856220335,2830
0,2022,0.22143025602054453,0.27766502528383546,2831
1,2022,0.7025285076846802,0.6277752194057493,2832
1,2022,0.6829002792370676,0.40798524708877615,2833
1,2022,0.7655188824223437,0.7218591755809346,2834
0,2022,0.2974714923153198,0.2788179912179919,2835
1,2022,0.8311808694065155,0.6568337326011262,2836
0,2022,0.5722567873303167,0.6428536513253761,2837
1,2022,0.6495327102803738,0.6965178916918857,2838
0,2022,0.6252015045674368,0.5794797105884565,2839
1,2022,0.5722567873303167,0.6142657500411318,2840
1,2022,0.6979212888691675,0.30725708854234957,2841
1,2022,0.8986974530501657,0.6811843921655176,2842
1,2022,0.6732289817653704,0.549993522822222,2843
1,2022,0.886302763694837,0.7848746216553519,2844
1,2022,0.25977238990598717,0.24689565054925014,2845
0,2022,0.7115258195992297,0.46010414753990886,2846
0,2023,0.6369041816941223,0.6672681653560255,2847
1,2023,0.6309403437815976,0.4870637050425893,2848
1,2023,0.7999999999999999,0.7020840246884207,2849
1,2023,0.4956702459300312,0.39291682674581196,2850
0,2023,0.35527082119976705,0.41959733449897907,2851
0,2023,0.644729178800233,0.6249469906456703,2852
1,2023,0.5720596355604638,0.5646111177817087,2853
0,2023,0.4782608695652174,0.40821641864529856,2854
1,2023,0.740871613663133,0.6985859924689394,2855
0,2023,0.5173641257162701,0.24095153038331643,2856
0,2023,0.593369754159424,0.4584830638351417,2857
0,2023,0.593369754159424,0.5697665324334817,2858
0,2023,0.3775334481388264,0.39883386449348,2859
0,2023,0.6574752261956054,0.6100419556806185,2860
0,2023,0.3962430290578221,0.4068957454535579,2861
1,2023,0.448558885283451,0.23526855290192,2862
1,2023,0.6750312469954812,0.5734235313451349,2863
1,2023,0.5720596355604638,0.4185605364916034,2864
1,2023,0.7477827050997783,0.712163623557153,2865
0,2023,0.6092362344582594,0.587673045413552,2866
0,2023,0.6574752261956054,0.6204696769206068,2867
0,2023,0.5,0.4710734026951038,2868
0,2023,0.3962430290578221,0.3986239227274704,2869
1,2023,0.551441114716549,0.7686062892008257,2870
1,2023,0.43650793650793646,0.34036440696095255,2871
0,2023,0.33635187580853815,0.43612899019074886,2872
0,2023,0.2591283863368669,0.3211573383024493,2873
1,2023,0.7600000000000001,0.7499189469282977,2874
0,2023,0.6369041816941223,0.5014420990411445,2875
0,2023,0.4572564612326044,0.45914946881295676,2876
0,2023,0.39076376554174075,0.4583694337420105,2877
1,2023,0.42794036443953615,0.5625181987633776,2878
1,2023,0.8081570996978852,0.7374277832408701,2879
0,2023,0.7600000000000001,0.7179064384216814,2880
1,2023,0.6224665518611737,0.5642730005611621,2881
1,2023,0.5996387718242023,0.5867741662943716,2882
1,2023,0.4675324675324675,0.6155915556406903,2883
0,2023,0.7600000000000001,0.7396659107308992,2884
1,2023,0.6853932584269663,0.6402936919929326,2885
0,2023,0.5,0.5295641588764993,2886
0,2023,0.43650793650793646,0.4028921301297095,2887
0,2023,0.3194444444444444,0.23511454531052833,2888
1,2023,0.6636481241914618,0.6228199774428195,2889
1,2023,0.16835016835016833,0.28318914485460805,2890
1,2023,0.8465011286681716,0.7954791624467208,2891
0,2023,0.5720596355604638,0.48636872292503075,2892
0,2023,0.30920711694593195,0.41619841595953244,2893
1,2023,0.593369754159424,0.650382760773646,2894
0,2023,0.43650793650793646,0.5975055778889804,2895
1,2023,0.6224665518611737,0.6053118868823267,2896
1,2023,0.5634920634920635,0.5963507011252209,2897
0,2023,0.33635187580853815,0.4064547929420472,2898
0,2023,0.4066302458405761,0.41339133472117057,2899
0,2023,0.448558885283451,0.4890381655398532,2900
1,2023,0.4066302458405761,0.4553754670248842,2901
0,2023,0.4891657638136511,0.48962324411783387,2902
0,2023,0.644729178800233,0.5635895745453812,2903
1,2023,0.7867435158501441,0.7338677684264452,2904
1,2023,0.4066302458405761,0.4613846843307163,2905
1,2023,0.725752508361204,0.6771679222119429,2906
1,2023,0.7095435684647302,0.689963145282835,2907
1,2023,0.8800000000000001,0.7660830592680031,2908
0,2023,0.2042241228835748,0.25455305470964107,2909
0,2023,0.43650793650793646,0.4599468811051163,2910
0,2023,0.690792883054068,0.7100105746098754,2911
0,2023,0.6853932584269663,0.7469605514565218,2912
1,2023,0.5634920634920635,0.49917125041966204,2913
1,2023,0.7867435158501441,0.7344131574586015,2914
1,2023,0.43650793650793646,0.433699010959506,2915
1,2023,0.8465011286681716,0.7177137158743239,2916
0,2023,0.551441114716549,0.4258993377190979,2917
1,2023,0.33099297893681046,0.36250692414367436,2918
0,2023,0.3962430290578221,0.46703043484392404,2919
0,2023,0.3690596562184025,0.37511679803800624,2920
0,2023,0.551441114716549,0.51969794059833,2921
0,2023,0.3835616438356164,0.3441490360411327,2922
1,2023,0.6164383561643836,0.7146706773090613,2923
1,2023,0.5173641257162701,0.45282628482683723,2924
1,2023,0.8316498316498315,0.7555709782693012,2925
0,2023,0.31460674157303364,0.4044377963362744,2926
0,2023,0.5324675324675325,0.5795609892835545,2927
0,2023,0.4003612281757977,0.37560920707473916,2928
1,2023,0.5829926410466066,0.4941510796666109,2929
1,2023,0.20863836017569545,0.24990863432042068,2930
1,2023,0.4572564612326044,0.45165597202757446,2931
1,2023,0.644729178800233,0.6563864957369027,2932
1,2023,0.8800000000000001,0.7570294547731344,2933
1,2023,0.5720596355604638,0.6844597668532475,2934
1,2023,0.740871613663133,0.6716041188486036,2935
1,2023,0.27792074112197634,0.2196246563482044,2936
0,2023,0.4066302458405761,0.5200137678852434,2937
1,2023,0.8869565217391304,0.782868137721865,2938
0,2023,0.4572564612326044,0.4734267010650793,2939
0,2023,0.5720596355604638,0.496144298078492,2940
1,2023,0.593369754159424,0.4980423481732266,2941
1,2023,0.43650793650793646,0.4479305409265251,2942
0,2023,0.3835616438356164,0.3915718914847106,2943
1,2023,0.23409789548356585,0.29415178510696544,2944
1,2023,0.4066302458405761,0.46624302320337424,2945
0,2023,0.5720596355604638,0.6246628703678123,2946
0,2023,0.6092362344582594,0.6218281349901469,2947
1,2023,0.7867435158501441,0.7243191608273838,2948
1,2023,0.5173641257162701,0.3783413999355823,2949
1,2023,0.6957699520733487,0.7468227676558618,2950
1,2023,0.5829926410466066,0.5173191011826515,2951
1,2023,0.26645768025078376,0.2518780055989206,2952
1,2023,0.7957758771164253,0.7352385049567522,2953
1,2023,0.4066302458405761,0.3953158596348095,2954
1,2023,0.725752508361204,0.6849703616854702,2955
0,2023,0.4956702459300312,0.4714835502447464,2956
0,2023,0.4572564612326044,0.4745184586384334,2957
1,2023,0.7600000000000001,0.7545950869722564,2958
0,2023,0.4066302458405761,0.514736168332258,2959
0,2023,0.448558885283451,0.4819712240542673,2960
1,2023,0.4572564612326044,0.49037918558533117,2961
0,2023,0.27792074112197634,0.2735797213975469,2962
1,2023,0.6369041816941223,0.7145125797891345,2963
0,2023,0.19999999999999998,0.2402405692970456,2964
1,2023,0.2591283863368669,0.25662086371435977,2965
0,2023,0.644729178800233,0.7168668667710443,2966
1,2023,0.7819063004846527,0.622806787041115,2967
1,2023,0.740871613663133,0.7110796274631127,2968
1,2023,0.6092362344582594,0.5525855088916126,2969
1,2023,0.5108342361863488,0.5909325401041446,2970
0,2023,0.6309403437815976,0.4131177103108823,2971
1,2023,0.7001620745542949,0.5919996463549172,2972
1,2023,0.8465011286681716,0.6740602058262651,2973
1,2023,0.6333661417322834,0.5354986925778406,2974
1,2023,0.5720596355604638,0.5594528197806816,2975
0,2023,0.5829926410466066,0.42497796486146117,2976
1,2023,0.7819063004846527,0.6672815985499364,2977
0,2023,0.4572564612326044,0.4964693794902205,2978
1,2023,0.5173641257162701,0.5661592718577488,2979
1,2023,0.6092362344582594,0.6112281180756818,2980
1,2023,0.5324675324675325,0.43726765267791934,2981
0,2023,0.3962430290578221,0.47157338776029084,2982
1,2023,0.6164383561643836,0.5376571864908851,2983
0,2023,0.4826358742837298,0.40194933181756237,2984
0,2023,0.690792883054068,0.7252701615968251,2985
0,2023,0.6853932584269663,0.6149497377193992,2986
0,2023,0.3962430290578221,0.39460401011735485,2987
1,2023,0.4170073589533933,0.5916144136057846,2988
1,2023,0.5996387718242023,0.4856478577702969,2989
1,2023,0.5634920634920635,0.5040163369253966,2990
1,2023,0.4572564612326044,0.3666772812566728,2991
0,2023,0.43650793650793646,0.48381401383127565,2992
1,2023,0.9197080291970804,0.7278175969030727,2993
1,2023,0.7001620745542949,0.5930421581088983,2994
1,2023,0.4891657638136511,0.5453917819716068,2995
0,2023,0.7659021045164341,0.7213874423333339,2996
1,2023,0.644729178800233,0.6707786808296794,2997
0,2023,0.16835016835016833,0.25786564324840205,2998
1,2023,0.5634920634920635,0.5203304688548327,2999
1,2023,0.7819063004846527,0.7508763904041136,3000
1,2023,0.4066302458405761,0.4811489446448801,3001
1,2023,0.6853932584269663,0.7075734191218723,3002
1,2023,0.7135512302607419,0.6364101695721995,3003
1,2023,0.8800000000000001,0.6675575631464091,3004
0,2023,0.7659021045164341,0.6844158505546156,3005
1,2023,0.8677165354330709,0.7554945676708644,3006
1,2023,0.7659021045164341,0.734236519194629,3007
1,2023,0.551441114716549,0.3465248379518465,3008
1,2023,0.5634920634920635,0.30284267665290493,3009
0,2023,0.5720596355604638,0.5167056599245454,3010
0,2023,0.7768331562167907,0.7093511003697398,3011
1,2023,0.8524590163934427,0.7262937474467468,3012
0,2023,0.2522172949002217,0.3536115597086128,3013
0,2023,0.19999999999999998,0.3036777137405655,3014
1,2023,0.4572564612326044,0.377755141281136,3015
0,2023,0.448558885283451,0.6377822046901968,3016
0,2023,0.4891657638136511,0.4118980915087697,3017
1,2023,0.5829926410466066,0.5069140754649872,3018
1,2023,0.34252477380439467,0.512632017363383,3019
1,2023,0.6092362344582594,0.6551796110911945,3020
0,2023,0.42794036443953615,0.3976351169287248,3021
1,2023,0.5324675324675325,0.3686994087543464,3022
0,2023,0.19999999999999998,0.3507369814170277,3023
1,2023,0.5720596355604638,0.5971962960760476,3024
0,2023,0.3962430290578221,0.3188278081516763,3025
0,2023,0.5996387718242023,0.7430984898891454,3026
1,2023,0.7999999999999999,0.7449235538575903,3027
1,2023,0.6037569709421778,0.5070069588860432,3028
0,2023,0.33635187580853815,0.37155472610278717,3029
0,2023,0.3630958183058778,0.3948470477554126,3030
0,2023,0.4675324675324675,0.44271307094441986,3031
0,2023,0.7095435684647302,0.788369604531668,3032
0,2023,0.4739134147382802,0.5177300056702886,3033
0,2023,0.2132564841498559,0.3592261277803603,3034
1,2023,0.6369041816941223,0.7191801612021944,3035
1,2023,0.6309403437815976,0.4696681861792538,3036
0,2023,0.42794036443953615,0.4966816358969103,3037
1,2023,0.30423004792665137,0.3918396631327992,3038
0,2023,0.8118668596237336,0.5904480066495961,3039
0,2023,0.7001620745542949,0.729147336091753,3040
0,2023,0.5324675324675325,0.5767164883556078,3041
1,2023,0.7508125677139762,0.7089027931320403,3042
1,2023,0.3962430290578221,0.2818960417579844,3043
1,2023,0.5720596355604638,0.6365133582136902,3044
1,2023,0.5634920634920635,0.4961900557984513,3045
1,2023,0.6805555555555556,0.7046178358601423,3046
1,2023,0.39076376554174075,0.4329547228124259,3047
0,2023,0.4170073589533933,0.40666894933359754,3048
1,2023,0.8720930232558138,0.7753398766631266,3049
0,2023,0.5324675324675325,0.5359776148037738,3050
0,2023,0.593369754159424,0.5583528605135348,3051
1,2023,0.6092362344582594,0.6584136695529829,3052
0,2023,0.8677165354330709,0.7082468973153607,3053
1,2023,0.30423004792665137,0.32363783664255275,3054
1,2023,0.593369754159424,0.4036181833976376,3055
1,2023,0.6092362344582594,0.6021793803768277,3056
1,2023,0.5260865852617197,0.470789866150273,3057
1,2023,0.690792883054068,0.5929460681537397,3058
1,2023,0.4170073589533933,0.3650761530309797,3059
1,2023,0.5720596355604638,0.6419541492973844,3060
0,2023,0.6574752261956054,0.6427135479369867,3061
1,2023,0.7440690150970525,0.7619852432417918,3062
0,2023,0.2042241228835748,0.2501635541368661,3063
1,2023,0.6853932584269663,0.5901881737657046,3064
0,2023,0.6037569709421778,0.6183192045438052,3065
0,2023,0.15349887133182846,0.21190330185512263,3066
1,2023,0.7179705215419501,0.6668301697906772,3067
1,2023,0.551441114716549,0.3809645997556466,3068
0,2023,0.33635187580853815,0.3701824450769279,3069
1,2023,0.3249687530045188,0.4418654679334242,3070
1,2023,0.6574752261956054,0.513228020883128,3071
1,2023,0.4170073589533933,0.40479738831589374,3072
0,2023,0.1475409836065574,0.380650268315307,3073
1,2023,0.5829926410466066,0.4594319135741605,3074
0,2023,0.3630958183058778,0.32960129887541745,3075
0,2023,0.4066302458405761,0.4346153152892457,3076
0,2023,0.42794036443953615,0.4852252620639517,3077
1,2023,0.5996387718242023,0.5118841682296897,3078
0,2023,0.4003612281757977,0.40026007441054867,3079
1,2023,0.4675324675324675,0.49204647088595094,3080
1,2023,0.6574752261956054,0.5697369206205946,3081
1,2023,0.5260865852617197,0.46949500651209397,3082
0,2023,0.740871613663133,0.6506428920096328,3083
0,2023,0.8223350253807106,0.7301030111094957,3084
1,2023,0.863013698630137,0.6784665099171103,3085
0,2023,0.7440690150970525,0.7048970336384829,3086
1,2023,0.7415045018878884,0.7214892008922771,3087
1,2023,0.6750312469954812,0.6455130953808612,3088
1,2023,0.6164383561643836,0.5317273292505539,3089
1,2023,0.8869565217391304,0.7448477869986136,3090
1,2023,0.5829926410466066,0.40472222892542714,3091
1,2023,0.6690070210631895,0.6025557312574051,3092
1,2023,0.6164383561643836,0.6153777397767037,3093
1,2023,0.6309403437815976,0.7058567395877802,3094
0,2023,0.2820294784580499,0.292963857816526,3095
0,2023,0.8465011286681716,0.7581651769276874,3096
0,2023,0.5720596355604638,0.621535116537807,3097
0,2023,0.12382234185733514,0.20042872299926484,3098
0,2023,0.6636481241914618,0.5571222442288498,3099
1,2023,0.6369041816941223,0.6240004453322895,3100
1,2023,0.7440690150970525,0.5270670916853775,3101
0,2023,0.5043297540699688,0.45811886609858204,3102
0,2023,0.4170073589533933,0.7664720714008338,3103
0,2023,0.4675324675324675,0.5733509409751331,3104
0,2023,0.3194444444444444,0.4096335971258855,3105
1,2023,0.7508125677139762,0.48921157027657286,3106
1,2023,0.644729178800233,0.7200947968597685,3107
0,2023,0.5634920634920635,0.46209783074942656,3108
1,2023,0.6092362344582594,0.5822442504616663,3109
1,2023,0.3775334481388264,0.33464841193159645,3110
0,2023,0.4170073589533933,0.37438608518368555,3111
1,2023,0.5720596355604638,0.648186838574389,3112
0,2023,0.6224665518611737,0.33089681836570034,3113
1,2023,0.6092362344582594,0.451941035654692,3114
1,2023,0.32872981910134214,0.25159534284424573,3115
0,2023,0.6805555555555556,0.7229427304514443,3116
0,2023,0.14205607476635515,0.2100481420040634,3117
0,2023,0.4170073589533933,0.5147227478484055,3118
1,2024,0.5720596355604638,0.3812149554515816,3119
1,2024,0.5427435387673957,0.47993911229679115,3120
0,2024,0.6309403437815976,0.4607661616378455,3121
1,2024,0.725752508361204,0.6566895885582682,3122
1,2024,0.6369041816941223,0.6070080343772184,3123
0,2024,0.7571884984025559,0.7469438383322327,3124
0,2024,0.4170073589533933,0.529055426821085,3125
1,2024,0.6164383561643836,0.6939314080399002,3126
1,2024,0.6309403437815976,0.7553648058904469,3127
0,2024,0.4891657638136511,0.48182267394222894,3128
1,2024,0.5829926410466066,0.5158058908387503,3129
1,2024,0.705033164260632,0.5538783772188826,3130
0,2024,0.5427435387673957,0.3681108986829982,3131
1,2024,0.6369041816941223,0.6974361065825042,3132
1,2024,0.6636481241914618,0.5555312826779049,3133
1,2024,0.6164383561643836,0.7757355953059224,3134
0,2024,0.551441114716549,0.42955140134950726,3135
0,2024,0.7867435158501441,0.736889704919928,3136
0,2024,0.33635187580853815,0.37805638625374505,3137
0,2024,0.7135512302607419,0.5674834732940964,3138
0,2024,0.7571884984025559,0.630661141999803,3139
1,2024,0.43650793650793646,0.6842380973317479,3140
0,2024,0.6037569709421778,0.5763987136890073,3141
1,2024,0.34252477380439467,0.284866772259092,3142
0,2024,0.3962430290578221,0.41569395143348853,3143
0,2024,0.3835616438356164,0.4904074829617373,3144
1,2024,0.5324675324675325,0.4564100343187039,3145
1,2024,0.4956702459300312,0.3696384546684925,3146
0,2024,0.4170073589533933,0.4732931602730341,3147
1,2024,0.7135512302607419,0.5832862897642584,3148
1,2024,0.690792883054068,0.5961346831487472,3149
0,2024,0.6957699520733487,0.6912819726761953,3150
1,2024,0.7095435684647302,0.6189862101443977,3151
0,2024,0.7001620745542949,0.6120345667869758,3152
1,2024,0.5324675324675325,0.49393135475024313,3153
1,2024,0.448558885283451,0.4718790445002763,3154
0,2024,0.5634920634920635,0.6044585509988284,3155
1,2024,0.5720596355604638,0.6451281484945386,3156
0,2024,0.6805555555555556,0.671082384594576,3157
0,2024,0.593369754159424,0.3776074336787549,3158
0,2024,0.6805555555555556,0.7515994003943322,3159
1,2024,0.644729178800233,0.6133574702883103,3160
0,2024,0.42794036443953615,0.41837210554447873,3161
0,2024,0.4782608695652174,0.4680173307337894,3162
1,2024,0.30920711694593195,0.32495992844922467,3163
0,2024,0.3962430290578221,0.4121536373881009,3164
1,2024,0.6574752261956054,0.7188932069254786,3165
0,2024,0.7477827050997783,0.7163635126850648,3166
0,2024,0.31460674157303364,0.3647967975879102,3167
1,2024,0.5634920634920635,0.3262942070189183,3168
0,2024,0.35527082119976705,0.3411185745346541,3169
1,2024,0.593369754159424,0.4757996461031801,3170
0,2024,0.551441114716549,0.5528909947596745,3171
1,2024,0.6750312469954812,0.6223913875087084,3172
1,2024,0.4572564612326044,0.4104577091544169,3173
0,2024,0.7768331562167907,0.6268894463804657,3174
1,2024,0.4891657638136511,0.5207436813814766,3175
0,2024,0.6164383561643836,0.6226057822037505,3176
1,2024,0.8118668596237336,0.7726256337032366,3177
0,2024,0.2559309849029475,0.3494583977086523,3178
1,2024,0.448558885283451,0.591936452764011,3179
1,2024,0.551441114716549,0.5326621816777513,3180
0,2024,0.551441114716549,0.5916109979892213,3181
1,2024,0.6224665518611737,0.4965506030001164,3182
1,2024,0.5634920634920635,0.4040635006323601,3183
1,2024,0.5634920634920635,0.6490185484173235,3184
1,2024,0.6369041816941223,0.6806619964022376,3185
0,2024,0.42794036443953615,0.3834356968893498,3186
1,2024,0.5173641257162701,0.39349012441633296,3187
1,2024,0.6224665518611737,0.5208143465450954,3188
0,2024,0.4572564612326044,0.449665305289771,3189
1,2024,0.5829926410466066,0.5348772653382657,3190
1,2024,0.5829926410466066,0.4129561640922107,3191
0,2024,0.7335423197492164,0.7017757821445394,3192
0,2024,0.4170073589533933,0.5101696111083637,3193
0,2024,0.725752508361204,0.6709984589002341,3194
0,2024,0.551441114716549,0.5349141520672573,3195
1,2024,0.6690070210631895,0.6241547567399904,3196
0,2024,0.3630958183058778,0.4276387708962133,3197
1,2024,0.4782608695652174,0.6212459277076433,3198
1,2024,0.7095435684647302,0.6708743031133739,3199
1,2024,0.6750312469954812,0.6529221972214123,3200
0,2024,0.30423004792665137,0.4169672519217609,3201
0,2024,0.39076376554174075,0.48122482804871464,3202
1,2024,0.7768331562167907,0.7077222991681267,3203
0,2024,0.551441114716549,0.45351162484161134,3204
0,2024,0.4170073589533933,0.5582500496589611,3205
0,2024,0.3835616438356164,0.4184728565656288,3206
0,2024,0.30920711694593195,0.44740793845261867,3207
0,2024,0.3835616438356164,0.5198619662122755,3208
0,2024,0.33099297893681046,0.4204511735172186,3209
0,2024,0.4739134147382802,0.3974274680621251,3210
0,2024,0.42794036443953615,0.4829215880686778,3211
1,2024,0.7179705215419501,0.630115329130475,3212
0,2024,0.593369754159424,0.46390379893587047,3213
1,2024,0.8081570996978852,0.7477917752886774,3214
0,2024,0.33099297893681046,0.32053166467605393,3215
1,2024,0.6037569709421778,0.5696443374533257,3216
1,2024,0.5829926410466066,0.6224822556255214,3217
0,2024,0.5173641257162701,0.5122083759261407,3218
0,2024,0.4003612281757977,0.4347496596041388,3219
1,2024,0.7477827050997783,0.6451548824667978,3220
1,2024,0.8081570996978852,0.7292165250361499,3221
0,2024,0.5634920634920635,0.4973196747498098,3222
1,2024,0.4003612281757977,0.6757591415424414,3223
0,2024,0.33635187580853815,0.41476237439780006,3224
1,2024,0.4739134147382802,0.4355196991019675,3225
1,2024,0.4170073589533933,0.4534215811691966,3226
0,2024,0.5720596355604638,0.5461060745031808,3227
1,2024,0.24000000000000005,0.290885725619464,3228
1,2024,0.8524590163934427,0.7547354404130031,3229
1,2024,0.6636481241914618,0.5702883409091574,3230
0,2024,0.3690596562184025,0.41920244807525026,3231
0,2024,0.6369041816941223,0.5683268910028062,3232
1,2024,0.27792074112197634,0.33109496959429713,3233
0,2024,0.4739134147382802,0.5811052343489532,3234
1,2024,0.725752508361204,0.5559919803725334,3235
0,2024,0.3962430290578221,0.41495653139948074,3236
1,2024,0.8465011286681716,0.7461087775948447,3237
0,2024,0.21809369951534735,0.28671321060437216,3238
1,2024,0.5260865852617197,0.5853558420513486,3239
1,2024,0.6750312469954812,0.5988585587803276,3240
1,2024,0.7001620745542949,0.7190571905307904,3241
1,2024,0.5720596355604638,0.47294805231638876,3242
1,2024,0.5996387718242023,0.5219055249646938,3243
1,2024,0.7779605263157894,0.7001408777282492,3244
1,2024,0.7095435684647302,0.7739080592963642,3245
1,2024,0.2559309849029475,0.40739825357580767,3246
1,2024,0.771505376344086,0.6577032042029735,3247
0,2024,0.4572564612326044,0.4382152151327071,3248
0,2024,0.34252477380439467,0.3987778787234075,3249
1,2024,0.593369754159424,0.517509614921506,3250
1,2024,0.5217391304347826,0.48408338667320566,3251
1,2024,0.740871613663133,0.5906669349316407,3252
0,2024,0.4170073589533933,0.40586159141080785,3253
0,2024,0.4675324675324675,0.5196458295578108,3254
1,2024,0.7179705215419501,0.6492013305008999,3255
1,2024,0.7768331562167907,0.6768703260496588,3256
1,2024,0.7001620745542949,0.7430473101915513,3257
1,2024,0.2820294784580499,0.4617929450548178,3258
0,2024,0.7335423197492164,0.6423303889620151,3259
0,2024,0.33099297893681046,0.26202394037539967,3260
0,2024,0.25341685649202733,0.39195818858627135,3261
1,2024,0.7600000000000001,0.7147139264464402,3262
1,2024,0.3690596562184025,0.4345539076648165,3263
0,2024,0.2820294784580499,0.40508430533774503,3264
0,2024,0.5260865852617197,0.6116744897931641,3265
1,2024,0.7600000000000001,0.6360997408305206,3266
1,2024,0.4572564612326044,0.6050568151288326,3267
0,2024,0.2491874322860238,0.46594260169915364,3268
0,2024,0.33099297893681046,0.33597460728296624,3269
0,2024,0.5634920634920635,0.5842295304197959,3270
1,2024,0.6690070210631895,0.5010187254664558,3271
0,2024,0.30423004792665137,0.34722346938207493,3272
1,2024,0.8720930232558138,0.7484315106294185,3273
1,2024,0.7768331562167907,0.6392201472550275,3274
0,2024,0.3630958183058778,0.41717414295243754,3275
1,2024,0.4891657638136511,0.5275780427008793,3276
0,2024,0.644729178800233,0.587296322694087,3277
1,2024,0.39076376554174075,0.3887537753453135,3278
0,2024,0.28644876973925815,0.28294902039464004,3279
1,2024,0.551441114716549,0.5666752557335596,3280
0,2024,0.6957699520733487,0.7018411209588671,3281
1,2024,0.5634920634920635,0.5711407062606857,3282
1,2024,0.5,0.4809244669826464,3283
0,2024,0.2491874322860238,0.4512626382625356,3284
1,2024,0.35527082119976705,0.34853559817673024,3285
0,2024,0.15999999999999998,0.23475054185440264,3286
0,2024,0.39076376554174075,0.3553053695807253,3287
0,2024,0.7571884984025559,0.7008612238342733,3288
0,2024,0.2428115015974441,0.2331412451498463,3289
1,2024,0.7508125677139762,0.694662827276522,3290
0,2024,0.2820294784580499,0.39124970380774443,3291
0,2024,0.827123695976155,0.7098325041100052,3292
0,2024,0.2949668357393679,0.3858042121634145,3293
1,2024,0.7135512302607419,0.4807265190648386,3294
1,2024,0.4891657638136511,0.5024820016038355,3295
0,2024,0.3962430290578221,0.45861117282255676,3296
0,2024,0.4003612281757977,0.3286480877937785,3297
1,2024,0.8042929292929294,0.787010202491071,3298
1,2024,0.661450015969339,0.6799382376063736,3299
1,2024,0.6092362344582594,0.5595725029073327,3300
1,2024,0.8524590163934427,0.7603015640738232,3301
0,2024,0.4826358742837298,0.5013924169502402,3302
0,2024,0.5829926410466066,0.5422244741512977,3303
0,2024,0.3690596562184025,0.4286488423021962,3304
1,2024,0.6224665518611737,0.6899797097294268,3305
0,2024,0.448558885283451,0.5334425053773819,3306
0,2024,0.5108342361863488,0.5496143362898394,3307
1,2024,0.6853932584269663,0.6567660413787098,3308
0,2024,0.28644876973925815,0.3084057620743475,3309
0,2024,0.43650793650793646,0.43466603830208367,3310
0,2024,0.593369754159424,0.5679891525290263,3311
1,2024,0.740871613663133,0.7115589906997202,3312
1,2024,0.7135512302607419,0.7151928405648955,3313
1,2024,0.6037569709421778,0.6099115053919822,3314
1,2024,0.7179705215419501,0.7459384406491623,3315
1,2024,0.6853932584269663,0.707002339470984,3316
0,2024,0.3194444444444444,0.4961056916160066,3317
1,2024,0.8677165354330709,0.7668576270104626,3318
1,2024,0.690792883054068,0.672084814462976,3319
1,2024,0.7335423197492164,0.7282803755718787,3320
0,2024,0.6037569709421778,0.4909407778706207,3321
0,2024,0.6092362344582594,0.560836571262081,3322
1,2024,0.3690596562184025,0.45475621109472486,3323
1,2024,0.593369754159424,0.6287223986709323,3324
1,2024,0.6750312469954812,0.7131555492745667,3325
0,2024,0.33099297893681046,0.5192029135559393,3326
0,2024,0.5829926410466066,0.4850195950665761,3327
0,2024,0.5634920634920635,0.46009546025265957,3328
0,2024,0.33099297893681046,0.2596567152715368,3329
1,2024,0.5829926410466066,0.4068232294545518,3330
0,2024,0.39076376554174075,0.542868077317603,3331
0,2024,0.2428115015974441,0.3832081331953682,3332
0,2024,0.08755760368663595,0.25873007625401057,3333
0,2024,0.31460674157303364,0.32477416486165955,3334
1,2024,0.690792883054068,0.5853249307722346,3335
1,2024,0.6750312469954812,0.6914142464338816,3336
0,2024,0.5427435387673957,0.6115976348112044,3337
0,2024,0.593369754159424,0.4514546611706945,3338
1,2024,0.6957699520733487,0.6508742661897807,3339
0,2024,0.4066302458405761,0.43446029795084057,3340
1,2024,0.7335423197492164,0.7297656333280843,3341
0,2024,0.2559309849029475,0.3838476275421422,3342
1,2024,0.5720596355604638,0.3995972478942295,3343
1,2024,0.6164383561643836,0.6894331990057678,3344
1,2024,0.7440690150970525,0.6796640821662743,3345
1,2024,0.8118668596237336,0.6812500610528905,3346
1,2024,0.3194444444444444,0.3540641810867997,3347
0,2024,0.2591283863368669,0.24337487912188277,3348
1,2024,0.817258883248731,0.7240419673078671,3349
1,2024,0.6369041816941223,0.5690391722708362,3350
0,2024,0.4066302458405761,0.3528103044061236,3351
1,2024,0.34252477380439467,0.4454707244485409,3352
0,2024,0.42794036443953615,0.40843182408215,3353
1,2024,0.8800000000000001,0.7602825452646459,3354
1,2024,0.5427435387673957,0.5019634386439561,3355
1,2024,0.4675324675324675,0.6247304078612839,3356
1,2024,0.34252477380439467,0.4261682104777297,3357
1,2024,0.8677165354330709,0.7546313148597911,3358
0,2024,0.4066302458405761,0.4200297259728878,3359
0,2024,0.3194444444444444,0.2977777185965711,3360
0,2024,0.3690596562184025,0.4177496860409565,3361
0,2024,0.27792074112197634,0.4544382503063959,3362
1,2024,0.6092362344582594,0.5963624673280257,3363
1,2024,0.740871613663133,0.6065952939221824,3364
1,2024,0.8042929292929294,0.7501355385673918,3365
1,2024,0.5043297540699688,0.4982680233451496,3366
0,2024,0.4675324675324675,0.5709439362570594,3367
1,2024,0.22849462365591394,0.4494113072414166,3368
1,2024,0.7335423197492164,0.7391313009669699,3369
1,2024,0.7999999999999999,0.7627489509351173,3370
0,2024,0.3962430290578221,0.3423649650097544,3371
1,2024,0.4956702459300312,0.5064114576363467,3372
1,2024,0.6309403437815976,0.7144737143635441,3373
0,2024,0.33099297893681046,0.2714399287246224,3374
1,2024,0.9258160237388724,0.8000720259181345,3375
0,2024,0.42794036443953615,0.4988918124116296,3376
0,2024,0.7600000000000001,0.6513965789849196,3377
0,2024,0.27424749163879597,0.4801666046720156,3378
0,2024,0.771505376344086,0.7793588571417224,3379
1,2024,0.6164383561643836,0.5420796032533144,3380
1,2024,0.4003612281757977,0.2863159367796235,3381
1,2024,0.5829926410466066,0.7710685201643699,3382
1,2024,0.8761776581426649,0.7737022738258287,3383
0,2024,0.5634920634920635,0.5019474177470264,3384
1,2024,0.6309403437815976,0.5512422149461571,3385
1,2024,0.7957758771164253,0.3348375397071352,3386
0,2024,0.2491874322860238,0.6129644751615254,3387
0,2024,0.2559309849029475,0.34097934506612115,3388
1,2024,0.5260865852617197,0.3692196390491119,3389
1,2024,0.5720596355604638,0.6018502095867211,3390
1,2025,0.7768331562167907,0.7439098732591475,3391
1,2025,0.39076376554174075,0.5869788128392859,3392
0,2025,0.4891657638136511,0.383934538245635,3393
0,2025,0.3249687530045188,0.3409679983318086,3394
1,2025,0.5043297540699688,0.45393961418964635,3395
1,2025,0.644729178800233,0.5353585256732244,3396
0,2025,0.5829926410466066,0.5311140035921155,3397
0,2025,0.299837925445705,0.3821416550655021,3398
0,2025,0.4170073589533933,0.48685136947429913,3399
1,2025,0.7179705215419501,0.6675638572560145,3400
1,2025,0.7867435158501441,0.7549378169142267,3401
0,2025,0.448558885283451,0.6128403707080562,3402
1,2025,0.5217391304347826,0.43521750025407335,3403
1,2025,0.5996387718242023,0.6559170262892747,3404
1,2025,0.4572564612326044,0.49160398588601995,3405
0,2025,0.4956702459300312,0.32160437650271645,3406
1,2025,0.6224665518611737,0.5902073642668321,3407
1,2025,0.863013698630137,0.8004509569966449,3408
1,2025,0.6309403437815976,0.7164562971708841,3409
1,2025,0.6750312469954812,0.635304701137585,3410
1,2025,0.7001620745542949,0.7811174835675085,3411
0,2025,0.5324675324675325,0.6621918230468566,3412
0,2025,0.4003612281757977,0.34568676630187256,3413
0,2025,0.28644876973925815,0.36918561291490626,3414
0,2025,0.6309403437815976,0.5055861341190832,3415
0,2025,0.31460674157303364,0.30367776538330393,3416
1,2025,0.725752508361204,0.6919057311483979,3417
1,2025,0.4572564612326044,0.4123191877800847,3418
0,2025,0.4739134147382802,0.41935967077140585,3419
0,2025,0.6164383561643836,0.6054774214060655,3420
0,2025,0.551441114716549,0.32072833703283316,3421
0,2025,0.3630958183058778,0.362932953205937,3422
1,2025,0.8524590163934427,0.7415659160528022,3423
1,2025,0.33635187580853815,0.3382749723006568,3424
1,2025,0.20863836017569545,0.24482159687774063,3425
1,2025,0.5324675324675325,0.5924610342622892,3426
1,2025,0.593369754159424,0.3943413082456252,3427
0,2025,0.4782608695652174,0.4638799044773089,3428
1,2025,0.6369041816941223,0.6588541479444169,3429
1,2025,0.7440690150970525,0.7424032617596023,3430
0,2025,0.3194444444444444,0.39284893551604383,3431
1,2025,0.5829926410466066,0.5982020640069591,3432
1,2025,0.5829926410466066,0.5292485356934423,3433
1,2025,0.7571884984025559,0.728765138137684,3434
1,2025,0.4675324675324675,0.36780815305871845,3435
1,2025,0.5324675324675325,0.5445307641751118,3436
0,2025,0.26645768025078376,0.3509055519107954,3437
0,2025,0.6805555555555556,0.5809751423929952,3438
0,2025,0.4675324675324675,0.4712495831552013,3439
1,2025,0.42794036443953615,0.42151877675775246,3440
1,2025,0.5634920634920635,0.35872342382835914,3441
1,2025,0.8933823529411765,0.7840213206785475,3442
1,2025,0.8118668596237336,0.8064265953024634,3443
1,2025,0.7819063004846527,0.589937477127064,3444
1,2025,0.6957699520733487,0.5064100841661171,3445
1,2025,0.2904564315352697,0.27342968777725357,3446
0,2025,0.3775334481388264,0.44343890423187154,3447
1,2025,0.6224665518611737,0.5560157281578114,3448
0,2025,0.6164383561643836,0.6603765949100722,3449
1,2025,0.42794036443953615,0.38605668136302906,3450
0,2025,0.5324675324675325,0.552154488638449,3451
0,2025,0.2559309849029475,0.31755042383009907,3452
1,2025,0.5720596355604638,0.48942594111030463,3453
1,2025,0.7913616398243045,0.5491579152218304,3454
0,2025,0.7819063004846527,0.6447721015457487,3455
0,2025,0.3630958183058778,0.3396801518745949,3456
0,2025,0.42794036443953615,0.7373250194376809,3457
1,2025,0.4782608695652174,0.4700513652286564,3458
1,2025,0.7508125677139762,0.6728644090148718,3459
1,2025,0.5217391304347826,0.5455245706457196,3460
0,2025,0.5108342361863488,0.5238602930730241,3461
0,2025,0.6574752261956054,0.6466017570930735,3462
0,2025,0.7768331562167907,0.7769251875891502,3463
0,2025,0.6164383561643836,0.5744840160694057,3464
0,2025,0.18274111675126903,0.28178859909635223,3465
0,2025,0.5829926410466066,0.5009839456593536,3466
0,2025,0.7659021045164341,0.7113185848320607,3467
1,2025,0.3630958183058778,0.4347018830243487,3468
1,2025,0.23409789548356585,0.2736378779274581,3469
0,2025,0.23409789548356585,0.37755325953417274,3470
0,2025,0.2522172949002217,0.5520673372112824,3471
1,2025,0.39076376554174075,0.39355297418802837,3472
1,2025,0.7913616398243045,0.6493098725488924,3473
0,2025,0.4891657638136511,0.3592659545569592,3474
0,2025,0.35527082119976705,0.41744950281855864,3475
0,2025,0.3690596562184025,0.430015004236813,3476
1,2025,0.705033164260632,0.7316323654372372,3477
1,2025,0.6224665518611737,0.6504567010283548,3478
1,2025,0.8720930232558138,0.7248143641816547,3479
1,2025,0.6309403437815976,0.5416565438592409,3480
1,2025,0.5634920634920635,0.38898549362898105,3481
1,2025,0.35527082119976705,0.3717145079566617,3482
0,2025,0.690792883054068,0.7370253621327845,3483
1,2025,0.3194444444444444,0.4364586439344581,3484
0,2025,0.4003612281757977,0.3952570068666738,3485
1,2025,0.6636481241914618,0.6346314340315742,3486
1,2025,0.5720596355604638,0.35313302945448805,3487
1,2025,0.8677165354330709,0.710834868312816,3488
0,2025,0.42794036443953615,0.5108134509171683,3489
0,2025,0.5043297540699688,0.49815054029173944,3490
0,2025,0.28644876973925815,0.33105282788637885,3491
1,2025,0.7768331562167907,0.7192227227790728,3492
0,2025,0.551441114716549,0.4318921698715976,3493
0,2025,0.23409789548356585,0.31913158948822956,3494
1,2025,0.5324675324675325,0.3123047357539106,3495
1,2025,0.5108342361863488,0.5534438049948215,3496
1,2025,0.705033164260632,0.6756665834893801,3497
1,2025,0.5996387718242023,0.6092556113458761,3498
1,2025,0.6037569709421778,0.5168970091414071,3499
0,2025,0.7477827050997783,0.656964969234528,3500
1,2025,0.5720596355604638,0.5626580235026787,3501
0,2025,0.23409789548356585,0.329098187277401,3502
0,2025,0.690792883054068,0.638270188745593,3503
1,2025,0.5829926410466066,0.4303843815410124,3504
1,2025,0.7600000000000001,0.7165538089738945,3505
1,2025,0.7600000000000001,0.7403027849412749,3506
0,2025,0.34252477380439467,0.3554421947873345,3507
1,2025,0.6309403437815976,0.630273478747052,3508
1,2025,0.9082568807339451,0.7956407142648115,3509
0,2025,0.4170073589533933,0.42067879377128475,3510
1,2025,0.84,0.6465929565468823,3511
0,2025,0.2132564841498559,0.4132295331844633,3512
0,2025,0.4066302458405761,0.5647584921772886,3513
0,2025,0.8118668596237336,0.700794505296419,3514
0,2025,0.8720930232558138,0.7737315247629634,3515
0,2025,0.5324675324675325,0.478375947132415,3516
1,2025,0.6853932584269663,0.7108032762262967,3517
0,2025,0.42794036443953615,0.3637693971627756,3518
1,2025,0.3775334481388264,0.4109620239660912,3519
0,2025,0.16835016835016833,0.2854714579202176,3520
1,2025,0.8869565217391304,0.7779958354600095,3521
0,2025,0.4572564612326044,0.43364533087071855,3522
1,2025,0.448558885283451,0.4666265866247863,3523
0,2025,0.42794036443953615,0.3988714627267489,3524
0,2025,0.6092362344582594,0.6031791449014435,3525
1,2025,0.7999999999999999,0.7349065983599271,3526
1,2025,0.725752508361204,0.6960098213623879,3527
0,2025,0.6805555555555556,0.6679338082259579,3528
1,2025,0.6574752261956054,0.6514447563846362,3529
1,2025,0.4891657638136511,0.5700079562118814,3530
1,2025,0.2132564841498559,0.30792045182074934,3531
0,2025,0.33099297893681046,0.5378673560523808,3532
1,2025,0.4572564612326044,0.6132007261186607,3533
0,2025,0.5720596355604638,0.500385657486691,3534
1,2025,0.740871613663133,0.7405562426767102,3535
0,2025,0.30920711694593195,0.4246216723220643,3536
0,2025,0.2132564841498559,0.39129286871148167,3537
1,2025,0.593369754159424,0.6238786044634486,3538
0,2025,0.5,0.5216065790109509,3539
1,2025,0.8677165354330709,0.7161878030643464,3540
1,2025,0.5720596355604638,0.5438208542492788,3541
0,2025,0.6574752261956054,0.5348822883719281,3542
1,2025,0.7095435684647302,0.7058019861173076,3543
1,2025,0.4170073589533933,0.3596775977211927,3544
0,2025,0.5720596355604638,0.5808980499941206,3545
0,2025,0.21809369951534735,0.2744017904049528,3546
1,2025,0.6853932584269663,0.5641910884181245,3547
0,2025,0.30423004792665137,0.2598687864585565,3548
0,2025,0.3690596562184025,0.4007073487464634,3549
1,2025,0.6092362344582594,0.6144894664033518,3550
0,2025,0.21809369951534735,0.28728453632145806,3551
1,2025,0.34252477380439467,0.43911661485166553,3552
1,2025,0.5829926410466066,0.5259149767449717,3553
0,2025,0.3630958183058778,0.4548959936187946,3554
1,2025,0.30920711694593195,0.40338940957483554,3555
1,2025,0.8761776581426649,0.7144745104192437,3556
1,2025,0.5829926410466066,0.5654624605655443,3557
0,2025,0.23409789548356585,0.40024601570703683,3558
1,2025,0.8761776581426649,0.7440400053880266,3559
1,2025,0.7135512302607419,0.7509901408001041,3560
1,2025,0.6574752261956054,0.593224288397731,3561
0,2025,0.13228346456692913,0.23968386204057562,3562
0,2025,0.448558885283451,0.45081182404826564,3563
0,2025,0.593369754159424,0.5523092498889665,3564
1,2025,0.4066302458405761,0.42200193131288394,3565
0,2025,0.5260865852617197,0.5270631700456127,3566
1,2025,0.7571884984025559,0.6863258335111427,3567
1,2025,0.7659021045164341,0.731415769604188,3568
0,2025,0.5829926410466066,0.5559246056458835,3569
1,2025,0.3775334481388264,0.3676820100438048,3570
0,2025,0.7571884984025559,0.6687642759264958,3571
0,2025,0.740871613663133,0.6295490137938681,3572
1,2025,0.18274111675126903,0.25031947496052626,3573
0,2025,0.31460674157303364,0.3157643709828531,3574
0,2025,0.6037569709421778,0.5863316535949394,3575
1,2025,0.6853932584269663,0.7296561562993802,3576
1,2025,0.4003612281757977,0.4572549388728441,3577
1,2025,0.6369041816941223,0.5956445304712529,3578
0,2025,0.299837925445705,0.32348386689441705,3579
1,2025,0.863013698630137,0.7526733144106452,3580
1,2025,0.8223350253807106,0.7501457336395657,3581
0,2025,0.4003612281757977,0.35877292386239346,3582
0,2025,0.27424749163879597,0.38865194566791134,3583
1,2025,0.7571884984025559,0.7487624253878692,3584
1,2025,0.6309403437815976,0.6325916101769732,3585
0,2025,0.2522172949002217,0.39943752299222685,3586
0,2025,0.7001620745542949,0.6859801091485128,3587
1,2025,0.7095435684647302,0.6825687550984815,3588
0,2025,0.644729178800233,0.6344653293059871,3589
1,2025,0.448558885283451,0.4105160499649503,3590
1,2025,0.4891657638136511,0.45458442413824884,3591
0,2025,0.42794036443953615,0.4376226809241911,3592
0,2025,0.7768331562167907,0.7128239103246576,3593
0,2025,0.20863836017569545,0.31598785328388657,3594
0,2025,0.19999999999999998,0.3415559066368852,3595
1,2025,0.7220792588780237,0.6876945551715413,3596
0,2025,0.6574752261956054,0.6737359184336534,3597
1,2025,0.4782608695652174,0.5463244532821032,3598
0,2025,0.705033164260632,0.5740271212436834,3599
1,2025,0.7571884984025559,0.743011554084387,3600
0,2025,0.4066302458405761,0.5370916791297079,3601
1,2025,0.827123695976155,0.5775389280658365,3602
1,2025,0.8761776581426649,0.710724527848804,3603
0,2025,0.690792883054068,0.5941899664224495,3604
0,2025,0.43650793650793646,0.4354938178339105,3605
0,2025,0.5720596355604638,0.44770106780387187,3606
1,2025,0.8720930232558138,0.6882970948361528,3607
1,2025,0.4739134147382802,0.4606544722602231,3608
1,2025,0.6805555555555556,0.6406038888954217,3609
1,2025,0.42794036443953615,0.42313882608336734,3610
1,2025,0.8720930232558138,0.6679658495048899,3611
1,2025,0.863013698630137,0.7955131580846655,3612
0,2025,0.6957699520733487,0.6248886634163782,3613
1,2025,0.6092362344582594,0.515654091634141,3614
1,2025,0.5260865852617197,0.5441570728743237,3615
0,2025,0.24000000000000005,0.35005266664907464,3616
1,2025,0.5173641257162701,0.37605259456396267,3617
1,2025,0.4170073589533933,0.4373409252977723,3618
0,2025,0.18274111675126903,0.3779573469696392,3619
0,2025,0.5260865852617197,0.42137800789891167,3620
0,2025,0.35527082119976705,0.6351975073273731,3621
1,2025,0.7179705215419501,0.5374479253880421,3622
0,2025,0.42794036443953615,0.3283756156911112,3623
1,2025,0.3775334481388264,0.2883284249068472,3624
0,2025,0.42794036443953615,0.5063683586923773,3625
0,2025,0.6092362344582594,0.6097344938748236,3626
0,2025,0.7768331562167907,0.6170204330268975,3627
1,2025,0.9039548022598869,0.7552534638966368,3628
0,2025,0.6224665518611737,0.5469774603445655,3629
0,2025,0.33635187580853815,0.48233642201099575,3630
0,2025,0.19999999999999998,0.4250165399936506,3631
1,2025,0.2491874322860238,0.40944020216155563,3632
0,2025,0.12000000000000002,0.41088690854521204,3633
0,2025,0.5173641257162701,0.6380603266121275,3634
0,2025,0.5634920634920635,0.7014560167680829,3635
0,2025,0.27792074112197634,0.2660020058524568,3636
1,2025,0.7440690150970525,0.6797464869843767,3637
1,2025,0.35527082119976705,0.2931479853222803,3638
0,2025,0.33635187580853815,0.38094655421962864,3639
1,2025,0.31460674157303364,0.5171733821137715,3640
0,2025,0.13228346456692913,0.2769324023039331,3641
0,2025,0.4782608695652174,0.41072904855675474,3642
0,2025,0.4066302458405761,0.5561333567694292,3643
0,2025,0.6037569709421778,0.6628175731469947,3644
1,2025,0.644729178800233,0.663501721865968,3645
1,2025,0.24000000000000005,0.25668462553549115,3646
1,2025,0.5829926410466066,0.6267889624440146,3647
0,2025,0.42794036443953615,0.47785261122059897,3648
1,2025,0.644729178800233,0.5770944137346763,3649
0,2025,0.7867435158501441,0.7450289244429646,3650
1,2025,0.8081570996978852,0.6893347394349374,3651
1,2025,0.8465011286681716,0.7902401795572619,3652
1,2025,0.8316498316498315,0.394112267814269,3653
1,2025,0.4003612281757977,0.3741935913215835,3654
1,2025,0.8524590163934427,0.7817911883693305,3655
0,2025,0.6164383561643836,0.6074539279519447,3656
1,2025,0.9039548022598869,0.6029680028681127,3657
1,2025,0.8933823529411765,0.7626662576704234,3658
1,2025,0.33635187580853815,0.336164130179444,3659
1,2025,0.8720930232558138,0.7082368182823505,3660
0,2025,0.6164383561643836,0.698267090498029,3661
1,2025,0.33635187580853815,0.4856846843710397,3662
